mode,step,topic,source_timestamp_ms,received_timestamp_ms,mirrored_timestamp_ms,latency_ms,payload_size,dropped,success_flag,recovered_flag,cpu_percent,memory_mb,payload_note,fault_type,severity
M1,0,/camera/image_raw,2.133,16.373,18.6752,14.2399,237,0,1,0,24.0346,191.5371,rgb_frame,,
M1,0,/audio/stream,-8.3199,11.0616,12.5791,19.3815,308,0,1,0,24.0346,191.5371,wav_chunk,,
M1,0,/robot_pose,3.7523,26.3121,28.5649,22.5598,323,0,1,0,24.0346,191.5371,pose_state,,
M1,0,/head_cmd,10.0,31.3187,32.8313,21.3187,278,0,1,0,24.0346,191.5371,gaze_adjust,,
M1,0,/speech_cmd,12.0,27.6131,30.5159,15.6131,253,0,1,0,24.0346,191.5371,comfort_prompt,,
M1,0,/event_log,14.0,32.7092,34.3645,18.7092,329,0,1,0,24.0346,191.5371,sync_tick,,
M1,0,/system_health,16.0,34.8305,36.6879,18.8305,234,0,1,0,24.0346,191.5371,system_ok,,
M1,1,/camera/image_raw,103.7262,120.3,122.0902,16.5738,207,0,1,0,23.4739,202.9966,rgb_frame,,
M1,1,/audio/stream,102.9236,123.587,126.6901,20.6634,249,0,1,0,23.4739,202.9966,wav_chunk,,
M1,1,/robot_pose,102.0637,116.9025,118.443,14.8389,295,0,1,0,23.4739,202.9966,pose_state,,
M1,1,/head_cmd,110.0,131.1725,133.807,21.1725,216,0,1,0,23.4739,202.9966,gaze_adjust,,
M1,1,/speech_cmd,112.0,131.1281,133.4215,19.1281,269,0,1,0,23.4739,202.9966,comfort_prompt,,
M1,1,/event_log,114.0,135.6852,138.0641,21.6852,296,0,1,0,23.4739,202.9966,sync_tick,,
M1,1,/system_health,116.0,134.4698,136.9011,18.4698,293,0,1,0,23.4739,202.9966,system_ok,,
M1,2,/camera/image_raw,189.7999,214.7215,216.2288,24.9216,314,0,1,0,22.2972,196.2296,rgb_frame,,
M1,2,/audio/stream,197.4426,209.6529,211.585,12.2103,265,0,1,0,22.2972,196.2296,wav_chunk,,
M1,2,/robot_pose,197.6481,218.9348,221.7038,21.2867,303,0,1,0,22.2972,196.2296,pose_state,,
M1,2,/head_cmd,210.0,227.5469,229.377,17.5469,307,0,1,0,22.2972,196.2296,gaze_adjust,,
M1,2,/speech_cmd,212.0,230.1766,231.356,18.1766,188,0,1,0,22.2972,196.2296,comfort_prompt,,
M1,2,/event_log,214.0,229.264,231.8617,15.264,264,0,1,0,22.2972,196.2296,sync_tick,,
M1,2,/system_health,216.0,237.7037,239.5619,21.7037,265,0,1,0,22.2972,196.2296,system_ok,,
M1,3,/camera/image_raw,304.3791,321.6746,322.918,17.2955,285,0,1,0,22.2719,195.9834,rgb_frame,,
M1,3,/audio/stream,297.5252,314.4701,316.6801,16.9449,284,0,1,0,22.2719,195.9834,wav_chunk,,
M1,3,/robot_pose,302.2839,322.8925,325.6248,20.6086,250,0,1,0,22.2719,195.9834,pose_state,,
M1,3,/head_cmd,310.0,327.1293,329.2655,17.1293,154,0,1,0,22.2719,195.9834,gaze_adjust,,
M1,3,/speech_cmd,312.0,325.034,326.1759,13.034,196,0,1,0,22.2719,195.9834,comfort_prompt,,
M1,3,/event_log,314.0,334.4216,335.8972,20.4216,233,0,1,0,22.2719,195.9834,sync_tick,,
M1,3,/system_health,316.0,340.0194,341.9344,24.0194,300,0,1,0,22.2719,195.9834,system_ok,,
M1,4,/camera/image_raw,393.4647,405.1424,407.69,11.6777,270,0,1,0,22.6271,199.3529,rgb_frame,,
M1,4,/audio/stream,398.3565,414.5669,415.6101,16.2104,260,0,1,0,22.6271,199.3529,wav_chunk,,
M1,4,/robot_pose,395.2499,411.7189,414.1051,16.469,257,0,1,0,22.6271,199.3529,pose_state,,
M1,4,/head_cmd,410.0,434.9941,437.0026,24.9941,194,0,1,0,22.6271,199.3529,gaze_adjust,,
M1,4,/speech_cmd,412.0,431.3041,433.6801,19.3041,337,0,1,0,22.6271,199.3529,comfort_prompt,,
M1,4,/event_log,414.0,435.9275,438.413,21.9275,343,0,1,0,22.6271,199.3529,sync_tick,,
M1,4,/system_health,416.0,429.832,431.5202,13.832,200,0,1,0,22.6271,199.3529,system_ok,,
M1,5,/camera/image_raw,497.2713,512.9117,515.3625,15.6404,306,0,1,0,22.7556,192.8817,rgb_frame,,
M1,5,/audio/stream,488.9865,516.6761,521.2072,27.6896,280,0,1,0,22.7556,192.8817,wav_chunk,,
M1,5,/robot_pose,503.1758,518.9203,519.4147,15.7446,272,0,1,0,22.7556,192.8817,pose_state,,
M1,5,/head_cmd,510.0,526.4509,528.3187,16.4509,219,0,1,0,22.7556,192.8817,gaze_adjust,,
M1,5,/speech_cmd,512.0,531.1395,534.1923,19.1395,265,0,1,0,22.7556,192.8817,comfort_prompt,,
M1,5,/event_log,514.0,533.0682,534.4396,19.0682,155,0,1,0,22.7556,192.8817,sync_tick,,
M1,5,/system_health,516.0,533.7575,535.9145,17.7575,362,0,1,0,22.7556,192.8817,system_ok,,
M1,6,/camera/image_raw,600.9119,617.254,621.1568,16.3421,206,0,1,0,21.6966,194.2977,rgb_frame,,
M1,6,/audio/stream,607.8619,630.4589,631.9365,22.597,311,0,1,0,21.6966,194.2977,wav_chunk,,
M1,6,/robot_pose,597.5035,618.2863,620.361,20.7828,253,0,1,0,21.6966,194.2977,pose_state,,
M1,6,/head_cmd,610.0,626.6239,629.1807,16.6239,228,0,1,0,21.6966,194.2977,gaze_adjust,,
M1,6,/speech_cmd,612.0,626.3406,627.5182,14.3406,266,0,1,0,21.6966,194.2977,comfort_prompt,,
M1,6,/event_log,614.0,639.5594,641.8874,25.5594,248,0,1,0,21.6966,194.2977,sync_tick,,
M1,6,/system_health,616.0,636.3863,639.6311,20.3863,269,0,1,0,21.6966,194.2977,system_ok,,
M1,7,/camera/image_raw,697.1235,711.6328,712.7383,14.5093,355,0,1,0,24.6893,197.5131,rgb_frame,,
M1,7,/audio/stream,708.8503,735.1522,737.2086,26.3019,233,0,1,0,24.6893,197.5131,wav_chunk,,
M1,7,/robot_pose,702.1438,727.3968,728.7111,25.253,202,0,1,0,24.6893,197.5131,pose_state,,
M1,7,/head_cmd,710.0,731.9805,733.8648,21.9805,255,0,1,0,24.6893,197.5131,gaze_adjust,,
M1,7,/speech_cmd,712.0,730.7534,733.2235,18.7534,340,0,1,0,24.6893,197.5131,comfort_prompt,,
M1,7,/event_log,714.0,733.7696,736.4847,19.7696,132,0,1,0,24.6893,197.5131,sync_tick,,
M1,7,/system_health,716.0,735.2123,736.7378,19.2123,182,0,1,0,24.6893,197.5131,system_ok,,
M1,8,/camera/image_raw,793.8529,811.2034,813.1413,17.3505,316,0,1,0,21.541,197.0858,rgb_frame,,
M1,8,/audio/stream,797.327,818.7667,822.0366,21.4397,246,0,1,0,21.541,197.0858,wav_chunk,,
M1,8,/robot_pose,804.5795,821.0829,823.1038,16.5034,270,0,1,0,21.541,197.0858,pose_state,,
M1,8,/head_cmd,810.0,829.9935,831.326,19.9935,261,0,1,0,21.541,197.0858,gaze_adjust,,
M1,8,/speech_cmd,812.0,832.2001,836.4141,20.2001,368,0,1,0,21.541,197.0858,comfort_prompt,,
M1,8,/event_log,814.0,829.8742,831.8443,15.8742,168,0,1,0,21.541,197.0858,sync_tick,,
M1,8,/system_health,816.0,832.9244,835.3768,16.9244,328,0,1,0,21.541,197.0858,system_ok,,
M1,9,/camera/image_raw,894.8964,911.4546,912.9531,16.5582,250,0,1,0,22.8211,194.0252,rgb_frame,,
M1,9,/audio/stream,894.7668,906.4119,907.4382,11.645,383,0,1,0,22.8211,194.0252,wav_chunk,,
M1,9,/robot_pose,889.2636,902.7898,904.1124,13.5263,366,0,1,0,22.8211,194.0252,pose_state,,
M1,9,/head_cmd,910.0,940.2962,941.559,30.2962,233,0,1,0,22.8211,194.0252,gaze_adjust,,
M1,9,/speech_cmd,912.0,932.0422,935.6251,20.0422,196,0,1,0,22.8211,194.0252,comfort_prompt,,
M1,9,/event_log,914.0,931.6948,934.5167,17.6948,282,0,1,0,22.8211,194.0252,sync_tick,,
M1,9,/system_health,916.0,933.1713,935.2643,17.1713,173,0,1,0,22.8211,194.0252,system_ok,,
M1,10,/camera/image_raw,998.3328,1020.7787,1023.103,22.4459,277,0,1,0,22.3891,198.3203,rgb_frame,,
M1,10,/audio/stream,997.8689,1016.4766,1018.6766,18.6077,212,0,1,0,22.3891,198.3203,wav_chunk,,
M1,10,/robot_pose,1001.1608,1020.8219,1022.944,19.661,381,0,1,0,22.3891,198.3203,pose_state,,
M1,10,/head_cmd,1010.0,1034.6885,1037.1971,24.6885,210,0,1,0,22.3891,198.3203,gaze_adjust,,
M1,10,/speech_cmd,1012.0,1025.9454,1029.0983,13.9454,271,0,1,0,22.3891,198.3203,comfort_prompt,,
M1,10,/event_log,1014.0,1034.3156,1035.1199,20.3156,311,0,1,0,22.3891,198.3203,sync_tick,,
M1,10,/system_health,1016.0,1036.2127,1037.5244,20.2127,227,0,1,0,22.3891,198.3203,system_ok,,
M1,11,/camera/image_raw,1101.846,1120.8531,1124.2303,19.0071,102,0,1,0,22.8862,196.2945,rgb_frame,,
M1,11,/audio/stream,1100.4197,1117.8692,1120.2104,17.4494,273,0,1,0,22.8862,196.2945,wav_chunk,,
M1,11,/robot_pose,1098.5391,1115.4483,1116.2429,16.9092,275,0,1,0,22.8862,196.2945,pose_state,,
M1,11,/head_cmd,1110.0,1135.3062,1136.2791,25.3062,307,0,1,0,22.8862,196.2945,gaze_adjust,,
M1,11,/speech_cmd,1112.0,1129.0827,1131.2337,17.0827,192,0,1,0,22.8862,196.2945,comfort_prompt,,
M1,11,/event_log,1114.0,1131.059,1134.299,17.059,290,0,1,0,22.8862,196.2945,sync_tick,,
M1,11,/system_health,1116.0,1141.3261,1144.468,25.3261,282,0,1,0,22.8862,196.2945,system_ok,,
M1,12,/camera/image_raw,1212.2075,1228.4613,1231.453,16.2538,185,0,1,0,22.6738,197.1863,rgb_frame,,
M1,12,/audio/stream,1203.5119,1225.6848,1227.7323,22.1729,326,0,1,0,22.6738,197.1863,wav_chunk,,
M1,12,/robot_pose,1204.1399,1226.1869,1229.8434,22.0469,299,0,1,0,22.6738,197.1863,pose_state,,
M1,12,/head_cmd,1210.0,1222.7553,1224.9017,12.7553,185,0,1,0,22.6738,197.1863,gaze_adjust,,
M1,12,/speech_cmd,1212.0,1228.9704,1232.3793,16.9704,294,0,1,0,22.6738,197.1863,comfort_prompt,,
M1,12,/event_log,1214.0,1230.2477,1231.6368,16.2477,257,0,1,0,22.6738,197.1863,sync_tick,,
M1,12,/system_health,1216.0,1230.1772,1231.8403,14.1772,274,0,1,0,22.6738,197.1863,system_ok,,
M1,13,/camera/image_raw,1308.0872,1330.088,1333.5809,22.0008,132,0,1,0,23.3348,197.2017,rgb_frame,,
M1,13,/audio/stream,1304.8701,1322.8509,1325.5236,17.9808,161,0,1,0,23.3348,197.2017,wav_chunk,,
M1,13,/robot_pose,1288.5436,1314.7926,1317.2873,26.249,306,0,1,0,23.3348,197.2017,pose_state,,
M1,13,/head_cmd,1310.0,1328.0615,1330.9125,18.0615,320,0,1,0,23.3348,197.2017,gaze_adjust,,
M1,13,/speech_cmd,1312.0,1333.2767,1335.6643,21.2767,272,0,1,0,23.3348,197.2017,comfort_prompt,,
M1,13,/event_log,1314.0,1330.8919,1332.9738,16.8919,246,0,1,0,23.3348,197.2017,sync_tick,,
M1,13,/system_health,1316.0,1337.8788,1340.8787,21.8788,192,0,1,0,23.3348,197.2017,system_ok,,
M1,14,/camera/image_raw,1399.1249,1422.3708,1424.58,23.2459,335,0,1,0,22.0955,197.5665,rgb_frame,,
M1,14,/audio/stream,1411.8516,1435.1472,1438.0206,23.2955,289,0,1,0,22.0955,197.5665,wav_chunk,,
M1,14,/robot_pose,1396.2821,1425.461,1427.4969,29.179,135,0,1,0,22.0955,197.5665,pose_state,,
M1,14,/head_cmd,1410.0,1436.2854,1438.1192,26.2854,262,0,1,0,22.0955,197.5665,gaze_adjust,,
M1,14,/speech_cmd,1412.0,1437.1066,1438.0247,25.1066,180,0,1,0,22.0955,197.5665,comfort_prompt,,
M1,14,/event_log,1414.0,1427.4632,1429.0279,13.4632,282,0,1,0,22.0955,197.5665,sync_tick,,
M1,14,/system_health,1416.0,1437.9651,1440.3861,21.9651,171,0,1,0,22.0955,197.5665,system_ok,,
M1,15,/camera/image_raw,1483.8293,1504.3749,1507.183,20.5456,269,0,1,0,23.5053,198.9655,rgb_frame,,
M1,15,/audio/stream,1500.4348,1522.5478,1524.184,22.1129,245,0,1,0,23.5053,198.9655,wav_chunk,,
M1,15,/robot_pose,1497.6411,1518.4209,1521.2773,20.7798,232,0,1,0,23.5053,198.9655,pose_state,,
M1,15,/head_cmd,1510.0,1532.0773,1534.0647,22.0773,248,0,1,0,23.5053,198.9655,gaze_adjust,,
M1,15,/speech_cmd,1512.0,1535.3107,1535.9163,23.3107,178,0,1,0,23.5053,198.9655,comfort_prompt,,
M1,15,/event_log,1514.0,1528.0639,1528.397,14.0639,215,0,1,0,23.5053,198.9655,sync_tick,,
M1,15,/system_health,1516.0,1538.9904,1540.9625,22.9904,267,0,1,0,23.5053,198.9655,system_ok,,
M1,16,/camera/image_raw,1607.6245,1623.591,1625.3155,15.9665,167,0,1,0,24.4889,197.258,rgb_frame,,
M1,16,/audio/stream,1610.6215,1626.385,1628.2986,15.7635,304,0,1,0,24.4889,197.258,wav_chunk,,
M1,16,/robot_pose,1599.6543,1625.8535,1626.9477,26.1991,279,0,1,0,24.4889,197.258,pose_state,,
M1,16,/head_cmd,1610.0,1625.1539,1627.7336,15.1539,248,0,1,0,24.4889,197.258,gaze_adjust,,
M1,16,/speech_cmd,1612.0,1623.9924,1626.9351,11.9924,219,0,1,0,24.4889,197.258,comfort_prompt,,
M1,16,/event_log,1614.0,1631.1805,1632.5247,17.1805,216,0,1,0,24.4889,197.258,sync_tick,,
M1,16,/system_health,1616.0,1637.0276,1639.0762,21.0276,275,0,1,0,24.4889,197.258,system_ok,,
M1,17,/camera/image_raw,1702.5335,1720.681,1723.7727,18.1476,279,0,1,0,21.3755,199.9882,rgb_frame,,
M1,17,/audio/stream,1710.5653,1729.5143,1731.9933,18.949,373,0,1,0,21.3755,199.9882,wav_chunk,,
M1,17,/robot_pose,1698.2861,1726.0675,1728.323,27.7814,265,0,1,0,21.3755,199.9882,pose_state,,
M1,17,/head_cmd,1710.0,1733.7785,1735.3019,23.7785,275,0,1,0,21.3755,199.9882,gaze_adjust,,
M1,17,/speech_cmd,1712.0,1731.3701,1733.8212,19.3701,205,0,1,0,21.3755,199.9882,comfort_prompt,,
M1,17,/event_log,1714.0,1727.1152,1727.6569,13.1152,188,0,1,0,21.3755,199.9882,sync_tick,,
M1,17,/system_health,1716.0,1733.6388,1735.6043,17.6388,372,0,1,0,21.3755,199.9882,system_ok,,
M1,18,/camera/image_raw,1807.742,1828.3359,1831.0312,20.5939,235,0,1,0,22.5522,196.2038,rgb_frame,,
M1,18,/audio/stream,1792.3033,1816.4113,1817.6978,24.108,256,0,1,0,22.5522,196.2038,wav_chunk,,
M1,18,/robot_pose,1801.7385,1831.9819,1834.3603,30.2433,341,0,1,0,22.5522,196.2038,pose_state,,
M1,18,/head_cmd,1810.0,1830.2187,1832.8833,20.2187,252,0,1,0,22.5522,196.2038,gaze_adjust,,
M1,18,/speech_cmd,1812.0,1831.171,1832.7474,19.171,281,0,1,0,22.5522,196.2038,comfort_prompt,,
M1,18,/event_log,1814.0,1830.4465,1833.179,16.4465,321,0,1,0,22.5522,196.2038,sync_tick,,
M1,18,/system_health,1816.0,1837.3188,1839.2898,21.3188,283,0,1,0,22.5522,196.2038,system_ok,,
M1,19,/camera/image_raw,1897.8393,1911.856,1915.1471,14.0167,309,0,1,0,22.6308,191.4257,rgb_frame,,
M1,19,/audio/stream,1907.4844,1924.6034,1925.6014,17.119,78,0,1,0,22.6308,191.4257,wav_chunk,,
M1,19,/robot_pose,1890.843,1908.666,1912.8023,17.823,282,0,1,0,22.6308,191.4257,pose_state,,
M1,19,/head_cmd,1910.0,1927.7587,1930.3307,17.7587,162,0,1,0,22.6308,191.4257,gaze_adjust,,
M1,19,/speech_cmd,1912.0,1930.8077,1933.0873,18.8077,250,0,1,0,22.6308,191.4257,comfort_prompt,,
M1,19,/event_log,1914.0,1937.1602,1939.6359,23.1602,296,0,1,0,22.6308,191.4257,sync_tick,,
M1,19,/system_health,1916.0,1933.2435,1936.1617,17.2435,353,0,1,0,22.6308,191.4257,system_ok,,
M1,20,/camera/image_raw,1993.209,2011.0925,2014.4565,17.8835,263,0,1,0,22.7895,200.9307,rgb_frame,,
M1,20,/audio/stream,1992.8984,2013.585,2017.0368,20.6866,234,0,1,0,22.7895,200.9307,wav_chunk,,
M1,20,/robot_pose,2006.6789,2022.5681,2024.4092,15.8892,283,0,1,0,22.7895,200.9307,pose_state,,
M1,20,/head_cmd,2010.0,2023.3906,2026.1006,13.3906,223,0,1,0,22.7895,200.9307,gaze_adjust,,
M1,20,/speech_cmd,2012.0,2036.2449,2036.5295,24.2449,208,0,1,0,22.7895,200.9307,comfort_prompt,,
M1,20,/event_log,2014.0,2026.9078,2028.4468,12.9078,270,0,1,0,22.7895,200.9307,sync_tick,,
M1,20,/system_health,2016.0,2034.9368,2036.934,18.9368,246,0,1,0,22.7895,200.9307,system_ok,,
M1,21,/camera/image_raw,2101.4237,2123.0422,2125.4793,21.6184,378,0,1,0,23.7289,198.0781,rgb_frame,,
M1,21,/audio/stream,2091.9317,2110.9756,2112.93,19.0439,210,0,1,0,23.7289,198.0781,wav_chunk,,
M1,21,/robot_pose,2103.5342,2118.7975,2120.0019,15.2633,202,0,1,0,23.7289,198.0781,pose_state,,
M1,21,/head_cmd,2110.0,2129.1096,2131.577,19.1096,259,0,1,0,23.7289,198.0781,gaze_adjust,,
M1,21,/speech_cmd,2112.0,2128.3302,2131.2503,16.3302,300,0,1,0,23.7289,198.0781,comfort_prompt,,
M1,21,/event_log,2114.0,2132.7537,2134.4314,18.7537,288,0,1,0,23.7289,198.0781,sync_tick,,
M1,21,/system_health,2116.0,2136.1442,2137.1857,20.1442,251,0,1,0,23.7289,198.0781,system_ok,,
M1,22,/camera/image_raw,2201.8343,2225.9099,2227.9079,24.0756,277,0,1,0,21.3997,200.7413,rgb_frame,,
M1,22,/audio/stream,2192.8024,2202.2466,2203.5215,9.4441,238,0,1,0,21.3997,200.7413,wav_chunk,,
M1,22,/robot_pose,2200.9492,2215.7445,2218.516,14.7953,375,0,1,0,21.3997,200.7413,pose_state,,
M1,22,/head_cmd,2210.0,2224.3774,2225.9074,14.3774,270,0,1,0,21.3997,200.7413,gaze_adjust,,
M1,22,/speech_cmd,2212.0,2237.5283,2238.7504,25.5283,270,0,1,0,21.3997,200.7413,comfort_prompt,,
M1,22,/event_log,2214.0,2240.369,2241.2476,26.369,179,0,1,0,21.3997,200.7413,sync_tick,,
M1,22,/system_health,2216.0,2233.3894,2235.1729,17.3894,304,0,1,0,21.3997,200.7413,system_ok,,
M1,23,/camera/image_raw,2301.6916,2319.1945,2320.8852,17.5029,288,0,1,0,22.3647,200.5685,rgb_frame,,
M1,23,/audio/stream,2285.8003,2308.8652,2311.4237,23.0649,154,0,1,0,22.3647,200.5685,wav_chunk,,
M1,23,/robot_pose,2302.5771,2324.7424,2326.115,22.1653,270,0,1,0,22.3647,200.5685,pose_state,,
M1,23,/head_cmd,2310.0,2324.3183,2326.8753,14.3183,207,0,1,0,22.3647,200.5685,gaze_adjust,,
M1,23,/speech_cmd,2312.0,2326.8827,2329.6537,14.8827,270,0,1,0,22.3647,200.5685,comfort_prompt,,
M1,23,/event_log,2314.0,2331.5573,2334.9182,17.5573,229,0,1,0,22.3647,200.5685,sync_tick,,
M1,23,/system_health,2316.0,2336.1416,2338.5568,20.1416,218,0,1,0,22.3647,200.5685,system_ok,,
M1,24,/camera/image_raw,2403.298,2412.5547,2416.0435,9.2567,408,0,1,0,24.4989,194.0864,rgb_frame,,
M1,24,/audio/stream,2395.7324,2413.0192,2413.6697,17.2868,237,0,1,0,24.4989,194.0864,wav_chunk,,
M1,24,/robot_pose,2397.9418,2415.7048,2417.7528,17.763,189,0,1,0,24.4989,194.0864,pose_state,,
M1,24,/head_cmd,2410.0,2431.2261,2433.8457,21.2261,166,0,1,0,24.4989,194.0864,gaze_adjust,,
M1,24,/speech_cmd,2412.0,2433.7047,2437.5468,21.7047,266,0,1,0,24.4989,194.0864,comfort_prompt,,
M1,24,/event_log,2414.0,2431.5586,2433.645,17.5586,292,0,1,0,24.4989,194.0864,sync_tick,,
M1,24,/system_health,2416.0,2427.9852,2430.3167,11.9852,232,0,1,0,24.4989,194.0864,system_ok,,
M1,25,/camera/image_raw,2512.9348,2533.9318,2535.4365,20.997,266,0,1,0,21.7859,198.6443,rgb_frame,,
M1,25,/audio/stream,2498.6066,2523.1761,2525.117,24.5695,154,0,1,0,21.7859,198.6443,wav_chunk,,
M1,25,/robot_pose,2508.3394,2527.9886,2529.4666,19.6491,235,0,1,0,21.7859,198.6443,pose_state,,
M1,25,/head_cmd,2510.0,2529.393,2530.2285,19.393,159,0,1,0,21.7859,198.6443,gaze_adjust,,
M1,25,/speech_cmd,2512.0,2533.6476,2535.4295,21.6476,102,0,1,0,21.7859,198.6443,comfort_prompt,,
M1,25,/event_log,2514.0,2536.8588,2539.2767,22.8588,213,0,1,0,21.7859,198.6443,sync_tick,,
M1,25,/system_health,2516.0,2530.4521,2533.3207,14.4521,276,0,1,0,21.7859,198.6443,system_ok,,
M1,26,/camera/image_raw,2616.6782,2638.9473,2642.1487,22.2691,224,0,1,0,22.8164,199.287,rgb_frame,,
M1,26,/audio/stream,2603.3615,2621.3886,2623.2054,18.0271,303,0,1,0,22.8164,199.287,wav_chunk,,
M1,26,/robot_pose,2601.9385,2627.7008,2629.5337,25.7623,230,0,1,0,22.8164,199.287,pose_state,,
M1,26,/head_cmd,2610.0,2631.0251,2633.0285,21.0251,313,0,1,0,22.8164,199.287,gaze_adjust,,
M1,26,/speech_cmd,2612.0,2622.7617,2624.3003,10.7617,209,0,1,0,22.8164,199.287,comfort_prompt,,
M1,26,/event_log,2614.0,2624.4873,2625.9164,10.4873,201,0,1,0,22.8164,199.287,sync_tick,,
M1,26,/system_health,2616.0,2634.9643,2638.0547,18.9643,241,0,1,0,22.8164,199.287,system_ok,,
M1,27,/camera/image_raw,2692.7843,2714.5139,2716.5367,21.7296,294,0,1,0,21.9264,194.4504,rgb_frame,,
M1,27,/audio/stream,2699.5444,2718.9852,2721.7465,19.4408,193,0,1,0,21.9264,194.4504,wav_chunk,,
M1,27,/robot_pose,2705.2459,2724.6929,2726.7244,19.447,183,0,1,0,21.9264,194.4504,pose_state,,
M1,27,/head_cmd,2710.0,2723.2415,2725.9901,13.2415,234,0,1,0,21.9264,194.4504,gaze_adjust,,
M1,27,/speech_cmd,2712.0,2727.4063,2729.5293,15.4063,323,0,1,0,21.9264,194.4504,comfort_prompt,,
M1,27,/event_log,2714.0,2724.3724,2725.3751,10.3724,200,0,1,0,21.9264,194.4504,sync_tick,,
M1,27,/system_health,2716.0,2741.3401,2743.7662,25.3401,302,0,1,0,21.9264,194.4504,system_ok,,
M1,28,/camera/image_raw,2792.0189,2810.6116,2813.0341,18.5928,265,0,1,0,23.0641,198.5365,rgb_frame,,
M1,28,/audio/stream,2791.0437,2813.4982,2816.3438,22.4545,158,0,1,0,23.0641,198.5365,wav_chunk,,
M1,28,/robot_pose,2802.2391,2812.5934,2815.5948,10.3544,327,0,1,0,23.0641,198.5365,pose_state,,
M1,28,/head_cmd,2810.0,2825.261,2825.9731,15.261,261,0,1,0,23.0641,198.5365,gaze_adjust,,
M1,28,/speech_cmd,2812.0,2835.0668,2838.7049,23.0668,286,0,1,0,23.0641,198.5365,comfort_prompt,,
M1,28,/event_log,2814.0,2831.8566,2833.3421,17.8566,256,0,1,0,23.0641,198.5365,sync_tick,,
M1,28,/system_health,2816.0,2834.1464,2835.5343,18.1464,378,0,1,0,23.0641,198.5365,system_ok,,
M1,29,/camera/image_raw,2912.4962,2934.3184,2937.5181,21.8222,294,0,1,0,23.9405,198.791,rgb_frame,,
M1,29,/audio/stream,2909.0884,2932.1005,2934.81,23.0121,276,0,1,0,23.9405,198.791,wav_chunk,,
M1,29,/robot_pose,2895.3957,2908.3134,2910.5803,12.9176,222,0,1,0,23.9405,198.791,pose_state,,
M1,29,/head_cmd,2910.0,2924.9327,2928.4781,14.9327,359,0,1,0,23.9405,198.791,gaze_adjust,,
M1,29,/speech_cmd,2912.0,2937.4889,2939.8931,25.4889,337,0,1,0,23.9405,198.791,comfort_prompt,,
M1,29,/event_log,2914.0,2934.1003,2936.4625,20.1003,190,0,1,0,23.9405,198.791,sync_tick,,
M1,29,/system_health,2916.0,2937.64,2939.8883,21.64,177,0,1,0,23.9405,198.791,system_ok,,
M1,30,/camera/image_raw,2999.6416,3019.7918,3022.0272,20.1502,243,0,1,0,23.9836,197.032,rgb_frame,,
M1,30,/audio/stream,2999.3622,3014.1875,3016.2667,14.8254,211,0,1,0,23.9836,197.032,wav_chunk,,
M1,30,/robot_pose,3008.9878,3023.1416,3025.7506,14.1538,279,0,1,0,23.9836,197.032,pose_state,,
M1,30,/head_cmd,3010.0,3022.0082,3024.1101,12.0082,315,0,1,0,23.9836,197.032,gaze_adjust,,
M1,30,/speech_cmd,3012.0,3035.392,3038.4126,23.392,258,0,1,0,23.9836,197.032,comfort_prompt,,
M1,30,/event_log,3014.0,3029.7749,3031.1079,15.7749,276,0,1,0,23.9836,197.032,sync_tick,,
M1,30,/system_health,3016.0,3036.6722,3039.9021,20.6722,321,0,1,0,23.9836,197.032,system_ok,,
M1,31,/camera/image_raw,3099.0744,3115.8462,3118.2485,16.7718,225,0,1,0,23.239,196.4342,rgb_frame,,
M1,31,/audio/stream,3090.0464,3106.6175,3109.0666,16.5711,231,0,1,0,23.239,196.4342,wav_chunk,,
M1,31,/robot_pose,3098.4045,3118.4643,3120.8828,20.0598,187,0,1,0,23.239,196.4342,pose_state,,
M1,31,/head_cmd,3110.0,3127.1584,3130.5086,17.1584,186,0,1,0,23.239,196.4342,gaze_adjust,,
M1,31,/speech_cmd,3112.0,3122.6167,3123.3273,10.6167,257,0,1,0,23.239,196.4342,comfort_prompt,,
M1,31,/event_log,3114.0,3133.207,3135.3129,19.207,328,0,1,0,23.239,196.4342,sync_tick,,
M1,31,/system_health,3116.0,3124.392,3126.9088,8.392,349,0,1,0,23.239,196.4342,system_ok,,
M1,32,/camera/image_raw,3192.1055,3216.3982,3220.0681,24.2927,235,0,1,0,22.0162,196.0865,rgb_frame,,
M1,32,/audio/stream,3196.9615,3223.1645,3225.393,26.203,361,0,1,0,22.0162,196.0865,wav_chunk,,
M1,32,/robot_pose,3196.2355,3214.4451,3216.7499,18.2095,277,0,1,0,22.0162,196.0865,pose_state,,
M1,32,/head_cmd,3210.0,3241.2981,3244.1792,31.2981,213,0,1,0,22.0162,196.0865,gaze_adjust,,
M1,32,/speech_cmd,3212.0,3234.4587,3236.3692,22.4587,226,0,1,0,22.0162,196.0865,comfort_prompt,,
M1,32,/event_log,3214.0,3236.2171,3238.442,22.2171,272,0,1,0,22.0162,196.0865,sync_tick,,
M1,32,/system_health,3216.0,3234.6387,3237.1079,18.6387,281,0,1,0,22.0162,196.0865,system_ok,,
M1,33,/camera/image_raw,3286.4412,3307.0441,3308.6893,20.6029,305,0,1,0,21.4135,196.8364,rgb_frame,,
M1,33,/audio/stream,3305.3326,3320.2308,3322.1053,14.8983,220,0,1,0,21.4135,196.8364,wav_chunk,,
M1,33,/robot_pose,3295.0899,3315.1705,3317.5936,20.0806,195,0,1,0,21.4135,196.8364,pose_state,,
M1,33,/head_cmd,3310.0,3333.1641,3335.4145,23.1641,142,0,1,0,21.4135,196.8364,gaze_adjust,,
M1,33,/speech_cmd,3312.0,3324.4326,3326.6227,12.4326,242,0,1,0,21.4135,196.8364,comfort_prompt,,
M1,33,/event_log,3314.0,3333.8533,3336.0309,19.8533,269,0,1,0,21.4135,196.8364,sync_tick,,
M1,33,/system_health,3316.0,3340.0576,3341.3687,24.0576,185,0,1,0,21.4135,196.8364,system_ok,,
M1,34,/camera/image_raw,3392.3467,3405.1961,3406.7297,12.8494,222,0,1,0,22.5255,189.9952,rgb_frame,,
M1,34,/audio/stream,3402.3113,3420.3431,3422.574,18.0318,237,0,1,0,22.5255,189.9952,wav_chunk,,
M1,34,/robot_pose,3406.2247,3430.0875,3431.7466,23.8627,204,0,1,0,22.5255,189.9952,pose_state,,
M1,34,/head_cmd,3410.0,3431.5809,3432.5523,21.5809,279,0,1,0,22.5255,189.9952,gaze_adjust,,
M1,34,/speech_cmd,3412.0,3432.0756,3434.1576,20.0756,351,0,1,0,22.5255,189.9952,comfort_prompt,,
M1,34,/event_log,3414.0,3431.1765,3435.0248,17.1765,242,0,1,0,22.5255,189.9952,sync_tick,,
M1,34,/system_health,3416.0,3430.5573,3432.8132,14.5573,191,0,1,0,22.5255,189.9952,system_ok,,
M1,35,/camera/image_raw,3494.7377,3518.3804,3521.7294,23.6427,287,0,1,0,22.3156,199.7647,rgb_frame,,
M1,35,/audio/stream,3503.1763,3527.6426,3528.338,24.4663,236,0,1,0,22.3156,199.7647,wav_chunk,,
M1,35,/robot_pose,3502.7779,3518.3225,3520.6179,15.5446,221,0,1,0,22.3156,199.7647,pose_state,,
M1,35,/head_cmd,3510.0,3528.348,3532.0537,18.348,245,0,1,0,22.3156,199.7647,gaze_adjust,,
M1,35,/speech_cmd,3512.0,3532.6678,3534.682,20.6678,260,0,1,0,22.3156,199.7647,comfort_prompt,,
M1,35,/event_log,3514.0,3533.0367,3535.5954,19.0367,325,0,1,0,22.3156,199.7647,sync_tick,,
M1,35,/system_health,3516.0,3541.6022,3544.0499,25.6022,291,0,1,0,22.3156,199.7647,system_ok,,
M1,36,/camera/image_raw,3591.9439,3615.0204,3617.613,23.0765,328,0,1,0,23.9526,197.5925,rgb_frame,,
M1,36,/audio/stream,3599.297,3619.9853,3621.9008,20.6883,276,0,1,0,23.9526,197.5925,wav_chunk,,
M1,36,/robot_pose,3604.7014,3612.51,3615.0163,7.8085,37,0,1,0,23.9526,197.5925,pose_state,,
M1,36,/head_cmd,3610.0,3622.637,3625.1985,12.637,284,0,1,0,23.9526,197.5925,gaze_adjust,,
M1,36,/speech_cmd,3612.0,3626.8812,3628.5115,14.8812,338,0,1,0,23.9526,197.5925,comfort_prompt,,
M1,36,/event_log,3614.0,3631.5948,3635.5891,17.5948,255,0,1,0,23.9526,197.5925,sync_tick,,
M1,36,/system_health,3616.0,3637.163,3640.6565,21.163,263,0,1,0,23.9526,197.5925,system_ok,,
M1,37,/camera/image_raw,3692.9836,3708.8354,3711.7749,15.8518,258,0,1,0,21.4988,196.2837,rgb_frame,,
M1,37,/audio/stream,3699.1222,3716.8116,3718.9267,17.6894,269,0,1,0,21.4988,196.2837,wav_chunk,,
M1,37,/robot_pose,3699.8219,3721.1098,3722.51,21.2879,193,0,1,0,21.4988,196.2837,pose_state,,
M1,37,/head_cmd,3710.0,3733.2393,3735.1094,23.2393,170,0,1,0,21.4988,196.2837,gaze_adjust,,
M1,37,/speech_cmd,3712.0,3732.5959,3735.1665,20.5959,164,0,1,0,21.4988,196.2837,comfort_prompt,,
M1,37,/event_log,3714.0,3733.7385,3736.527,19.7385,278,0,1,0,21.4988,196.2837,sync_tick,,
M1,37,/system_health,3716.0,3737.3485,3738.4251,21.3485,275,0,1,0,21.4988,196.2837,system_ok,,
M1,38,/camera/image_raw,3797.8817,3822.1267,3824.2389,24.245,277,0,1,0,24.6272,202.0242,rgb_frame,,
M1,38,/audio/stream,3796.1377,3818.1908,3820.4877,22.0531,263,0,1,0,24.6272,202.0242,wav_chunk,,
M1,38,/robot_pose,3804.3528,3826.6336,3828.7862,22.2808,212,0,1,0,24.6272,202.0242,pose_state,,
M1,38,/head_cmd,3810.0,3827.3279,3830.035,17.3279,256,0,1,0,24.6272,202.0242,gaze_adjust,,
M1,38,/speech_cmd,3812.0,3832.3467,3835.0827,20.3467,233,0,1,0,24.6272,202.0242,comfort_prompt,,
M1,38,/event_log,3814.0,3836.0108,3838.5139,22.0108,181,0,1,0,24.6272,202.0242,sync_tick,,
M1,38,/system_health,3816.0,3840.755,3842.5544,24.755,156,0,1,0,24.6272,202.0242,system_ok,,
M1,39,/camera/image_raw,3892.6847,3914.175,3916.6469,21.4903,274,0,1,0,22.6988,196.0569,rgb_frame,,
M1,39,/audio/stream,3891.8316,3912.4825,3915.1754,20.6508,129,0,1,0,22.6988,196.0569,wav_chunk,,
M1,39,/robot_pose,3900.2609,3917.8146,3918.2705,17.5538,258,0,1,0,22.6988,196.0569,pose_state,,
M1,39,/head_cmd,3910.0,3928.993,3932.0294,18.993,327,0,1,0,22.6988,196.0569,gaze_adjust,,
M1,39,/speech_cmd,3912.0,3931.8226,3933.6223,19.8226,285,0,1,0,22.6988,196.0569,comfort_prompt,,
M1,39,/event_log,3914.0,3930.8998,3933.0987,16.8998,315,0,1,0,22.6988,196.0569,sync_tick,,
M1,39,/system_health,3916.0,3932.7804,3935.625,16.7804,296,0,1,0,22.6988,196.0569,system_ok,,
M1,40,/camera/image_raw,3993.3165,4009.6166,4011.3865,16.3001,288,0,1,0,23.1121,194.8655,rgb_frame,,
M1,40,/audio/stream,4007.7912,4023.7056,4026.2556,15.9145,181,0,1,0,23.1121,194.8655,wav_chunk,,
M1,40,/robot_pose,4003.4928,4022.4135,4024.7012,18.9207,402,0,1,0,23.1121,194.8655,pose_state,,
M1,40,/head_cmd,4010.0,4024.2277,4027.6053,14.2277,264,0,1,0,23.1121,194.8655,gaze_adjust,,
M1,40,/speech_cmd,4012.0,4033.3817,4035.6763,21.3817,282,0,1,0,23.1121,194.8655,comfort_prompt,,
M1,40,/event_log,4014.0,4033.1222,4036.4855,19.1222,228,0,1,0,23.1121,194.8655,sync_tick,,
M1,40,/system_health,4016.0,4040.2659,4041.9504,24.2659,252,0,1,0,23.1121,194.8655,system_ok,,
M1,41,/camera/image_raw,4092.4963,4107.8053,4109.8219,15.3091,160,0,1,0,22.9149,196.4487,rgb_frame,,
M1,41,/audio/stream,4103.6402,4119.7562,4122.1376,16.116,335,0,1,0,22.9149,196.4487,wav_chunk,,
M1,41,/robot_pose,4107.2256,4138.23,4139.9607,31.0044,342,0,1,0,22.9149,196.4487,pose_state,,
M1,41,/head_cmd,4110.0,4130.7425,4132.8215,20.7425,281,0,1,0,22.9149,196.4487,gaze_adjust,,
M1,41,/speech_cmd,4112.0,4132.0152,4134.3035,20.0152,231,0,1,0,22.9149,196.4487,comfort_prompt,,
M1,41,/event_log,4114.0,4128.1751,4129.1402,14.1751,295,0,1,0,22.9149,196.4487,sync_tick,,
M1,41,/system_health,4116.0,4134.6607,4136.3839,18.6607,256,0,1,0,22.9149,196.4487,system_ok,,
M1,42,/camera/image_raw,4205.5645,4226.6041,4229.5831,21.0396,330,0,1,0,24.3489,201.4217,rgb_frame,,
M1,42,/audio/stream,4201.4429,4225.0247,4227.716,23.5818,291,0,1,0,24.3489,201.4217,wav_chunk,,
M1,42,/robot_pose,4196.7197,4217.8597,4219.1819,21.14,298,0,1,0,24.3489,201.4217,pose_state,,
M1,42,/head_cmd,4210.0,4223.6381,4225.2024,13.6381,334,0,1,0,24.3489,201.4217,gaze_adjust,,
M1,42,/speech_cmd,4212.0,4234.4223,4237.8122,22.4223,239,0,1,0,24.3489,201.4217,comfort_prompt,,
M1,42,/event_log,4214.0,4228.4524,4230.46,14.4524,262,0,1,0,24.3489,201.4217,sync_tick,,
M1,42,/system_health,4216.0,4235.3773,4238.4843,19.3773,234,0,1,0,24.3489,201.4217,system_ok,,
M1,43,/camera/image_raw,4302.4642,4320.7657,4322.8184,18.3015,239,0,1,0,23.0034,194.9005,rgb_frame,,
M1,43,/audio/stream,4292.091,4318.4211,4320.5424,26.3302,241,0,1,0,23.0034,194.9005,wav_chunk,,
M1,43,/robot_pose,4302.2516,4313.1066,4314.5912,10.855,240,0,1,0,23.0034,194.9005,pose_state,,
M1,43,/head_cmd,4310.0,4326.5014,4329.8067,16.5014,246,0,1,0,23.0034,194.9005,gaze_adjust,,
M1,43,/speech_cmd,4312.0,4336.3986,4338.6479,24.3986,258,0,1,0,23.0034,194.9005,comfort_prompt,,
M1,43,/event_log,4314.0,4332.8896,4335.0926,18.8896,359,0,1,0,23.0034,194.9005,sync_tick,,
M1,43,/system_health,4316.0,4325.9663,4326.5651,9.9663,223,0,1,0,23.0034,194.9005,system_ok,,
M1,44,/camera/image_raw,4400.1017,4422.8728,4425.22,22.7711,313,0,1,0,22.5773,199.8533,rgb_frame,,
M1,44,/audio/stream,4405.5208,4425.2617,4427.0125,19.7409,297,0,1,0,22.5773,199.8533,wav_chunk,,
M1,44,/robot_pose,4402.3654,4421.4582,4423.6593,19.0927,344,0,1,0,22.5773,199.8533,pose_state,,
M1,44,/head_cmd,4410.0,4418.8468,4419.9127,8.8468,184,0,1,0,22.5773,199.8533,gaze_adjust,,
M1,44,/speech_cmd,4412.0,4429.1973,4431.1936,17.1973,165,0,1,0,22.5773,199.8533,comfort_prompt,,
M1,44,/event_log,4414.0,4428.7097,4430.221,14.7097,403,0,1,0,22.5773,199.8533,sync_tick,,
M1,44,/system_health,4416.0,4441.8573,4443.7279,25.8573,234,0,1,0,22.5773,199.8533,system_ok,,
M1,45,/camera/image_raw,4491.9556,4505.3164,4506.9068,13.3609,264,0,1,0,21.9024,196.7624,rgb_frame,,
M1,45,/audio/stream,4484.735,4505.9615,4508.4954,21.2265,176,0,1,0,21.9024,196.7624,wav_chunk,,
M1,45,/robot_pose,4499.4156,4522.596,4524.1558,23.1804,293,0,1,0,21.9024,196.7624,pose_state,,
M1,45,/head_cmd,4510.0,4529.7191,4530.818,19.7191,237,0,1,0,21.9024,196.7624,gaze_adjust,,
M1,45,/speech_cmd,4512.0,4533.2231,4535.9135,21.2231,247,0,1,0,21.9024,196.7624,comfort_prompt,,
M1,45,/event_log,4514.0,4539.8888,4542.8948,25.8888,240,0,1,0,21.9024,196.7624,sync_tick,,
M1,45,/system_health,4516.0,4538.7622,4542.5092,22.7622,373,0,1,0,21.9024,196.7624,system_ok,,
M1,46,/camera/image_raw,4591.404,4609.3817,4611.9179,17.9777,249,0,1,0,21.8359,193.2969,rgb_frame,,
M1,46,/audio/stream,4592.5877,4609.908,4611.5686,17.3202,213,0,1,0,21.8359,193.2969,wav_chunk,,
M1,46,/robot_pose,4607.4246,4623.829,4627.8543,16.4044,273,0,1,0,21.8359,193.2969,pose_state,,
M1,46,/head_cmd,4610.0,4633.4695,4635.2782,23.4695,244,0,1,0,21.8359,193.2969,gaze_adjust,,
M1,46,/speech_cmd,4612.0,4629.0683,4629.1469,17.0683,173,0,1,0,21.8359,193.2969,comfort_prompt,,
M1,46,/event_log,4614.0,4626.68,4627.0802,12.68,184,0,1,0,21.8359,193.2969,sync_tick,,
M1,46,/system_health,4616.0,4641.2223,4643.3867,25.2223,333,0,1,0,21.8359,193.2969,system_ok,,
M1,47,/camera/image_raw,4702.8769,4719.8621,4722.5097,16.9852,289,0,1,0,23.5763,199.0404,rgb_frame,,
M1,47,/audio/stream,4706.2605,4723.3541,4724.6558,17.0936,184,0,1,0,23.5763,199.0404,wav_chunk,,
M1,47,/robot_pose,4695.4955,4715.1333,4717.5949,19.6378,208,0,1,0,23.5763,199.0404,pose_state,,
M1,47,/head_cmd,4710.0,4729.3981,4732.0546,19.3981,293,0,1,0,23.5763,199.0404,gaze_adjust,,
M1,47,/speech_cmd,4712.0,4737.4993,4740.7209,25.4993,195,0,1,0,23.5763,199.0404,comfort_prompt,,
M1,47,/event_log,4714.0,4740.0261,4741.8014,26.0261,318,0,1,0,23.5763,199.0404,sync_tick,,
M1,47,/system_health,4716.0,4735.5637,4737.434,19.5637,147,0,1,0,23.5763,199.0404,system_ok,,
M1,48,/camera/image_raw,4798.799,4820.0843,4821.704,21.2853,218,0,1,0,24.6685,194.7686,rgb_frame,,
M1,48,/audio/stream,4787.5249,4810.7003,4812.8695,23.1754,360,0,1,0,24.6685,194.7686,wav_chunk,,
M1,48,/robot_pose,4804.8365,4822.985,4825.9844,18.1485,261,0,1,0,24.6685,194.7686,pose_state,,
M1,48,/head_cmd,4810.0,4833.2605,4835.1028,23.2605,253,0,1,0,24.6685,194.7686,gaze_adjust,,
M1,48,/speech_cmd,4812.0,4831.6154,4833.1465,19.6154,295,0,1,0,24.6685,194.7686,comfort_prompt,,
M1,48,/event_log,4814.0,4836.6784,4839.3532,22.6784,348,0,1,0,24.6685,194.7686,sync_tick,,
M1,48,/system_health,4816.0,4841.8748,4843.7748,25.8748,278,0,1,0,24.6685,194.7686,system_ok,,
M1,49,/camera/image_raw,4895.6348,4913.3089,4916.4638,17.6741,125,0,1,0,24.7821,198.0184,rgb_frame,,
M1,49,/audio/stream,4900.1868,4910.6767,4913.5133,10.4898,259,0,1,0,24.7821,198.0184,wav_chunk,,
M1,49,/robot_pose,4897.0013,4916.5493,4917.6882,19.548,254,0,1,0,24.7821,198.0184,pose_state,,
M1,49,/head_cmd,4910.0,4936.5603,4939.4196,26.5603,266,0,1,0,24.7821,198.0184,gaze_adjust,,
M1,49,/speech_cmd,4912.0,4928.79,4930.6744,16.79,128,0,1,0,24.7821,198.0184,comfort_prompt,,
M1,49,/event_log,4914.0,4933.5768,4936.4532,19.5768,161,0,1,0,24.7821,198.0184,sync_tick,,
M1,49,/system_health,4916.0,4931.9006,4933.1746,15.9006,198,0,1,0,24.7821,198.0184,system_ok,,
M1,50,/camera/image_raw,5000.3744,5010.8211,5012.224,10.4468,329,0,1,0,23.8292,196.2969,rgb_frame,,
M1,50,/audio/stream,4983.3248,4992.5824,4994.5044,9.2576,185,0,1,0,23.8292,196.2969,wav_chunk,,
M1,50,/robot_pose,5003.0714,5026.6592,5028.3191,23.5879,280,0,1,0,23.8292,196.2969,pose_state,,
M1,50,/head_cmd,5010.0,5032.6314,5036.3004,22.6314,243,0,1,0,23.8292,196.2969,gaze_adjust,,
M1,50,/speech_cmd,5012.0,5033.8738,5034.8857,21.8738,327,0,1,0,23.8292,196.2969,comfort_prompt,,
M1,50,/event_log,5014.0,5031.3276,5033.0789,17.3276,254,0,1,0,23.8292,196.2969,sync_tick,,
M1,50,/system_health,5016.0,5030.1181,5032.5011,14.1181,314,0,1,0,23.8292,196.2969,system_ok,,
M1,51,/camera/image_raw,5102.0505,5117.5229,5120.4241,15.4723,272,0,1,0,23.8162,191.7416,rgb_frame,,
M1,51,/audio/stream,5087.2888,5108.7081,5112.3957,21.4193,284,0,1,0,23.8162,191.7416,wav_chunk,,
M1,51,/robot_pose,5099.381,5121.7839,5126.1525,22.403,243,0,1,0,23.8162,191.7416,pose_state,,
M1,51,/head_cmd,5110.0,5126.5799,5129.1221,16.5799,282,0,1,0,23.8162,191.7416,gaze_adjust,,
M1,51,/speech_cmd,5112.0,5129.6645,5131.0386,17.6645,394,0,1,0,23.8162,191.7416,comfort_prompt,,
M1,51,/event_log,5114.0,5135.0788,5136.693,21.0788,310,0,1,0,23.8162,191.7416,sync_tick,,
M1,51,/system_health,5116.0,5135.3348,5137.3325,19.3348,289,0,1,0,23.8162,191.7416,system_ok,,
M1,52,/camera/image_raw,5190.9568,5209.1614,5211.0331,18.2045,240,0,1,0,23.5128,195.9466,rgb_frame,,
M1,52,/audio/stream,5202.821,5221.5427,5224.4758,18.7217,152,0,1,0,23.5128,195.9466,wav_chunk,,
M1,52,/robot_pose,5209.5648,5233.2457,5235.142,23.681,278,0,1,0,23.5128,195.9466,pose_state,,
M1,52,/head_cmd,5210.0,5225.725,5228.9879,15.725,330,0,1,0,23.5128,195.9466,gaze_adjust,,
M1,52,/speech_cmd,5212.0,5236.0713,5237.0595,24.0713,305,0,1,0,23.5128,195.9466,comfort_prompt,,
M1,52,/event_log,5214.0,5235.8524,5236.7682,21.8524,254,0,1,0,23.5128,195.9466,sync_tick,,
M1,52,/system_health,5216.0,5237.6911,5240.336,21.6911,266,0,1,0,23.5128,195.9466,system_ok,,
M1,53,/camera/image_raw,5302.0386,5320.55,5321.3484,18.5114,261,0,1,0,19.8462,196.1112,rgb_frame,,
M1,53,/audio/stream,5311.7889,5335.954,5337.2847,24.1651,276,0,1,0,19.8462,196.1112,wav_chunk,,
M1,53,/robot_pose,5306.1302,5321.6369,5323.2994,15.5067,344,0,1,0,19.8462,196.1112,pose_state,,
M1,53,/head_cmd,5310.0,5326.9998,5329.5696,16.9998,143,0,1,0,19.8462,196.1112,gaze_adjust,,
M1,53,/speech_cmd,5312.0,5338.6193,5341.3014,26.6193,245,0,1,0,19.8462,196.1112,comfort_prompt,,
M1,53,/event_log,5314.0,5335.4722,5336.5444,21.4722,326,0,1,0,19.8462,196.1112,sync_tick,,
M1,53,/system_health,5316.0,5333.8741,5335.9108,17.8741,226,0,1,0,19.8462,196.1112,system_ok,,
M1,54,/camera/image_raw,5395.9354,5417.1429,5419.0078,21.2074,389,0,1,0,23.7169,196.9754,rgb_frame,,
M1,54,/audio/stream,5405.5574,5418.4403,5421.649,12.8829,338,0,1,0,23.7169,196.9754,wav_chunk,,
M1,54,/robot_pose,5401.2795,5417.0255,5421.0089,15.746,315,0,1,0,23.7169,196.9754,pose_state,,
M1,54,/head_cmd,5410.0,5433.0392,5435.2616,23.0392,242,0,1,0,23.7169,196.9754,gaze_adjust,,
M1,54,/speech_cmd,5412.0,5430.317,5432.8294,18.317,340,0,1,0,23.7169,196.9754,comfort_prompt,,
M1,54,/event_log,5414.0,5433.8799,5435.3507,19.8799,305,0,1,0,23.7169,196.9754,sync_tick,,
M1,54,/system_health,5416.0,5438.8392,5441.563,22.8392,300,0,1,0,23.7169,196.9754,system_ok,,
M1,55,/camera/image_raw,5498.1035,5516.434,5518.282,18.3305,78,0,1,0,21.201,197.6635,rgb_frame,,
M1,55,/audio/stream,5492.5681,5506.2431,5509.3397,13.675,216,0,1,0,21.201,197.6635,wav_chunk,,
M1,55,/robot_pose,5495.659,5515.7656,5516.8531,20.1066,342,0,1,0,21.201,197.6635,pose_state,,
M1,55,/head_cmd,5510.0,5528.0881,5530.5202,18.0881,395,0,1,0,21.201,197.6635,gaze_adjust,,
M1,55,/speech_cmd,5512.0,5536.73,5538.6848,24.73,220,0,1,0,21.201,197.6635,comfort_prompt,,
M1,55,/event_log,5514.0,5531.3621,5533.97,17.3621,249,0,1,0,21.201,197.6635,sync_tick,,
M1,55,/system_health,5516.0,5533.0833,5536.457,17.0833,249,0,1,0,21.201,197.6635,system_ok,,
M1,56,/camera/image_raw,5616.0971,5633.0432,5634.5602,16.9461,283,0,1,0,23.3931,199.6963,rgb_frame,,
M1,56,/audio/stream,5600.7259,5624.5247,5626.7569,23.7988,178,0,1,0,23.3931,199.6963,wav_chunk,,
M1,56,/robot_pose,5608.9266,5623.3301,5624.3884,14.4035,149,0,1,0,23.3931,199.6963,pose_state,,
M1,56,/head_cmd,5610.0,5630.2825,5633.3825,20.2825,255,0,1,0,23.3931,199.6963,gaze_adjust,,
M1,56,/speech_cmd,5612.0,5622.8029,5624.8503,10.8029,246,0,1,0,23.3931,199.6963,comfort_prompt,,
M1,56,/event_log,5614.0,5642.2285,5643.2628,28.2285,232,0,1,0,23.3931,199.6963,sync_tick,,
M1,56,/system_health,5616.0,5642.668,5645.2279,26.668,289,0,1,0,23.3931,199.6963,system_ok,,
M1,57,/camera/image_raw,5700.8021,5713.6804,5716.1431,12.8783,266,0,1,0,22.1096,199.4586,rgb_frame,,
M1,57,/audio/stream,5702.6395,5718.5447,5720.7265,15.9051,218,0,1,0,22.1096,199.4586,wav_chunk,,
M1,57,/robot_pose,5703.888,5717.9716,5719.8887,14.0835,189,0,1,0,22.1096,199.4586,pose_state,,
M1,57,/head_cmd,5710.0,5729.6615,5730.9414,19.6615,298,0,1,0,22.1096,199.4586,gaze_adjust,,
M1,57,/speech_cmd,5712.0,5725.6444,5727.3914,13.6444,218,0,1,0,22.1096,199.4586,comfort_prompt,,
M1,57,/event_log,5714.0,5737.6709,5740.1351,23.6709,243,0,1,0,22.1096,199.4586,sync_tick,,
M1,57,/system_health,5716.0,5736.3652,5736.8794,20.3652,253,0,1,0,22.1096,199.4586,system_ok,,
M1,58,/camera/image_raw,5813.9826,5825.6299,5826.484,11.6473,268,0,1,0,23.6029,199.5077,rgb_frame,,
M1,58,/audio/stream,5801.0588,5817.8364,5821.0861,16.7777,237,0,1,0,23.6029,199.5077,wav_chunk,,
M1,58,/robot_pose,5800.3396,5812.2386,5813.4242,11.899,91,0,1,0,23.6029,199.5077,pose_state,,
M1,58,/head_cmd,5810.0,5828.7007,5830.75,18.7007,230,0,1,0,23.6029,199.5077,gaze_adjust,,
M1,58,/speech_cmd,5812.0,5835.9527,5839.1115,23.9527,245,0,1,0,23.6029,199.5077,comfort_prompt,,
M1,58,/event_log,5814.0,5825.0984,5827.7922,11.0984,289,0,1,0,23.6029,199.5077,sync_tick,,
M1,58,/system_health,5816.0,5836.8747,5839.8599,20.8747,186,0,1,0,23.6029,199.5077,system_ok,,
M1,59,/camera/image_raw,5914.0613,5940.7352,5942.7264,26.6739,306,0,1,0,21.1439,194.3953,rgb_frame,,
M1,59,/audio/stream,5892.3246,5913.8808,5915.9968,21.5562,337,0,1,0,21.1439,194.3953,wav_chunk,,
M1,59,/robot_pose,5903.7461,5923.4079,5924.1833,19.6618,207,0,1,0,21.1439,194.3953,pose_state,,
M1,59,/head_cmd,5910.0,5932.8132,5935.3296,22.8132,161,0,1,0,21.1439,194.3953,gaze_adjust,,
M1,59,/speech_cmd,5912.0,5929.711,5931.4457,17.711,234,0,1,0,21.1439,194.3953,comfort_prompt,,
M1,59,/event_log,5914.0,5929.1048,5930.8021,15.1048,212,0,1,0,21.1439,194.3953,sync_tick,,
M1,59,/system_health,5916.0,5939.6945,5942.5418,23.6945,247,0,1,0,21.1439,194.3953,system_ok,,
M1,60,/camera/image_raw,5997.2557,6013.3407,6014.61,16.085,265,0,1,0,21.7385,194.3674,rgb_frame,,
M1,60,/audio/stream,6001.1194,6022.6625,6023.5929,21.5431,257,0,1,0,21.7385,194.3674,wav_chunk,,
M1,60,/robot_pose,5995.9171,6013.6617,6016.1349,17.7445,255,0,1,0,21.7385,194.3674,pose_state,,
M1,60,/head_cmd,6010.0,6022.8099,6024.0,12.8099,257,0,1,0,21.7385,194.3674,gaze_adjust,,
M1,60,/speech_cmd,6012.0,6034.7394,6035.168,22.7394,276,0,1,0,21.7385,194.3674,comfort_prompt,,
M1,60,/event_log,6014.0,6037.3828,6039.4603,23.3828,289,0,1,0,21.7385,194.3674,sync_tick,,
M1,60,/system_health,6016.0,6031.812,6033.9165,15.812,158,0,1,0,21.7385,194.3674,system_ok,,
M1,61,/camera/image_raw,6083.5896,6098.824,6100.885,15.2344,212,0,1,0,22.4989,193.118,rgb_frame,,
M1,61,/audio/stream,6107.5421,6129.9283,6132.4903,22.3862,275,0,1,0,22.4989,193.118,wav_chunk,,
M1,61,/robot_pose,6095.075,6116.9037,6120.3659,21.8287,191,0,1,0,22.4989,193.118,pose_state,,
M1,61,/head_cmd,6110.0,6130.6546,6133.7607,20.6546,331,0,1,0,22.4989,193.118,gaze_adjust,,
M1,61,/speech_cmd,6112.0,6127.1872,6129.1374,15.1872,337,0,1,0,22.4989,193.118,comfort_prompt,,
M1,61,/event_log,6114.0,6136.9066,6139.2628,22.9066,242,0,1,0,22.4989,193.118,sync_tick,,
M1,61,/system_health,6116.0,6135.3391,6137.7697,19.3391,240,0,1,0,22.4989,193.118,system_ok,,
M1,62,/camera/image_raw,6199.7019,6211.0763,6213.5355,11.3744,210,0,1,0,23.5853,205.1599,rgb_frame,,
M1,62,/audio/stream,6200.6288,6221.4207,6223.6579,20.7919,301,0,1,0,23.5853,205.1599,wav_chunk,,
M1,62,/robot_pose,6196.6096,6219.794,6222.1479,23.1843,323,0,1,0,23.5853,205.1599,pose_state,,
M1,62,/head_cmd,6210.0,6219.1051,6222.5775,9.1051,278,0,1,0,23.5853,205.1599,gaze_adjust,,
M1,62,/speech_cmd,6212.0,6234.7937,6236.0178,22.7937,206,0,1,0,23.5853,205.1599,comfort_prompt,,
M1,62,/event_log,6214.0,6233.0661,6235.2524,19.0661,272,0,1,0,23.5853,205.1599,sync_tick,,
M1,62,/system_health,6216.0,6238.8204,6239.6082,22.8204,314,0,1,0,23.5853,205.1599,system_ok,,
M1,63,/camera/image_raw,6300.058,6321.5412,6322.5475,21.4832,259,0,1,0,23.5534,190.2405,rgb_frame,,
M1,63,/audio/stream,6298.3697,6316.7827,6319.9183,18.413,245,0,1,0,23.5534,190.2405,wav_chunk,,
M1,63,/robot_pose,6292.6444,6308.7575,6310.5522,16.1131,332,0,1,0,23.5534,190.2405,pose_state,,
M1,63,/head_cmd,6310.0,6331.0348,6332.9263,21.0348,241,0,1,0,23.5534,190.2405,gaze_adjust,,
M1,63,/speech_cmd,6312.0,6324.6209,6327.1317,12.6209,150,0,1,0,23.5534,190.2405,comfort_prompt,,
M1,63,/event_log,6314.0,6335.8968,6338.1997,21.8968,399,0,1,0,23.5534,190.2405,sync_tick,,
M1,63,/system_health,6316.0,6330.4891,6332.607,14.4891,363,0,1,0,23.5534,190.2405,system_ok,,
M1,64,/camera/image_raw,6408.3397,6425.2141,6427.3427,16.8744,160,0,1,0,23.0022,197.7895,rgb_frame,,
M1,64,/audio/stream,6394.4303,6414.6399,6417.1999,20.2096,242,0,1,0,23.0022,197.7895,wav_chunk,,
M1,64,/robot_pose,6401.1198,6414.3288,6417.3196,13.2089,277,0,1,0,23.0022,197.7895,pose_state,,
M1,64,/head_cmd,6410.0,6426.7651,6428.7406,16.7651,165,0,1,0,23.0022,197.7895,gaze_adjust,,
M1,64,/speech_cmd,6412.0,6427.5675,6429.3372,15.5675,329,0,1,0,23.0022,197.7895,comfort_prompt,,
M1,64,/event_log,6414.0,6431.1111,6433.8233,17.1111,223,0,1,0,23.0022,197.7895,sync_tick,,
M1,64,/system_health,6416.0,6436.6609,6438.7478,20.6609,308,0,1,0,23.0022,197.7895,system_ok,,
M1,65,/camera/image_raw,6496.2563,6516.9576,6518.7849,20.7012,398,0,1,0,22.4149,193.5026,rgb_frame,,
M1,65,/audio/stream,6487.4198,6499.5293,6501.8922,12.1095,188,0,1,0,22.4149,193.5026,wav_chunk,,
M1,65,/robot_pose,6493.0903,6510.177,6512.4902,17.0868,116,0,1,0,22.4149,193.5026,pose_state,,
M1,65,/head_cmd,6510.0,6530.0077,6533.73,20.0077,228,0,1,0,22.4149,193.5026,gaze_adjust,,
M1,65,/speech_cmd,6512.0,6532.0996,6535.1196,20.0996,246,0,1,0,22.4149,193.5026,comfort_prompt,,
M1,65,/event_log,6514.0,6530.7365,6531.116,16.7365,294,0,1,0,22.4149,193.5026,sync_tick,,
M1,65,/system_health,6516.0,6534.6077,6535.9976,18.6077,263,0,1,0,22.4149,193.5026,system_ok,,
M1,66,/camera/image_raw,6595.9142,6609.1946,6610.8644,13.2803,371,0,1,0,21.5278,199.9325,rgb_frame,,
M1,66,/audio/stream,6595.7726,6619.1531,6621.4312,23.3805,199,0,1,0,21.5278,199.9325,wav_chunk,,
M1,66,/robot_pose,6603.0315,6619.7854,6622.0441,16.754,258,0,1,0,21.5278,199.9325,pose_state,,
M1,66,/head_cmd,6610.0,6628.5076,6630.6829,18.5076,243,0,1,0,21.5278,199.9325,gaze_adjust,,
M1,66,/speech_cmd,6612.0,6625.1031,6626.8899,13.1031,310,0,1,0,21.5278,199.9325,comfort_prompt,,
M1,66,/event_log,6614.0,6627.3977,6629.4461,13.3977,206,0,1,0,21.5278,199.9325,sync_tick,,
M1,66,/system_health,6616.0,6635.3165,6637.2056,19.3165,344,0,1,0,21.5278,199.9325,system_ok,,
M1,67,/camera/image_raw,6703.5461,6724.4862,6726.2928,20.9401,309,0,1,0,22.1479,195.3844,rgb_frame,,
M1,67,/audio/stream,6689.5056,6706.0924,6707.7972,16.5868,216,0,1,0,22.1479,195.3844,wav_chunk,,
M1,67,/robot_pose,6703.3561,6720.7784,6723.8578,17.4223,293,0,1,0,22.1479,195.3844,pose_state,,
M1,67,/head_cmd,6710.0,6736.5246,6740.5388,26.5246,194,0,1,0,22.1479,195.3844,gaze_adjust,,
M1,67,/speech_cmd,6712.0,6731.9665,6733.2256,19.9665,209,0,1,0,22.1479,195.3844,comfort_prompt,,
M1,67,/event_log,6714.0,6731.1645,6732.5188,17.1645,192,0,1,0,22.1479,195.3844,sync_tick,,
M1,67,/system_health,6716.0,6735.1077,6736.3343,19.1077,306,0,1,0,22.1479,195.3844,system_ok,,
M1,68,/camera/image_raw,6793.5757,6821.8682,6824.9638,28.2925,273,0,0,0,23.0792,193.373,rgb_frame,,
M1,68,/audio/stream,6822.4766,6838.5574,6840.926,16.0809,188,0,0,0,23.0792,193.373,wav_chunk,,
M1,68,/robot_pose,6797.7431,6825.0606,6827.908,27.3175,261,0,0,0,23.0792,193.373,pose_state,,
M1,68,/head_cmd,6810.0,6821.7226,6823.1359,11.7226,297,0,0,0,23.0792,193.373,gaze_adjust,,
M1,68,/speech_cmd,6812.0,6838.3196,6841.407,26.3196,160,0,0,0,23.0792,193.373,comfort_prompt,,
M1,68,/event_log,6814.0,6836.6743,6839.6867,22.6743,156,0,0,0,23.0792,193.373,sync_tick,,
M1,68,/system_health,6816.0,6837.4365,6839.8556,21.4365,237,0,0,0,23.0792,193.373,system_ok,,
M1,69,/camera/image_raw,6887.0349,6904.6223,6906.7905,17.5874,282,0,1,1,22.8371,195.4223,rgb_frame,,
M1,69,/audio/stream,6897.3944,6915.5361,6917.4084,18.1417,261,0,1,1,22.8371,195.4223,wav_chunk,,
M1,69,/robot_pose,6898.3635,6910.0392,6912.6209,11.6758,255,0,1,1,22.8371,195.4223,pose_state,,
M1,69,/head_cmd,6910.0,6929.5182,6932.4868,19.5182,138,0,1,1,22.8371,195.4223,gaze_adjust,,
M1,69,/speech_cmd,6912.0,6923.4641,6925.8831,11.4641,255,0,1,1,22.8371,195.4223,comfort_prompt,,
M1,69,/event_log,6914.0,6934.0401,6935.8704,20.0401,295,0,1,1,22.8371,195.4223,sync_tick,,
M1,69,/system_health,6916.0,6939.09,6941.6772,23.09,240,0,1,1,22.8371,195.4223,system_ok,,
M1,70,/camera/image_raw,6985.2462,7008.4503,7011.3387,23.2041,349,0,1,0,23.709,194.537,rgb_frame,,
M1,70,/audio/stream,7006.1539,7023.1584,7025.1772,17.0045,300,0,1,0,23.709,194.537,wav_chunk,,
M1,70,/robot_pose,7006.1086,7026.8472,7028.1533,20.7386,280,0,1,0,23.709,194.537,pose_state,,
M1,70,/head_cmd,7010.0,7032.8236,7035.0939,22.8236,269,0,1,0,23.709,194.537,gaze_adjust,,
M1,70,/speech_cmd,7012.0,7031.4741,7034.8567,19.4741,201,0,1,0,23.709,194.537,comfort_prompt,,
M1,70,/event_log,7014.0,7032.1596,7034.3684,18.1596,308,0,1,0,23.709,194.537,sync_tick,,
M1,70,/system_health,7016.0,7030.5194,7031.6712,14.5194,133,0,1,0,23.709,194.537,system_ok,,
M1,71,/camera/image_raw,7100.2289,7120.255,7122.2156,20.0262,296,0,1,0,23.7275,195.2037,rgb_frame,,
M1,71,/audio/stream,7091.0536,7112.0551,7113.7016,21.0015,245,0,1,0,23.7275,195.2037,wav_chunk,,
M1,71,/robot_pose,7098.0772,7121.3533,7123.868,23.276,172,0,1,0,23.7275,195.2037,pose_state,,
M1,71,/head_cmd,7110.0,7131.7235,7133.0558,21.7235,340,0,1,0,23.7275,195.2037,gaze_adjust,,
M1,71,/speech_cmd,7112.0,7135.1974,7137.6293,23.1974,265,0,1,0,23.7275,195.2037,comfort_prompt,,
M1,71,/event_log,7114.0,7132.2649,7135.0077,18.2649,233,0,1,0,23.7275,195.2037,sync_tick,,
M1,71,/system_health,7116.0,7136.0433,7138.9409,20.0433,222,0,1,0,23.7275,195.2037,system_ok,,
M1,72,/camera/image_raw,7195.6867,7221.5513,7224.8916,25.8646,158,0,1,0,20.9888,199.0435,rgb_frame,,
M1,72,/audio/stream,7190.4451,7211.9735,7215.3112,21.5284,228,0,1,0,20.9888,199.0435,wav_chunk,,
M1,72,/robot_pose,7194.6776,7213.7124,7214.3061,19.0348,272,0,1,0,20.9888,199.0435,pose_state,,
M1,72,/head_cmd,7210.0,7224.3748,7226.7345,14.3748,162,0,1,0,20.9888,199.0435,gaze_adjust,,
M1,72,/speech_cmd,7212.0,7232.8004,7235.82,20.8004,209,0,1,0,20.9888,199.0435,comfort_prompt,,
M1,72,/event_log,7214.0,7228.0813,7228.5565,14.0813,240,0,1,0,20.9888,199.0435,sync_tick,,
M1,72,/system_health,7216.0,7232.3026,7233.2618,16.3026,283,0,1,0,20.9888,199.0435,system_ok,,
M1,73,/camera/image_raw,7296.8502,7315.0301,7317.7254,18.1799,186,0,1,0,24.1784,198.6882,rgb_frame,,
M1,73,/audio/stream,7291.3941,7310.2236,7312.5414,18.8294,227,0,1,0,24.1784,198.6882,wav_chunk,,
M1,73,/robot_pose,7297.2271,7317.6689,7319.2446,20.4418,286,0,1,0,24.1784,198.6882,pose_state,,
M1,73,/head_cmd,7310.0,7330.9074,7330.7737,20.9074,327,0,1,0,24.1784,198.6882,gaze_adjust,,
M1,73,/speech_cmd,7312.0,7318.5094,7320.2166,6.5094,317,0,1,0,24.1784,198.6882,comfort_prompt,,
M1,73,/event_log,7314.0,7331.4308,7332.4579,17.4308,190,0,1,0,24.1784,198.6882,sync_tick,,
M1,73,/system_health,7316.0,7338.8076,7339.4704,22.8076,323,0,1,0,24.1784,198.6882,system_ok,,
M1,74,/camera/image_raw,7399.6143,7421.6424,7422.4671,22.0281,231,0,1,0,21.8811,199.4254,rgb_frame,,
M1,74,/audio/stream,7390.4608,7406.1065,7409.3413,15.6457,174,0,1,0,21.8811,199.4254,wav_chunk,,
M1,74,/robot_pose,7397.0844,7422.5998,7424.7731,25.5153,186,0,1,0,21.8811,199.4254,pose_state,,
M1,74,/head_cmd,7410.0,7426.3893,7427.948,16.3893,179,0,1,0,21.8811,199.4254,gaze_adjust,,
M1,74,/speech_cmd,7412.0,7431.4777,7432.6954,19.4777,125,0,1,0,21.8811,199.4254,comfort_prompt,,
M1,74,/event_log,7414.0,7431.5797,7432.3374,17.5797,210,0,1,0,21.8811,199.4254,sync_tick,,
M1,74,/system_health,7416.0,7431.462,7432.965,15.462,376,0,1,0,21.8811,199.4254,system_ok,,
M1,75,/camera/image_raw,7500.3949,7515.5982,7518.5246,15.2033,183,0,1,0,22.2806,197.6028,rgb_frame,,
M1,75,/audio/stream,7501.963,7520.1189,7521.8501,18.1559,265,0,1,0,22.2806,197.6028,wav_chunk,,
M1,75,/robot_pose,7491.118,7507.8574,7509.8407,16.7394,241,0,1,0,22.2806,197.6028,pose_state,,
M1,75,/head_cmd,7510.0,7526.3638,7528.9519,16.3638,270,0,1,0,22.2806,197.6028,gaze_adjust,,
M1,75,/speech_cmd,7512.0,7530.9469,7532.8026,18.9469,303,0,1,0,22.2806,197.6028,comfort_prompt,,
M1,75,/event_log,7514.0,7532.3581,7534.3127,18.3581,262,0,1,0,22.2806,197.6028,sync_tick,,
M1,75,/system_health,7516.0,7542.0877,7543.2155,26.0877,302,0,1,0,22.2806,197.6028,system_ok,,
M1,76,/camera/image_raw,7586.7478,7605.0413,7607.2662,18.2935,240,0,1,0,23.5375,197.4778,rgb_frame,,
M1,76,/audio/stream,7601.7382,7619.1296,7621.0977,17.3914,267,0,1,0,23.5375,197.4778,wav_chunk,,
M1,76,/robot_pose,7607.8754,7625.3419,7626.8968,17.4664,174,0,1,0,23.5375,197.4778,pose_state,,
M1,76,/head_cmd,7610.0,7632.0982,7634.7345,22.0982,269,0,1,0,23.5375,197.4778,gaze_adjust,,
M1,76,/speech_cmd,7612.0,7636.396,7638.6663,24.396,279,0,1,0,23.5375,197.4778,comfort_prompt,,
M1,76,/event_log,7614.0,7635.7507,7637.8774,21.7507,224,0,1,0,23.5375,197.4778,sync_tick,,
M1,76,/system_health,7616.0,7645.3919,7647.2304,29.3919,216,0,1,0,23.5375,197.4778,system_ok,,
M1,77,/camera/image_raw,7703.0381,7717.8018,7720.9528,14.7637,293,0,1,0,24.2349,196.7363,rgb_frame,,
M1,77,/audio/stream,7702.0148,7716.1641,7719.7859,14.1493,295,0,1,0,24.2349,196.7363,wav_chunk,,
M1,77,/robot_pose,7692.976,7712.1427,7715.6149,19.1667,265,0,1,0,24.2349,196.7363,pose_state,,
M1,77,/head_cmd,7710.0,7729.0951,7730.7669,19.0951,290,0,1,0,24.2349,196.7363,gaze_adjust,,
M1,77,/speech_cmd,7712.0,7733.1139,7735.3256,21.1139,208,0,1,0,24.2349,196.7363,comfort_prompt,,
M1,77,/event_log,7714.0,7733.7272,7735.8713,19.7272,175,0,1,0,24.2349,196.7363,sync_tick,,
M1,77,/system_health,7716.0,7729.3202,7731.9723,13.3202,99,0,1,0,24.2349,196.7363,system_ok,,
M1,78,/camera/image_raw,7801.4379,7819.0941,7821.3851,17.6563,300,0,1,0,22.4572,198.8466,rgb_frame,,
M1,78,/audio/stream,7796.1753,7813.569,7816.5663,17.3937,196,0,1,0,22.4572,198.8466,wav_chunk,,
M1,78,/robot_pose,7806.5412,7826.9635,7829.9016,20.4223,295,0,1,0,22.4572,198.8466,pose_state,,
M1,78,/head_cmd,7810.0,7836.9097,7838.4989,26.9097,173,0,1,0,22.4572,198.8466,gaze_adjust,,
M1,78,/speech_cmd,7812.0,7827.2666,7829.9949,15.2666,285,0,1,0,22.4572,198.8466,comfort_prompt,,
M1,78,/event_log,7814.0,7833.6529,7834.9546,19.6529,302,0,1,0,22.4572,198.8466,sync_tick,,
M1,78,/system_health,7816.0,7830.3451,7833.4722,14.3451,427,0,1,0,22.4572,198.8466,system_ok,,
M1,79,/camera/image_raw,7902.5652,7917.0491,7918.0915,14.4839,359,0,1,0,21.0088,195.3124,rgb_frame,,
M1,79,/audio/stream,7904.6649,7924.6118,7927.1156,19.9469,237,0,1,0,21.0088,195.3124,wav_chunk,,
M1,79,/robot_pose,7897.5357,7915.6997,7918.6714,18.164,254,0,1,0,21.0088,195.3124,pose_state,,
M1,79,/head_cmd,7910.0,7930.9783,7933.0215,20.9783,235,0,1,0,21.0088,195.3124,gaze_adjust,,
M1,79,/speech_cmd,7912.0,7925.2278,7925.8456,13.2278,240,0,1,0,21.0088,195.3124,comfort_prompt,,
M1,79,/event_log,7914.0,7933.0815,7934.2526,19.0815,253,0,1,0,21.0088,195.3124,sync_tick,,
M1,79,/system_health,7916.0,7935.0705,7935.5457,19.0705,201,0,1,0,21.0088,195.3124,system_ok,,
M1,80,/camera/image_raw,8002.8508,8025.0229,8027.1467,22.1721,227,0,1,0,23.1743,199.8627,rgb_frame,,
M1,80,/audio/stream,8003.0965,8019.6429,8022.2171,16.5464,267,0,1,0,23.1743,199.8627,wav_chunk,,
M1,80,/robot_pose,7994.2316,8015.813,8018.1185,21.5814,305,0,1,0,23.1743,199.8627,pose_state,,
M1,80,/head_cmd,8010.0,8029.4422,8032.2699,19.4422,308,0,1,0,23.1743,199.8627,gaze_adjust,,
M1,80,/speech_cmd,8012.0,8027.8457,8028.5992,15.8457,348,0,1,0,23.1743,199.8627,comfort_prompt,,
M1,80,/event_log,8014.0,8034.0904,8034.9188,20.0904,213,0,1,0,23.1743,199.8627,sync_tick,,
M1,80,/system_health,8016.0,8038.1513,8040.1275,22.1513,225,0,1,0,23.1743,199.8627,system_ok,,
M1,81,/camera/image_raw,8109.8062,8131.9737,8134.9027,22.1675,267,0,1,0,23.2325,198.0933,rgb_frame,,
M1,81,/audio/stream,8091.6217,8113.7614,8115.754,22.1397,259,0,1,0,23.2325,198.0933,wav_chunk,,
M1,81,/robot_pose,8096.0092,8116.6215,8118.9936,20.6123,302,0,1,0,23.2325,198.0933,pose_state,,
M1,81,/head_cmd,8110.0,8132.4027,8134.6381,22.4027,207,0,1,0,23.2325,198.0933,gaze_adjust,,
M1,81,/speech_cmd,8112.0,8132.4528,8134.6304,20.4528,267,0,1,0,23.2325,198.0933,comfort_prompt,,
M1,81,/event_log,8114.0,8143.0082,8144.7892,29.0082,281,0,1,0,23.2325,198.0933,sync_tick,,
M1,81,/system_health,8116.0,8140.456,8142.7344,24.456,396,0,1,0,23.2325,198.0933,system_ok,,
M1,82,/camera/image_raw,8197.3537,8219.5294,8221.9846,22.1756,331,0,1,0,22.6133,197.697,rgb_frame,,
M1,82,/audio/stream,8202.5927,8221.0033,8222.9375,18.4105,418,0,1,0,22.6133,197.697,wav_chunk,,
M1,82,/robot_pose,8196.006,8216.3733,8217.9977,20.3674,214,0,1,0,22.6133,197.697,pose_state,,
M1,82,/head_cmd,8210.0,8225.0197,8227.9689,15.0197,234,0,1,0,22.6133,197.697,gaze_adjust,,
M1,82,/speech_cmd,8212.0,8231.2999,8233.4491,19.2999,299,0,1,0,22.6133,197.697,comfort_prompt,,
M1,82,/event_log,8214.0,8229.4034,8230.743,15.4034,269,0,1,0,22.6133,197.697,sync_tick,,
M1,82,/system_health,8216.0,8237.1942,8239.6603,21.1942,207,0,1,0,22.6133,197.697,system_ok,,
M1,83,/camera/image_raw,8304.7424,8326.5593,8329.2433,21.8169,330,0,1,0,21.9617,200.6432,rgb_frame,,
M1,83,/audio/stream,8294.0491,8324.5829,8325.4155,30.5338,211,0,1,0,21.9617,200.6432,wav_chunk,,
M1,83,/robot_pose,8297.3923,8314.2108,8315.7301,16.8185,191,0,1,0,21.9617,200.6432,pose_state,,
M1,83,/head_cmd,8310.0,8328.0846,8329.3113,18.0846,276,0,1,0,21.9617,200.6432,gaze_adjust,,
M1,83,/speech_cmd,8312.0,8331.49,8334.0748,19.49,286,0,1,0,21.9617,200.6432,comfort_prompt,,
M1,83,/event_log,8314.0,8335.6952,8337.5965,21.6952,383,0,1,0,21.9617,200.6432,sync_tick,,
M1,83,/system_health,8316.0,8336.2209,8336.9309,20.2209,195,0,1,0,21.9617,200.6432,system_ok,,
M2,0,/camera/image_raw,-12.1835,18.4911,21.272,30.6746,200,0,1,0,25.9847,209.6306,rgb_frame,,
M2,0,/audio/stream,0.1387,24.6208,26.8502,24.4821,266,0,1,0,25.9847,209.6306,wav_chunk,,
M2,0,/robot_pose,-0.609,20.4444,22.5001,21.0534,256,0,1,0,25.9847,209.6306,pose_state,,
M2,0,/head_cmd,10.0,37.6181,39.1674,27.6181,223,0,1,0,25.9847,209.6306,gaze_adjust,,
M2,0,/speech_cmd,12.0,39.7712,42.0439,27.7712,292,0,1,0,25.9847,209.6306,comfort_prompt,,
M2,0,/event_log,14.0,46.8021,48.7666,32.8021,228,0,1,0,25.9847,209.6306,sync_tick,,
M2,0,/system_health,16.0,46.2293,48.918,30.2293,229,0,1,0,25.9847,209.6306,system_ok,,
M2,1,/camera/image_raw,105.5328,132.8648,135.0738,27.3321,250,0,1,0,28.4562,201.574,rgb_frame,,
M2,1,/audio/stream,107.8367,132.5161,133.5277,24.6794,261,0,1,0,28.4562,201.574,wav_chunk,,
M2,1,/robot_pose,106.4584,130.6615,132.9303,24.203,208,0,1,0,28.4562,201.574,pose_state,,
M2,1,/head_cmd,110.0,132.8778,135.2653,22.8778,265,0,1,0,28.4562,201.574,gaze_adjust,,
M2,1,/speech_cmd,112.0,141.5936,145.5423,29.5936,272,0,1,0,28.4562,201.574,comfort_prompt,,
M2,1,/event_log,114.0,143.2168,144.5547,29.2168,178,0,1,0,28.4562,201.574,sync_tick,,
M2,1,/system_health,116.0,149.6078,151.069,33.6078,193,0,1,0,28.4562,201.574,system_ok,,
M2,2,/camera/image_raw,199.7263,224.011,225.0961,24.2847,312,0,1,0,26.1645,207.4423,rgb_frame,,
M2,2,/audio/stream,199.2785,228.7563,230.4599,29.4778,161,0,1,0,26.1645,207.4423,wav_chunk,,
M2,2,/robot_pose,195.4875,220.0176,222.1739,24.5302,325,0,1,0,26.1645,207.4423,pose_state,,
M2,2,/head_cmd,210.0,233.3623,235.4947,23.3623,296,0,1,0,26.1645,207.4423,gaze_adjust,,
M2,2,/speech_cmd,212.0,229.9836,233.0106,17.9836,185,0,1,0,26.1645,207.4423,comfort_prompt,,
M2,2,/event_log,214.0,242.8366,245.234,28.8366,321,0,1,0,26.1645,207.4423,sync_tick,,
M2,2,/system_health,216.0,245.7124,246.0105,29.7124,208,0,1,0,26.1645,207.4423,system_ok,,
M2,3,/camera/image_raw,300.9674,327.5841,328.307,26.6166,228,0,1,0,27.3683,205.7037,rgb_frame,,
M2,3,/audio/stream,298.4402,327.5794,328.907,29.1392,293,0,1,0,27.3683,205.7037,wav_chunk,,
M2,3,/robot_pose,302.3881,333.4954,335.7969,31.1073,72,0,1,0,27.3683,205.7037,pose_state,,
M2,3,/head_cmd,310.0,332.3614,336.0703,22.3614,223,0,1,0,27.3683,205.7037,gaze_adjust,,
M2,3,/speech_cmd,312.0,331.5372,334.7254,19.5372,256,0,1,0,27.3683,205.7037,comfort_prompt,,
M2,3,/event_log,314.0,345.8935,348.3151,31.8935,283,0,1,0,27.3683,205.7037,sync_tick,,
M2,3,/system_health,316.0,344.9258,347.6838,28.9258,392,0,1,0,27.3683,205.7037,system_ok,,
M2,4,/camera/image_raw,406.797,434.4234,437.5554,27.6264,311,0,1,0,27.7556,207.3676,rgb_frame,,
M2,4,/audio/stream,387.3573,426.9801,428.5801,39.6228,225,0,1,0,27.7556,207.3676,wav_chunk,,
M2,4,/robot_pose,402.2333,430.3416,432.1494,28.1083,202,0,1,0,27.7556,207.3676,pose_state,,
M2,4,/head_cmd,410.0,428.2821,430.1343,18.2821,278,0,1,0,27.7556,207.3676,gaze_adjust,,
M2,4,/speech_cmd,412.0,439.3599,443.1082,27.3599,256,0,1,0,27.7556,207.3676,comfort_prompt,,
M2,4,/event_log,414.0,448.4969,450.906,34.4969,305,0,1,0,27.7556,207.3676,sync_tick,,
M2,4,/system_health,416.0,446.4497,449.7448,30.4497,259,0,1,0,27.7556,207.3676,system_ok,,
M2,5,/camera/image_raw,503.4728,529.981,532.5165,26.5081,331,0,1,0,26.9455,210.2563,rgb_frame,,
M2,5,/audio/stream,502.9307,535.0814,537.2908,32.1507,112,0,1,0,26.9455,210.2563,wav_chunk,,
M2,5,/robot_pose,498.5586,528.2151,528.6395,29.6565,344,0,1,0,26.9455,210.2563,pose_state,,
M2,5,/head_cmd,510.0,538.2676,541.2673,28.2676,201,0,1,0,26.9455,210.2563,gaze_adjust,,
M2,5,/speech_cmd,512.0,533.3797,535.7883,21.3797,253,0,1,0,26.9455,210.2563,comfort_prompt,,
M2,5,/event_log,514.0,539.6235,541.8913,25.6235,422,0,1,0,26.9455,210.2563,sync_tick,,
M2,5,/system_health,516.0,546.9278,549.9674,30.9278,306,0,1,0,26.9455,210.2563,system_ok,,
M2,6,/camera/image_raw,610.3562,635.9526,638.0115,25.5964,214,0,1,0,26.2926,206.2729,rgb_frame,,
M2,6,/audio/stream,598.4794,633.9631,636.7627,35.4837,295,0,1,0,26.2926,206.2729,wav_chunk,,
M2,6,/robot_pose,589.7262,621.6882,623.8584,31.962,267,0,1,0,26.2926,206.2729,pose_state,,
M2,6,/head_cmd,610.0,634.7349,635.1857,24.7349,265,0,1,0,26.2926,206.2729,gaze_adjust,,
M2,6,/speech_cmd,612.0,642.7716,645.939,30.7716,350,0,1,0,26.2926,206.2729,comfort_prompt,,
M2,6,/event_log,614.0,649.7556,651.1572,35.7556,234,0,1,0,26.2926,206.2729,sync_tick,,
M2,6,/system_health,616.0,647.3969,651.6225,31.3969,344,0,1,0,26.2926,206.2729,system_ok,,
M2,7,/camera/image_raw,707.8358,735.3522,737.4604,27.5165,351,0,1,0,27.3678,200.9181,rgb_frame,,
M2,7,/audio/stream,696.8977,723.9491,724.1977,27.0514,286,0,1,0,27.3678,200.9181,wav_chunk,,
M2,7,/robot_pose,695.584,721.2581,723.4922,25.6741,250,0,1,0,27.3678,200.9181,pose_state,,
M2,7,/head_cmd,710.0,737.3754,740.2077,27.3754,164,0,1,0,27.3678,200.9181,gaze_adjust,,
M2,7,/speech_cmd,712.0,738.4022,741.1494,26.4022,219,0,1,0,27.3678,200.9181,comfort_prompt,,
M2,7,/event_log,714.0,736.035,738.7698,22.035,323,0,1,0,27.3678,200.9181,sync_tick,,
M2,7,/system_health,716.0,744.2902,744.9216,28.2902,298,0,1,0,27.3678,200.9181,system_ok,,
M2,8,/camera/image_raw,788.3808,816.3383,818.023,27.9576,291,0,1,0,25.2242,202.7627,rgb_frame,,
M2,8,/audio/stream,802.4704,829.3769,832.361,26.9065,272,0,1,0,25.2242,202.7627,wav_chunk,,
M2,8,/robot_pose,795.5627,821.4632,822.9705,25.9005,157,0,1,0,25.2242,202.7627,pose_state,,
M2,8,/head_cmd,810.0,839.8537,841.77,29.8537,113,0,1,0,25.2242,202.7627,gaze_adjust,,
M2,8,/speech_cmd,812.0,838.5479,840.0271,26.5479,350,0,1,0,25.2242,202.7627,comfort_prompt,,
M2,8,/event_log,814.0,835.8796,836.9266,21.8796,322,0,1,0,25.2242,202.7627,sync_tick,,
M2,8,/system_health,816.0,850.1178,851.7218,34.1178,218,0,1,0,25.2242,202.7627,system_ok,,
M2,9,/camera/image_raw,904.3136,932.3224,934.6031,28.0087,324,0,1,0,26.1912,208.3397,rgb_frame,,
M2,9,/audio/stream,881.3832,919.5624,921.3009,38.1792,254,0,1,0,26.1912,208.3397,wav_chunk,,
M2,9,/robot_pose,890.694,927.7339,928.7161,37.0399,317,0,1,0,26.1912,208.3397,pose_state,,
M2,9,/head_cmd,910.0,935.6784,937.9604,25.6784,241,0,1,0,26.1912,208.3397,gaze_adjust,,
M2,9,/speech_cmd,912.0,937.9196,939.3331,25.9196,272,0,1,0,26.1912,208.3397,comfort_prompt,,
M2,9,/event_log,914.0,947.7338,949.83,33.7338,260,0,1,0,26.1912,208.3397,sync_tick,,
M2,9,/system_health,916.0,948.0363,949.4591,32.0363,300,0,1,0,26.1912,208.3397,system_ok,,
M2,10,/camera/image_raw,1005.7354,1038.737,1040.5089,33.0016,231,0,1,0,25.9961,206.1531,rgb_frame,,
M2,10,/audio/stream,1020.829,1052.7187,1054.2566,31.8897,231,0,1,0,25.9961,206.1531,wav_chunk,,
M2,10,/robot_pose,998.1195,1028.203,1031.1997,30.0835,219,0,1,0,25.9961,206.1531,pose_state,,
M2,10,/head_cmd,1010.0,1032.3556,1033.0223,22.3556,180,0,1,0,25.9961,206.1531,gaze_adjust,,
M2,10,/speech_cmd,1012.0,1036.4725,1038.5488,24.4725,184,0,1,0,25.9961,206.1531,comfort_prompt,,
M2,10,/event_log,1014.0,1040.9141,1042.4949,26.9141,229,0,1,0,25.9961,206.1531,sync_tick,,
M2,10,/system_health,1016.0,1051.0152,1053.7447,35.0152,256,0,1,0,25.9961,206.1531,system_ok,,
M2,11,/camera/image_raw,1096.7728,1124.5313,1125.106,27.7585,268,0,1,0,27.1426,201.4587,rgb_frame,,
M2,11,/audio/stream,1096.5341,1127.1953,1129.1712,30.6611,364,0,1,0,27.1426,201.4587,wav_chunk,,
M2,11,/robot_pose,1101.6387,1125.7263,1128.1003,24.0876,253,0,1,0,27.1426,201.4587,pose_state,,
M2,11,/head_cmd,1110.0,1137.2114,1139.3199,27.2114,262,0,1,0,27.1426,201.4587,gaze_adjust,,
M2,11,/speech_cmd,1112.0,1143.0044,1146.3066,31.0044,255,0,1,0,27.1426,201.4587,comfort_prompt,,
M2,11,/event_log,1114.0,1144.8738,1146.5124,30.8738,301,0,1,0,27.1426,201.4587,sync_tick,,
M2,11,/system_health,1116.0,1140.5646,1143.6371,24.5646,388,0,1,0,27.1426,201.4587,system_ok,,
M2,12,/camera/image_raw,1199.1454,1229.1434,1232.1503,29.9979,285,0,1,0,27.8551,205.5486,rgb_frame,,
M2,12,/audio/stream,1182.4597,1216.3328,1219.2684,33.8732,347,0,1,0,27.8551,205.5486,wav_chunk,,
M2,12,/robot_pose,1197.2596,1227.6971,1230.6213,30.4375,237,0,1,0,27.8551,205.5486,pose_state,,
M2,12,/head_cmd,1210.0,1236.5964,1240.1619,26.5964,268,0,1,0,27.8551,205.5486,gaze_adjust,,
M2,12,/speech_cmd,1212.0,1244.2218,1246.5208,32.2218,220,0,1,0,27.8551,205.5486,comfort_prompt,,
M2,12,/event_log,1214.0,1243.0462,1246.395,29.0462,289,0,1,0,27.8551,205.5486,sync_tick,,
M2,12,/system_health,1216.0,1238.1564,1240.1842,22.1564,362,0,1,0,27.8551,205.5486,system_ok,,
M2,13,/camera/image_raw,1298.5034,1326.882,1329.9479,28.3786,223,0,1,0,27.2506,203.804,rgb_frame,,
M2,13,/audio/stream,1285.5962,1320.0535,1322.6872,34.4573,270,0,1,0,27.2506,203.804,wav_chunk,,
M2,13,/robot_pose,1309.4652,1339.9116,1341.9716,30.4463,318,0,1,0,27.2506,203.804,pose_state,,
M2,13,/head_cmd,1310.0,1336.4029,1337.3054,26.4029,292,0,1,0,27.2506,203.804,gaze_adjust,,
M2,13,/speech_cmd,1312.0,1344.3892,1346.9734,32.3892,280,0,1,0,27.2506,203.804,comfort_prompt,,
M2,13,/event_log,1314.0,1342.5821,1345.4121,28.5821,253,0,1,0,27.2506,203.804,sync_tick,,
M2,13,/system_health,1316.0,1343.9158,1345.8663,27.9158,377,0,1,0,27.2506,203.804,system_ok,,
M2,14,/camera/image_raw,1387.8552,1408.4522,1410.9635,20.5971,233,0,1,0,26.3809,202.7858,rgb_frame,,
M2,14,/audio/stream,1403.9983,1424.5387,1427.4103,20.5404,342,0,1,0,26.3809,202.7858,wav_chunk,,
M2,14,/robot_pose,1391.6044,1426.5021,1428.9893,34.8977,258,0,1,0,26.3809,202.7858,pose_state,,
M2,14,/head_cmd,1410.0,1444.2498,1447.7957,34.2498,324,0,1,0,26.3809,202.7858,gaze_adjust,,
M2,14,/speech_cmd,1412.0,1437.171,1439.5321,25.171,282,0,1,0,26.3809,202.7858,comfort_prompt,,
M2,14,/event_log,1414.0,1435.6987,1438.2742,21.6987,392,0,1,0,26.3809,202.7858,sync_tick,,
M2,14,/system_health,1416.0,1447.4969,1450.8757,31.4969,266,0,1,0,26.3809,202.7858,system_ok,,
M2,15,/camera/image_raw,1499.4875,1532.8324,1534.2395,33.3449,314,0,1,0,25.4398,207.5457,rgb_frame,,
M2,15,/audio/stream,1503.0502,1530.5578,1533.0297,27.5077,283,0,1,0,25.4398,207.5457,wav_chunk,,
M2,15,/robot_pose,1495.9209,1527.7538,1530.02,31.8329,340,0,1,0,25.4398,207.5457,pose_state,,
M2,15,/head_cmd,1510.0,1539.0932,1541.7925,29.0932,206,0,1,0,25.4398,207.5457,gaze_adjust,,
M2,15,/speech_cmd,1512.0,1548.4902,1551.066,36.4902,298,0,1,0,25.4398,207.5457,comfort_prompt,,
M2,15,/event_log,1514.0,1535.4228,1536.9646,21.4228,330,0,1,0,25.4398,207.5457,sync_tick,,
M2,15,/system_health,1516.0,1545.0031,1545.6721,29.0031,318,0,1,0,25.4398,207.5457,system_ok,,
M2,16,/camera/image_raw,1596.1935,1621.4152,1622.8209,25.2217,244,0,1,0,26.7252,207.3011,rgb_frame,,
M2,16,/audio/stream,1611.2905,1643.4109,1644.5462,32.1203,155,0,1,0,26.7252,207.3011,wav_chunk,,
M2,16,/robot_pose,1599.5608,1631.6673,1633.385,32.1065,232,0,1,0,26.7252,207.3011,pose_state,,
M2,16,/head_cmd,1610.0,1631.3844,1633.0412,21.3844,255,0,1,0,26.7252,207.3011,gaze_adjust,,
M2,16,/speech_cmd,1612.0,1644.5332,1646.1162,32.5332,355,0,1,0,26.7252,207.3011,comfort_prompt,,
M2,16,/event_log,1614.0,1640.0734,1641.7269,26.0734,348,0,1,0,26.7252,207.3011,sync_tick,,
M2,16,/system_health,1616.0,1645.6575,1647.4159,29.6575,246,0,1,0,26.7252,207.3011,system_ok,,
M2,17,/camera/image_raw,1709.4715,1734.4242,1736.5796,24.9527,256,0,1,0,26.4533,204.2524,rgb_frame,,
M2,17,/audio/stream,1711.7296,1745.1881,1748.354,33.4585,236,0,1,0,26.4533,204.2524,wav_chunk,,
M2,17,/robot_pose,1695.916,1723.9579,1726.6893,28.0418,220,0,1,0,26.4533,204.2524,pose_state,,
M2,17,/head_cmd,1710.0,1741.2522,1743.3819,31.2522,197,0,1,0,26.4533,204.2524,gaze_adjust,,
M2,17,/speech_cmd,1712.0,1737.0703,1740.4279,25.0703,246,0,1,0,26.4533,204.2524,comfort_prompt,,
M2,17,/event_log,1714.0,1749.459,1751.2481,35.459,273,0,1,0,26.4533,204.2524,sync_tick,,
M2,17,/system_health,1716.0,1754.4683,1755.8224,38.4683,142,0,1,0,26.4533,204.2524,system_ok,,
M2,18,/camera/image_raw,1809.0061,1834.0785,1836.1345,25.0723,282,0,1,0,25.8555,204.7509,rgb_frame,,
M2,18,/audio/stream,1793.3855,1818.2268,1819.8667,24.8412,235,0,1,0,25.8555,204.7509,wav_chunk,,
M2,18,/robot_pose,1799.8965,1823.0557,1824.9176,23.1592,263,0,1,0,25.8555,204.7509,pose_state,,
M2,18,/head_cmd,1810.0,1837.2763,1839.2592,27.2763,254,0,1,0,25.8555,204.7509,gaze_adjust,,
M2,18,/speech_cmd,1812.0,1838.2515,1841.0043,26.2515,342,0,1,0,25.8555,204.7509,comfort_prompt,,
M2,18,/event_log,1814.0,1841.017,1843.6051,27.017,241,0,1,0,25.8555,204.7509,sync_tick,,
M2,18,/system_health,1816.0,1846.3364,1849.789,30.3364,286,0,1,0,25.8555,204.7509,system_ok,,
M2,19,/camera/image_raw,1887.5861,1914.055,1915.0666,26.4689,264,0,1,0,26.2562,206.7878,rgb_frame,,
M2,19,/audio/stream,1903.632,1925.8354,1927.8436,22.2035,333,0,1,0,26.2562,206.7878,wav_chunk,,
M2,19,/robot_pose,1906.1643,1927.7547,1928.9311,21.5903,194,0,1,0,26.2562,206.7878,pose_state,,
M2,19,/head_cmd,1910.0,1938.9761,1940.8835,28.9761,339,0,1,0,26.2562,206.7878,gaze_adjust,,
M2,19,/speech_cmd,1912.0,1945.0468,1947.643,33.0468,264,0,1,0,26.2562,206.7878,comfort_prompt,,
M2,19,/event_log,1914.0,1944.8023,1946.3127,30.8023,307,0,1,0,26.2562,206.7878,sync_tick,,
M2,19,/system_health,1916.0,1940.7812,1943.6495,24.7812,327,0,1,0,26.2562,206.7878,system_ok,,
M2,20,/camera/image_raw,2001.4761,2028.432,2030.5915,26.9559,298,0,1,0,23.3523,204.8463,rgb_frame,,
M2,20,/audio/stream,1998.5903,2025.7006,2026.9884,27.1103,247,0,1,0,23.3523,204.8463,wav_chunk,,
M2,20,/robot_pose,2002.0015,2029.6811,2031.9731,27.6796,265,0,1,0,23.3523,204.8463,pose_state,,
M2,20,/head_cmd,2010.0,2041.5668,2042.898,31.5668,266,0,1,0,23.3523,204.8463,gaze_adjust,,
M2,20,/speech_cmd,2012.0,2044.5691,2045.3814,32.5691,266,0,1,0,23.3523,204.8463,comfort_prompt,,
M2,20,/event_log,2014.0,2039.0678,2040.9713,25.0678,201,0,1,0,23.3523,204.8463,sync_tick,,
M2,20,/system_health,2016.0,2042.7311,2046.4042,26.7311,180,0,1,0,23.3523,204.8463,system_ok,,
M2,21,/camera/image_raw,2091.8127,2119.4879,2120.9324,27.6752,241,0,1,0,25.9914,203.9282,rgb_frame,,
M2,21,/audio/stream,2089.5845,2128.7038,2132.0175,39.1193,204,0,1,0,25.9914,203.9282,wav_chunk,,
M2,21,/robot_pose,2108.6371,2140.5137,2142.0485,31.8766,149,0,1,0,25.9914,203.9282,pose_state,,
M2,21,/head_cmd,2110.0,2143.3644,2146.4924,33.3644,318,0,1,0,25.9914,203.9282,gaze_adjust,,
M2,21,/speech_cmd,2112.0,2139.4068,2141.4734,27.4068,300,0,1,0,25.9914,203.9282,comfort_prompt,,
M2,21,/event_log,2114.0,2144.8523,2146.7374,30.8523,158,0,1,0,25.9914,203.9282,sync_tick,,
M2,21,/system_health,2116.0,2145.7418,2148.805,29.7418,184,0,1,0,25.9914,203.9282,system_ok,,
M2,22,/camera/image_raw,2204.4713,2225.2218,2226.9949,20.7504,309,0,1,0,27.4592,202.0555,rgb_frame,,
M2,22,/audio/stream,2202.6523,2227.7026,2229.3474,25.0503,146,0,1,0,27.4592,202.0555,wav_chunk,,
M2,22,/robot_pose,2203.7507,2237.9796,2240.8402,34.2289,302,0,1,0,27.4592,202.0555,pose_state,,
M2,22,/head_cmd,2210.0,2241.0892,2243.7505,31.0892,241,0,1,0,27.4592,202.0555,gaze_adjust,,
M2,22,/speech_cmd,2212.0,2238.5632,2240.4212,26.5632,414,0,1,0,27.4592,202.0555,comfort_prompt,,
M2,22,/event_log,2214.0,2243.4419,2245.2709,29.4419,283,0,1,0,27.4592,202.0555,sync_tick,,
M2,22,/system_health,2216.0,2239.1748,2242.5784,23.1748,216,0,1,0,27.4592,202.0555,system_ok,,
M2,23,/camera/image_raw,2303.5076,2331.0743,2332.813,27.5667,229,0,1,0,26.6039,204.0302,rgb_frame,,
M2,23,/audio/stream,2308.5278,2342.2387,2344.3518,33.7108,208,0,1,0,26.6039,204.0302,wav_chunk,,
M2,23,/robot_pose,2301.9238,2327.6511,2330.7314,25.7273,296,0,1,0,26.6039,204.0302,pose_state,,
M2,23,/head_cmd,2310.0,2340.0338,2342.0278,30.0338,290,0,1,0,26.6039,204.0302,gaze_adjust,,
M2,23,/speech_cmd,2312.0,2337.2182,2339.2105,25.2182,314,0,1,0,26.6039,204.0302,comfort_prompt,,
M2,23,/event_log,2314.0,2345.2896,2346.7041,31.2896,204,0,1,0,26.6039,204.0302,sync_tick,,
M2,23,/system_health,2316.0,2344.2273,2347.8082,28.2273,141,0,1,0,26.6039,204.0302,system_ok,,
M2,24,/camera/image_raw,2401.9483,2428.3679,2430.5737,26.4196,223,0,1,0,26.0991,202.8226,rgb_frame,,
M2,24,/audio/stream,2388.9917,2411.6966,2414.5205,22.705,301,0,1,0,26.0991,202.8226,wav_chunk,,
M2,24,/robot_pose,2396.8283,2428.7558,2429.7233,31.9275,273,0,1,0,26.0991,202.8226,pose_state,,
M2,24,/head_cmd,2410.0,2441.2587,2442.6338,31.2587,256,0,1,0,26.0991,202.8226,gaze_adjust,,
M2,24,/speech_cmd,2412.0,2440.0897,2443.7635,28.0897,371,0,1,0,26.0991,202.8226,comfort_prompt,,
M2,24,/event_log,2414.0,2435.8974,2440.0925,21.8974,201,0,1,0,26.0991,202.8226,sync_tick,,
M2,24,/system_health,2416.0,2448.4775,2451.4539,32.4775,196,0,1,0,26.0991,202.8226,system_ok,,
M2,25,/camera/image_raw,2503.4529,2531.2721,2533.3378,27.8192,321,0,1,0,26.7537,207.3498,rgb_frame,,
M2,25,/audio/stream,2499.1397,2528.9789,2531.7643,29.8392,216,0,1,0,26.7537,207.3498,wav_chunk,,
M2,25,/robot_pose,2502.7717,2526.1082,2527.854,23.3365,218,0,1,0,26.7537,207.3498,pose_state,,
M2,25,/head_cmd,2510.0,2540.6624,2543.6432,30.6624,246,0,1,0,26.7537,207.3498,gaze_adjust,,
M2,25,/speech_cmd,2512.0,2545.2413,2548.536,33.2413,270,0,1,0,26.7537,207.3498,comfort_prompt,,
M2,25,/event_log,2514.0,2538.23,2541.6903,24.23,252,0,1,0,26.7537,207.3498,sync_tick,,
M2,25,/system_health,2516.0,2544.0222,2545.9506,28.0222,202,0,1,0,26.7537,207.3498,system_ok,,
M2,26,/camera/image_raw,2589.7195,2613.5312,2616.1393,23.8117,347,0,1,0,29.8655,200.959,rgb_frame,,
M2,26,/audio/stream,2605.0629,2634.1625,2636.8203,29.0996,145,0,1,0,29.8655,200.959,wav_chunk,,
M2,26,/robot_pose,2596.083,2622.2142,2623.5553,26.1312,142,0,1,0,29.8655,200.959,pose_state,,
M2,26,/head_cmd,2610.0,2639.3091,2639.7149,29.3091,176,0,1,0,29.8655,200.959,gaze_adjust,,
M2,26,/speech_cmd,2612.0,2638.6924,2640.2274,26.6924,279,0,1,0,29.8655,200.959,comfort_prompt,,
M2,26,/event_log,2614.0,2644.0635,2646.9786,30.0635,301,0,1,0,29.8655,200.959,sync_tick,,
M2,26,/system_health,2616.0,2649.4045,2651.6029,33.4045,274,0,1,0,29.8655,200.959,system_ok,,
M2,27,/camera/image_raw,2703.5806,2732.9351,2735.0598,29.3545,216,0,1,0,26.1343,201.7108,rgb_frame,,
M2,27,/audio/stream,2701.1333,2726.1523,2727.3839,25.019,314,0,1,0,26.1343,201.7108,wav_chunk,,
M2,27,/robot_pose,2698.014,2725.9965,2727.5062,27.9825,304,0,1,0,26.1343,201.7108,pose_state,,
M2,27,/head_cmd,2710.0,2735.4262,2736.501,25.4262,317,0,1,0,26.1343,201.7108,gaze_adjust,,
M2,27,/speech_cmd,2712.0,2737.5196,2739.3925,25.5196,258,0,1,0,26.1343,201.7108,comfort_prompt,,
M2,27,/event_log,2714.0,2746.2383,2748.4544,32.2383,184,0,1,0,26.1343,201.7108,sync_tick,,
M2,27,/system_health,2716.0,2745.8435,2747.6555,29.8435,369,0,1,0,26.1343,201.7108,system_ok,,
M2,28,/camera/image_raw,2799.9922,2836.676,2838.0602,36.6839,310,0,1,0,28.6391,208.4126,rgb_frame,,
M2,28,/audio/stream,2782.1197,2808.5918,2810.9712,26.4721,179,0,1,0,28.6391,208.4126,wav_chunk,,
M2,28,/robot_pose,2801.7868,2828.5691,2830.2281,26.7822,309,0,1,0,28.6391,208.4126,pose_state,,
M2,28,/head_cmd,2810.0,2842.5629,2844.9844,32.5629,174,0,1,0,28.6391,208.4126,gaze_adjust,,
M2,28,/speech_cmd,2812.0,2840.1135,2841.7166,28.1135,308,0,1,0,28.6391,208.4126,comfort_prompt,,
M2,28,/event_log,2814.0,2848.0728,2851.1179,34.0728,210,0,1,0,28.6391,208.4126,sync_tick,,
M2,28,/system_health,2816.0,2834.4019,2835.1884,18.4019,341,0,1,0,28.6391,208.4126,system_ok,,
M2,29,/camera/image_raw,2897.1912,2924.7239,2926.8182,27.5327,269,0,1,0,27.8917,204.0685,rgb_frame,,
M2,29,/audio/stream,2893.9942,2929.1007,2931.6387,35.1065,299,0,1,0,27.8917,204.0685,wav_chunk,,
M2,29,/robot_pose,2908.2133,2941.5967,2942.8609,33.3834,301,0,1,0,27.8917,204.0685,pose_state,,
M2,29,/head_cmd,2910.0,2937.528,2937.7151,27.528,128,0,1,0,27.8917,204.0685,gaze_adjust,,
M2,29,/speech_cmd,2912.0,2936.6338,2939.2588,24.6338,262,0,1,0,27.8917,204.0685,comfort_prompt,,
M2,29,/event_log,2914.0,2943.4438,2947.2045,29.4438,179,0,1,0,27.8917,204.0685,sync_tick,,
M2,29,/system_health,2916.0,2944.5966,2947.0401,28.5966,211,0,1,0,27.8917,204.0685,system_ok,,
M2,30,/camera/image_raw,3000.1983,3029.4503,3032.4727,29.252,252,0,1,0,25.7502,209.6879,rgb_frame,,
M2,30,/audio/stream,2987.2004,3016.4593,3018.1921,29.2589,263,0,1,0,25.7502,209.6879,wav_chunk,,
M2,30,/robot_pose,3007.0495,3037.7034,3039.276,30.6539,248,0,1,0,25.7502,209.6879,pose_state,,
M2,30,/head_cmd,3010.0,3036.9415,3040.9812,26.9415,250,0,1,0,25.7502,209.6879,gaze_adjust,,
M2,30,/speech_cmd,3012.0,3047.5628,3049.6063,35.5628,271,0,1,0,25.7502,209.6879,comfort_prompt,,
M2,30,/event_log,3014.0,3038.0964,3039.9388,24.0964,268,0,1,0,25.7502,209.6879,sync_tick,,
M2,30,/system_health,3016.0,3051.7259,3054.1035,35.7259,339,0,1,0,25.7502,209.6879,system_ok,,
M2,31,/camera/image_raw,3104.4851,3130.017,3131.2489,25.5319,395,0,1,0,29.1292,202.6409,rgb_frame,,
M2,31,/audio/stream,3113.0192,3144.8947,3146.8274,31.8755,330,0,1,0,29.1292,202.6409,wav_chunk,,
M2,31,/robot_pose,3099.7048,3131.0533,3134.8262,31.3485,163,0,1,0,29.1292,202.6409,pose_state,,
M2,31,/head_cmd,3110.0,3137.5363,3139.3663,27.5363,137,0,1,0,29.1292,202.6409,gaze_adjust,,
M2,31,/speech_cmd,3112.0,3144.839,3146.8227,32.839,300,0,1,0,29.1292,202.6409,comfort_prompt,,
M2,31,/event_log,3114.0,3152.0368,3153.9542,38.0368,230,0,1,0,29.1292,202.6409,sync_tick,,
M2,31,/system_health,3116.0,3145.0724,3148.0622,29.0724,221,0,1,0,29.1292,202.6409,system_ok,,
M2,32,/camera/image_raw,3195.5833,3230.1331,3232.6547,34.5499,210,0,1,0,24.2508,200.5689,rgb_frame,,
M2,32,/audio/stream,3208.4575,3236.3208,3238.5314,27.8633,300,0,1,0,24.2508,200.5689,wav_chunk,,
M2,32,/robot_pose,3201.8932,3225.0051,3226.5323,23.1119,272,0,1,0,24.2508,200.5689,pose_state,,
M2,32,/head_cmd,3210.0,3238.1456,3240.8031,28.1456,182,0,1,0,24.2508,200.5689,gaze_adjust,,
M2,32,/speech_cmd,3212.0,3241.9734,3245.0467,29.9734,285,0,1,0,24.2508,200.5689,comfort_prompt,,
M2,32,/event_log,3214.0,3243.1014,3245.2246,29.1014,205,0,1,0,24.2508,200.5689,sync_tick,,
M2,32,/system_health,3216.0,3244.2569,3247.4647,28.2569,248,0,1,0,24.2508,200.5689,system_ok,,
M2,33,/camera/image_raw,3293.7714,3323.7307,3326.6419,29.9593,341,0,1,0,26.0891,205.3588,rgb_frame,,
M2,33,/audio/stream,3296.062,3327.9134,3329.366,31.8514,201,0,1,0,26.0891,205.3588,wav_chunk,,
M2,33,/robot_pose,3301.0043,3328.5691,3330.4082,27.5649,187,0,1,0,26.0891,205.3588,pose_state,,
M2,33,/head_cmd,3310.0,3336.1012,3337.9216,26.1012,215,0,1,0,26.0891,205.3588,gaze_adjust,,
M2,33,/speech_cmd,3312.0,3338.6048,3341.7475,26.6048,267,0,1,0,26.0891,205.3588,comfort_prompt,,
M2,33,/event_log,3314.0,3351.7552,3354.0916,37.7552,238,0,1,0,26.0891,205.3588,sync_tick,,
M2,33,/system_health,3316.0,3343.8845,3346.2897,27.8845,282,0,1,0,26.0891,205.3588,system_ok,,
M2,34,/camera/image_raw,3414.537,3447.1757,3450.3898,32.6387,204,0,1,0,26.7285,199.6009,rgb_frame,,
M2,34,/audio/stream,3393.2374,3422.7576,3423.5774,29.5202,180,0,1,0,26.7285,199.6009,wav_chunk,,
M2,34,/robot_pose,3404.2952,3438.0433,3439.8702,33.7481,189,0,1,0,26.7285,199.6009,pose_state,,
M2,34,/head_cmd,3410.0,3440.4738,3442.2559,30.4738,227,0,1,0,26.7285,199.6009,gaze_adjust,,
M2,34,/speech_cmd,3412.0,3444.5132,3445.7839,32.5132,201,0,1,0,26.7285,199.6009,comfort_prompt,,
M2,34,/event_log,3414.0,3444.1723,3447.1478,30.1723,330,0,1,0,26.7285,199.6009,sync_tick,,
M2,34,/system_health,3416.0,3442.8957,3445.8456,26.8957,208,0,1,0,26.7285,199.6009,system_ok,,
M2,35,/camera/image_raw,3512.7835,3544.7712,3546.1584,31.9877,224,0,1,0,25.7779,209.6371,rgb_frame,,
M2,35,/audio/stream,3490.9298,3523.677,3526.7191,32.7472,251,0,1,0,25.7779,209.6371,wav_chunk,,
M2,35,/robot_pose,3506.6424,3536.4435,3539.2501,29.8011,263,0,1,0,25.7779,209.6371,pose_state,,
M2,35,/head_cmd,3510.0,3534.4484,3535.998,24.4484,270,0,1,0,25.7779,209.6371,gaze_adjust,,
M2,35,/speech_cmd,3512.0,3546.4844,3549.9772,34.4844,302,0,1,0,25.7779,209.6371,comfort_prompt,,
M2,35,/event_log,3514.0,3544.7716,3547.5707,30.7716,215,0,1,0,25.7779,209.6371,sync_tick,,
M2,35,/system_health,3516.0,3545.0095,3546.5502,29.0095,181,0,1,0,25.7779,209.6371,system_ok,,
M2,36,/camera/image_raw,3602.3348,3631.7958,3633.9617,29.461,280,0,1,0,27.1007,204.6794,rgb_frame,,
M2,36,/audio/stream,3601.4841,3625.814,3628.3098,24.3299,296,0,1,0,27.1007,204.6794,wav_chunk,,
M2,36,/robot_pose,3603.4383,3627.994,3630.2355,24.5558,218,0,1,0,27.1007,204.6794,pose_state,,
M2,36,/head_cmd,3610.0,3635.1285,3636.4285,25.1285,331,0,1,0,27.1007,204.6794,gaze_adjust,,
M2,36,/speech_cmd,3612.0,3643.4972,3646.1272,31.4972,374,0,1,0,27.1007,204.6794,comfort_prompt,,
M2,36,/event_log,3614.0,3640.4775,3645.1029,26.4775,242,0,1,0,27.1007,204.6794,sync_tick,,
M2,36,/system_health,3616.0,3644.2553,3646.137,28.2553,278,0,1,0,27.1007,204.6794,system_ok,,
M2,37,/camera/image_raw,3705.8493,3730.3887,3732.9235,24.5394,247,0,1,0,26.7631,204.7574,rgb_frame,,
M2,37,/audio/stream,3699.0887,3724.8311,3726.4099,25.7424,416,0,1,0,26.7631,204.7574,wav_chunk,,
M2,37,/robot_pose,3708.8836,3736.0051,3737.0395,27.1215,214,0,1,0,26.7631,204.7574,pose_state,,
M2,37,/head_cmd,3710.0,3737.9691,3740.6065,27.9691,289,0,1,0,26.7631,204.7574,gaze_adjust,,
M2,37,/speech_cmd,3712.0,3742.8818,3744.566,30.8818,276,0,1,0,26.7631,204.7574,comfort_prompt,,
M2,37,/event_log,3714.0,3738.6712,3740.3754,24.6712,200,0,1,0,26.7631,204.7574,sync_tick,,
M2,37,/system_health,3716.0,3739.4218,3742.4732,23.4218,297,0,1,0,26.7631,204.7574,system_ok,,
M2,38,/camera/image_raw,3806.8367,3835.3278,3838.0295,28.4911,278,0,1,0,24.5626,206.4166,rgb_frame,,
M2,38,/audio/stream,3800.3145,3824.1489,3825.1505,23.8344,213,0,1,0,24.5626,206.4166,wav_chunk,,
M2,38,/robot_pose,3803.884,3833.9264,3836.6784,30.0423,173,0,1,0,24.5626,206.4166,pose_state,,
M2,38,/head_cmd,3810.0,3833.8583,3835.4797,23.8583,234,0,1,0,24.5626,206.4166,gaze_adjust,,
M2,38,/speech_cmd,3812.0,3834.3345,3835.3968,22.3345,206,0,1,0,24.5626,206.4166,comfort_prompt,,
M2,38,/event_log,3814.0,3842.1277,3843.3832,28.1277,249,0,1,0,24.5626,206.4166,sync_tick,,
M2,38,/system_health,3816.0,3848.0169,3849.1754,32.0169,243,0,1,0,24.5626,206.4166,system_ok,,
M2,39,/camera/image_raw,3907.1733,3939.8536,3942.3968,32.6803,235,0,1,0,27.7798,203.1426,rgb_frame,,
M2,39,/audio/stream,3896.6539,3926.8349,3929.2913,30.1811,317,0,1,0,27.7798,203.1426,wav_chunk,,
M2,39,/robot_pose,3897.1317,3923.2006,3925.4336,26.069,252,0,1,0,27.7798,203.1426,pose_state,,
M2,39,/head_cmd,3910.0,3941.0789,3942.4588,31.0789,317,0,1,0,27.7798,203.1426,gaze_adjust,,
M2,39,/speech_cmd,3912.0,3942.1276,3943.2741,30.1276,328,0,1,0,27.7798,203.1426,comfort_prompt,,
M2,39,/event_log,3914.0,3951.1987,3954.2002,37.1987,341,0,1,0,27.7798,203.1426,sync_tick,,
M2,39,/system_health,3916.0,3944.6038,3945.4746,28.6038,145,0,1,0,27.7798,203.1426,system_ok,,
M2,40,/camera/image_raw,4001.7856,4023.7571,4025.598,21.9715,346,0,1,0,26.431,205.7236,rgb_frame,,
M2,40,/audio/stream,3995.2642,4018.7456,4021.6414,23.4814,226,0,1,0,26.431,205.7236,wav_chunk,,
M2,40,/robot_pose,3995.4271,4025.3929,4028.4707,29.9657,300,0,1,0,26.431,205.7236,pose_state,,
M2,40,/head_cmd,4010.0,4041.4192,4042.6979,31.4192,322,0,1,0,26.431,205.7236,gaze_adjust,,
M2,40,/speech_cmd,4012.0,4036.3718,4038.7794,24.3718,271,0,1,0,26.431,205.7236,comfort_prompt,,
M2,40,/event_log,4014.0,4043.7231,4046.1926,29.7231,205,0,1,0,26.431,205.7236,sync_tick,,
M2,40,/system_health,4016.0,4038.3831,4041.281,22.3831,267,0,1,0,26.431,205.7236,system_ok,,
M2,41,/camera/image_raw,4108.0456,4138.2222,4139.9043,30.1766,354,0,1,0,27.5627,202.963,rgb_frame,,
M2,41,/audio/stream,4099.6421,4124.9445,4126.8745,25.3023,262,0,1,0,27.5627,202.963,wav_chunk,,
M2,41,/robot_pose,4092.9742,4117.414,4119.8784,24.4398,352,0,1,0,27.5627,202.963,pose_state,,
M2,41,/head_cmd,4110.0,4136.8467,4139.3628,26.8467,91,0,1,0,27.5627,202.963,gaze_adjust,,
M2,41,/speech_cmd,4112.0,4140.6529,4142.6024,28.6529,206,0,1,0,27.5627,202.963,comfort_prompt,,
M2,41,/event_log,4114.0,4147.1344,4149.0734,33.1344,245,0,1,0,27.5627,202.963,sync_tick,,
M2,41,/system_health,4116.0,4143.2998,4143.9664,27.2998,188,0,1,0,27.5627,202.963,system_ok,,
M2,42,/camera/image_raw,4206.7277,4239.6349,4241.3892,32.9073,334,0,1,0,26.0603,208.8821,rgb_frame,,
M2,42,/audio/stream,4183.1204,4209.9912,4212.9985,26.8708,174,0,1,0,26.0603,208.8821,wav_chunk,,
M2,42,/robot_pose,4196.1684,4230.2943,4232.1694,34.1259,194,0,1,0,26.0603,208.8821,pose_state,,
M2,42,/head_cmd,4210.0,4238.9643,4241.3862,28.9643,226,0,1,0,26.0603,208.8821,gaze_adjust,,
M2,42,/speech_cmd,4212.0,4244.0487,4245.7823,32.0487,293,0,1,0,26.0603,208.8821,comfort_prompt,,
M2,42,/event_log,4214.0,4245.6018,4247.753,31.6018,229,0,1,0,26.0603,208.8821,sync_tick,,
M2,42,/system_health,4216.0,4246.439,4249.0792,30.439,379,0,1,0,26.0603,208.8821,system_ok,,
M2,43,/camera/image_raw,4306.5759,4337.456,4338.8488,30.8801,229,0,1,0,27.0676,205.357,rgb_frame,,
M2,43,/audio/stream,4307.8079,4333.8472,4336.5653,26.0393,245,0,1,0,27.0676,205.357,wav_chunk,,
M2,43,/robot_pose,4315.4426,4344.0594,4347.1294,28.6169,307,0,1,0,27.0676,205.357,pose_state,,
M2,43,/head_cmd,4310.0,4337.4171,4339.0811,27.4171,324,0,1,0,27.0676,205.357,gaze_adjust,,
M2,43,/speech_cmd,4312.0,4343.1596,4344.0746,31.1596,237,0,1,0,27.0676,205.357,comfort_prompt,,
M2,43,/event_log,4314.0,4342.7261,4345.5491,28.7261,310,0,1,0,27.0676,205.357,sync_tick,,
M2,43,/system_health,4316.0,4345.1996,4347.8678,29.1996,259,0,1,0,27.0676,205.357,system_ok,,
M2,44,/camera/image_raw,4395.283,4421.2705,4423.5155,25.9875,239,0,1,0,26.4619,198.7204,rgb_frame,,
M2,44,/audio/stream,4397.9099,4424.5,4427.0904,26.5901,191,0,1,0,26.4619,198.7204,wav_chunk,,
M2,44,/robot_pose,4400.095,4421.1602,4423.0817,21.0653,301,0,1,0,26.4619,198.7204,pose_state,,
M2,44,/head_cmd,4410.0,4444.3276,4447.1533,34.3276,167,0,1,0,26.4619,198.7204,gaze_adjust,,
M2,44,/speech_cmd,4412.0,4438.648,4441.0533,26.648,266,0,1,0,26.4619,198.7204,comfort_prompt,,
M2,44,/event_log,4414.0,4443.7346,4445.201,29.7346,259,0,1,0,26.4619,198.7204,sync_tick,,
M2,44,/system_health,4416.0,4445.2587,4448.1193,29.2587,207,0,1,0,26.4619,198.7204,system_ok,,
M2,45,/camera/image_raw,4497.5839,4527.5521,4529.7073,29.9682,120,0,1,0,25.9231,201.1452,rgb_frame,,
M2,45,/audio/stream,4478.3695,4508.5372,4509.9946,30.1678,285,0,1,0,25.9231,201.1452,wav_chunk,,
M2,45,/robot_pose,4496.8927,4521.071,4523.295,24.1783,239,0,1,0,25.9231,201.1452,pose_state,,
M2,45,/head_cmd,4510.0,4540.5181,4542.8179,30.5181,240,0,1,0,25.9231,201.1452,gaze_adjust,,
M2,45,/speech_cmd,4512.0,4535.1606,4536.1789,23.1606,220,0,1,0,25.9231,201.1452,comfort_prompt,,
M2,45,/event_log,4514.0,4543.2726,4544.986,29.2726,293,0,1,0,25.9231,201.1452,sync_tick,,
M2,45,/system_health,4516.0,4544.1888,4545.6168,28.1888,239,0,1,0,25.9231,201.1452,system_ok,,
M2,46,/camera/image_raw,4601.581,4631.2228,4633.4041,29.6418,225,0,1,0,25.7642,203.7943,rgb_frame,,
M2,46,/audio/stream,4602.5991,4624.3394,4626.1307,21.7403,191,0,1,0,25.7642,203.7943,wav_chunk,,
M2,46,/robot_pose,4609.3919,4630.4228,4631.9862,21.0309,193,0,1,0,25.7642,203.7943,pose_state,,
M2,46,/head_cmd,4610.0,4640.2725,4642.9533,30.2725,201,0,1,0,25.7642,203.7943,gaze_adjust,,
M2,46,/speech_cmd,4612.0,4638.8964,4639.6098,26.8964,226,0,1,0,25.7642,203.7943,comfort_prompt,,
M2,46,/event_log,4614.0,4643.5332,4646.3932,29.5332,213,0,1,0,25.7642,203.7943,sync_tick,,
M2,46,/system_health,4616.0,4648.1447,4649.1322,32.1447,181,0,1,0,25.7642,203.7943,system_ok,,
M2,47,/camera/image_raw,4704.9676,4725.1861,4727.4896,20.2184,234,0,1,0,26.4556,197.8535,rgb_frame,,
M2,47,/audio/stream,4713.369,4737.2538,4739.5063,23.8849,262,0,1,0,26.4556,197.8535,wav_chunk,,
M2,47,/robot_pose,4702.4672,4734.553,4736.8623,32.0859,329,0,1,0,26.4556,197.8535,pose_state,,
M2,47,/head_cmd,4710.0,4738.3402,4740.4479,28.3402,319,0,1,0,26.4556,197.8535,gaze_adjust,,
M2,47,/speech_cmd,4712.0,4736.3945,4740.846,24.3945,278,0,1,0,26.4556,197.8535,comfort_prompt,,
M2,47,/event_log,4714.0,4743.8315,4746.4516,29.8315,368,0,1,0,26.4556,197.8535,sync_tick,,
M2,47,/system_health,4716.0,4747.4782,4748.3942,31.4782,340,0,1,0,26.4556,197.8535,system_ok,,
M2,48,/camera/image_raw,4797.6137,4825.8848,4827.8575,28.2711,371,0,1,0,27.0788,202.1762,rgb_frame,,
M2,48,/audio/stream,4800.8572,4836.6567,4838.8939,35.7995,259,0,1,0,27.0788,202.1762,wav_chunk,,
M2,48,/robot_pose,4793.6037,4819.9804,4823.0652,26.3766,236,0,1,0,27.0788,202.1762,pose_state,,
M2,48,/head_cmd,4810.0,4836.1851,4839.1679,26.1851,223,0,1,0,27.0788,202.1762,gaze_adjust,,
M2,48,/speech_cmd,4812.0,4839.7194,4840.6544,27.7194,298,0,1,0,27.0788,202.1762,comfort_prompt,,
M2,48,/event_log,4814.0,4849.6339,4852.4109,35.6339,343,0,1,0,27.0788,202.1762,sync_tick,,
M2,48,/system_health,4816.0,4840.486,4842.8751,24.486,199,0,1,0,27.0788,202.1762,system_ok,,
M2,49,/camera/image_raw,4898.4056,4920.8136,4923.4068,22.408,379,0,1,0,24.9461,200.3179,rgb_frame,,
M2,49,/audio/stream,4906.1777,4939.5602,4940.2434,33.3825,341,0,1,0,24.9461,200.3179,wav_chunk,,
M2,49,/robot_pose,4900.5091,4932.1874,4933.1511,31.6782,237,0,1,0,24.9461,200.3179,pose_state,,
M2,49,/head_cmd,4910.0,4942.3147,4944.9551,32.3147,177,0,1,0,24.9461,200.3179,gaze_adjust,,
M2,49,/speech_cmd,4912.0,4942.3756,4942.8656,30.3756,242,0,1,0,24.9461,200.3179,comfort_prompt,,
M2,49,/event_log,4914.0,4946.4845,4948.6992,32.4845,226,0,1,0,24.9461,200.3179,sync_tick,,
M2,49,/system_health,4916.0,4947.49,4950.4698,31.49,334,0,1,0,24.9461,200.3179,system_ok,,
M2,50,/camera/image_raw,5006.1204,5032.7697,5033.9998,26.6493,198,0,1,0,26.7921,204.2506,rgb_frame,,
M2,50,/audio/stream,5008.651,5035.1213,5037.5145,26.4703,342,0,1,0,26.7921,204.2506,wav_chunk,,
M2,50,/robot_pose,5003.6645,5031.0957,5034.0985,27.4312,320,0,1,0,26.7921,204.2506,pose_state,,
M2,50,/head_cmd,5010.0,5036.6726,5039.3483,26.6726,241,0,1,0,26.7921,204.2506,gaze_adjust,,
M2,50,/speech_cmd,5012.0,5044.8869,5047.5956,32.8869,184,0,1,0,26.7921,204.2506,comfort_prompt,,
M2,50,/event_log,5014.0,5042.2445,5045.763,28.2445,245,0,1,0,26.7921,204.2506,sync_tick,,
M2,50,/system_health,5016.0,5045.3892,5048.0259,29.3892,193,0,1,0,26.7921,204.2506,system_ok,,
M2,51,/camera/image_raw,5103.575,5131.1241,5133.6813,27.5492,252,0,1,0,27.6833,204.9989,rgb_frame,,
M2,51,/audio/stream,5088.8493,5117.6667,5120.3922,28.8174,212,0,1,0,27.6833,204.9989,wav_chunk,,
M2,51,/robot_pose,5096.8719,5125.8003,5127.7505,28.9284,160,0,1,0,27.6833,204.9989,pose_state,,
M2,51,/head_cmd,5110.0,5135.0853,5138.5398,25.0853,279,0,1,0,27.6833,204.9989,gaze_adjust,,
M2,51,/speech_cmd,5112.0,5135.4727,5136.4404,23.4727,249,0,1,0,27.6833,204.9989,comfort_prompt,,
M2,51,/event_log,5114.0,5149.0118,5151.0624,35.0118,334,0,1,0,27.6833,204.9989,sync_tick,,
M2,51,/system_health,5116.0,5146.1748,5148.7518,30.1748,175,0,1,0,27.6833,204.9989,system_ok,,
M2,52,/camera/image_raw,5206.5627,5236.0797,5238.1565,29.5171,280,0,1,0,25.6044,204.4957,rgb_frame,,
M2,52,/audio/stream,5197.3205,5224.364,5226.0448,27.0435,352,0,1,0,25.6044,204.4957,wav_chunk,,
M2,52,/robot_pose,5204.3155,5236.6203,5238.2116,32.3049,290,0,1,0,25.6044,204.4957,pose_state,,
M2,52,/head_cmd,5210.0,5235.1383,5236.3906,25.1383,318,0,1,0,25.6044,204.4957,gaze_adjust,,
M2,52,/speech_cmd,5212.0,5233.2927,5236.2341,21.2927,240,0,1,0,25.6044,204.4957,comfort_prompt,,
M2,52,/event_log,5214.0,5241.2629,5243.7907,27.2629,290,0,1,0,25.6044,204.4957,sync_tick,,
M2,52,/system_health,5216.0,5240.8037,5243.5779,24.8037,262,0,1,0,25.6044,204.4957,system_ok,,
M2,53,/camera/image_raw,5291.2076,5315.3301,5317.9226,24.1225,307,0,1,0,28.3443,206.0086,rgb_frame,,
M2,53,/audio/stream,5298.641,5330.4277,5333.2557,31.7867,277,0,1,0,28.3443,206.0086,wav_chunk,,
M2,53,/robot_pose,5306.9064,5335.5006,5337.2139,28.5942,142,0,1,0,28.3443,206.0086,pose_state,,
M2,53,/head_cmd,5310.0,5340.2424,5342.5913,30.2424,289,0,1,0,28.3443,206.0086,gaze_adjust,,
M2,53,/speech_cmd,5312.0,5335.5337,5338.2497,23.5337,379,0,1,0,28.3443,206.0086,comfort_prompt,,
M2,53,/event_log,5314.0,5343.1977,5345.3483,29.1977,274,0,1,0,28.3443,206.0086,sync_tick,,
M2,53,/system_health,5316.0,5353.0132,5354.3943,37.0132,268,0,1,0,28.3443,206.0086,system_ok,,
M2,54,/camera/image_raw,5394.4024,5423.8369,5425.7356,29.4345,405,0,1,0,27.9821,209.0428,rgb_frame,,
M2,54,/audio/stream,5395.624,5421.5557,5423.2988,25.9317,149,0,1,0,27.9821,209.0428,wav_chunk,,
M2,54,/robot_pose,5399.752,5432.9784,5435.953,33.2263,401,0,1,0,27.9821,209.0428,pose_state,,
M2,54,/head_cmd,5410.0,5432.0839,5435.4504,22.0839,260,0,1,0,27.9821,209.0428,gaze_adjust,,
M2,54,/speech_cmd,5412.0,5442.8664,5443.7481,30.8664,344,0,1,0,27.9821,209.0428,comfort_prompt,,
M2,54,/event_log,5414.0,5444.788,5446.9569,30.788,294,0,1,0,27.9821,209.0428,sync_tick,,
M2,54,/system_health,5416.0,5440.58,5442.3164,24.58,228,0,1,0,27.9821,209.0428,system_ok,,
M2,55,/camera/image_raw,5487.0309,5515.3523,5517.8149,28.3214,218,0,1,0,25.7285,204.975,rgb_frame,,
M2,55,/audio/stream,5506.8941,5532.7439,5535.7856,25.8499,252,0,1,0,25.7285,204.975,wav_chunk,,
M2,55,/robot_pose,5505.958,5543.43,5545.667,37.472,200,0,1,0,25.7285,204.975,pose_state,,
M2,55,/head_cmd,5510.0,5544.2913,5546.996,34.2913,299,0,1,0,25.7285,204.975,gaze_adjust,,
M2,55,/speech_cmd,5512.0,5546.146,5547.8237,34.146,248,0,1,0,25.7285,204.975,comfort_prompt,,
M2,55,/event_log,5514.0,5542.6978,5543.8652,28.6978,240,0,1,0,25.7285,204.975,sync_tick,,
M2,55,/system_health,5516.0,5550.7291,5553.119,34.7291,175,0,1,0,25.7285,204.975,system_ok,,
M2,56,/camera/image_raw,5589.1091,5613.105,5616.4435,23.9959,232,0,1,0,25.7878,203.2328,rgb_frame,,
M2,56,/audio/stream,5613.3182,5648.6929,5650.9342,35.3747,341,0,1,0,25.7878,203.2328,wav_chunk,,
M2,56,/robot_pose,5599.5484,5630.4803,5633.3629,30.9319,299,0,1,0,25.7878,203.2328,pose_state,,
M2,56,/head_cmd,5610.0,5642.3983,5644.8766,32.3983,242,0,1,0,25.7878,203.2328,gaze_adjust,,
M2,56,/speech_cmd,5612.0,5649.5668,5651.0413,37.5668,256,0,1,0,25.7878,203.2328,comfort_prompt,,
M2,56,/event_log,5614.0,5643.9646,5646.4866,29.9646,230,0,1,0,25.7878,203.2328,sync_tick,,
M2,56,/system_health,5616.0,5647.1641,5649.229,31.1641,161,0,1,0,25.7878,203.2328,system_ok,,
M2,57,/camera/image_raw,5700.0669,5730.2382,5732.892,30.1714,140,0,1,0,26.6506,205.3661,rgb_frame,,
M2,57,/audio/stream,5691.1955,5713.816,5717.5948,22.6205,193,0,1,0,26.6506,205.3661,wav_chunk,,
M2,57,/robot_pose,5691.3281,5721.836,5723.4865,30.5079,260,0,1,0,26.6506,205.3661,pose_state,,
M2,57,/head_cmd,5710.0,5735.5315,5738.1808,25.5315,264,0,1,0,26.6506,205.3661,gaze_adjust,,
M2,57,/speech_cmd,5712.0,5738.2714,5739.6313,26.2714,272,0,1,0,26.6506,205.3661,comfort_prompt,,
M2,57,/event_log,5714.0,5737.2137,5739.7557,23.2137,413,0,1,0,26.6506,205.3661,sync_tick,,
M2,57,/system_health,5716.0,5749.4652,5752.2399,33.4652,250,0,1,0,26.6506,205.3661,system_ok,,
M2,58,/camera/image_raw,5786.4287,5815.1644,5816.5147,28.7356,182,0,1,0,25.6313,202.0421,rgb_frame,,
M2,58,/audio/stream,5789.4217,5818.618,5820.1048,29.1963,211,0,1,0,25.6313,202.0421,wav_chunk,,
M2,58,/robot_pose,5806.414,5832.6874,5835.3053,26.2735,242,0,1,0,25.6313,202.0421,pose_state,,
M2,58,/head_cmd,5810.0,5838.6839,5841.3615,28.6839,247,0,1,0,25.6313,202.0421,gaze_adjust,,
M2,58,/speech_cmd,5812.0,5840.2852,5842.8616,28.2852,296,0,1,0,25.6313,202.0421,comfort_prompt,,
M2,58,/event_log,5814.0,5842.8099,5845.0744,28.8099,209,0,1,0,25.6313,202.0421,sync_tick,,
M2,58,/system_health,5816.0,5841.9555,5844.7708,25.9555,282,0,1,0,25.6313,202.0421,system_ok,,
M2,59,/camera/image_raw,5903.1871,5934.1867,5936.3061,30.9996,339,0,1,0,27.2661,206.6183,rgb_frame,,
M2,59,/audio/stream,5902.2468,5930.5154,5933.2213,28.2686,272,0,1,0,27.2661,206.6183,wav_chunk,,
M2,59,/robot_pose,5900.231,5928.5738,5930.1852,28.3428,298,0,1,0,27.2661,206.6183,pose_state,,
M2,59,/head_cmd,5910.0,5948.7359,5950.6361,38.7359,260,0,1,0,27.2661,206.6183,gaze_adjust,,
M2,59,/speech_cmd,5912.0,5937.5699,5939.3795,25.5699,348,0,1,0,27.2661,206.6183,comfort_prompt,,
M2,59,/event_log,5914.0,5938.6628,5940.4836,24.6628,160,0,1,0,27.2661,206.6183,sync_tick,,
M2,59,/system_health,5916.0,5940.3243,5941.1576,24.3243,293,0,1,0,27.2661,206.6183,system_ok,,
M2,60,/camera/image_raw,6019.5979,6055.1471,6057.1214,35.5492,218,0,1,0,27.49,201.9646,rgb_frame,,
M2,60,/audio/stream,5997.0666,6026.7065,6029.5128,29.64,242,0,1,0,27.49,201.9646,wav_chunk,,
M2,60,/robot_pose,5991.6662,6020.0311,6022.072,28.3649,179,0,1,0,27.49,201.9646,pose_state,,
M2,60,/head_cmd,6010.0,6041.9399,6042.7105,31.9399,229,0,1,0,27.49,201.9646,gaze_adjust,,
M2,60,/speech_cmd,6012.0,6045.3893,6047.8318,33.3893,291,0,1,0,27.49,201.9646,comfort_prompt,,
M2,60,/event_log,6014.0,6044.0916,6047.2274,30.0916,311,0,1,0,27.49,201.9646,sync_tick,,
M2,60,/system_health,6016.0,6048.1364,6051.0784,32.1364,301,0,1,0,27.49,201.9646,system_ok,,
M2,61,/camera/image_raw,6096.9238,6121.7208,6123.1957,24.7971,283,0,1,0,27.1007,207.0533,rgb_frame,,
M2,61,/audio/stream,6089.2488,6117.5065,6118.1979,28.2577,278,0,1,0,27.1007,207.0533,wav_chunk,,
M2,61,/robot_pose,6102.1018,6123.2345,6124.6783,21.1327,337,0,1,0,27.1007,207.0533,pose_state,,
M2,61,/head_cmd,6110.0,6145.8419,6147.0694,35.8419,236,0,1,0,27.1007,207.0533,gaze_adjust,,
M2,61,/speech_cmd,6112.0,6140.7129,6144.3378,28.7129,226,0,1,0,27.1007,207.0533,comfort_prompt,,
M2,61,/event_log,6114.0,6140.6348,6144.0738,26.6348,233,0,1,0,27.1007,207.0533,sync_tick,,
M2,61,/system_health,6116.0,6147.4312,6148.4495,31.4312,245,0,1,0,27.1007,207.0533,system_ok,,
M2,62,/camera/image_raw,6188.3828,6214.2854,6216.3089,25.9026,274,0,1,0,26.4451,203.1065,rgb_frame,,
M2,62,/audio/stream,6191.5565,6224.3858,6224.4857,32.8292,206,0,1,0,26.4451,203.1065,wav_chunk,,
M2,62,/robot_pose,6204.196,6233.73,6235.8509,29.534,280,0,1,0,26.4451,203.1065,pose_state,,
M2,62,/head_cmd,6210.0,6239.9677,6241.9238,29.9677,224,0,1,0,26.4451,203.1065,gaze_adjust,,
M2,62,/speech_cmd,6212.0,6239.9156,6243.0346,27.9156,212,0,1,0,26.4451,203.1065,comfort_prompt,,
M2,62,/event_log,6214.0,6242.6464,6244.993,28.6464,349,0,1,0,26.4451,203.1065,sync_tick,,
M2,62,/system_health,6216.0,6243.6963,6246.6634,27.6963,329,0,1,0,26.4451,203.1065,system_ok,,
M2,63,/camera/image_raw,6299.5537,6327.6265,6330.0147,28.0728,188,0,1,0,26.2186,206.3919,rgb_frame,,
M2,63,/audio/stream,6298.3142,6321.593,6325.5078,23.2788,245,0,1,0,26.2186,206.3919,wav_chunk,,
M2,63,/robot_pose,6298.3547,6322.4044,6325.7493,24.0496,272,0,1,0,26.2186,206.3919,pose_state,,
M2,63,/head_cmd,6310.0,6339.4614,6341.5509,29.4614,236,0,1,0,26.2186,206.3919,gaze_adjust,,
M2,63,/speech_cmd,6312.0,6338.4704,6339.5642,26.4704,250,0,1,0,26.2186,206.3919,comfort_prompt,,
M2,63,/event_log,6314.0,6342.3329,6346.0132,28.3329,261,0,1,0,26.2186,206.3919,sync_tick,,
M2,63,/system_health,6316.0,6333.812,6335.9368,17.812,420,0,1,0,26.2186,206.3919,system_ok,,
M2,64,/camera/image_raw,6406.0646,6433.1773,6435.4505,27.1127,143,0,1,0,25.6838,200.2093,rgb_frame,,
M2,64,/audio/stream,6393.5129,6417.4225,6419.6307,23.9096,231,0,1,0,25.6838,200.2093,wav_chunk,,
M2,64,/robot_pose,6402.9555,6433.041,6434.2692,30.0854,298,0,1,0,25.6838,200.2093,pose_state,,
M2,64,/head_cmd,6410.0,6433.7712,6437.2854,23.7712,153,0,1,0,25.6838,200.2093,gaze_adjust,,
M2,64,/speech_cmd,6412.0,6436.136,6438.6699,24.136,355,0,1,0,25.6838,200.2093,comfort_prompt,,
M2,64,/event_log,6414.0,6443.7664,6446.4167,29.7664,257,0,1,0,25.6838,200.2093,sync_tick,,
M2,64,/system_health,6416.0,6440.4006,6442.2085,24.4006,183,0,1,0,25.6838,200.2093,system_ok,,
M2,65,/camera/image_raw,6491.049,6520.6944,6522.5034,29.6453,340,0,1,0,26.8515,200.3549,rgb_frame,,
M2,65,/audio/stream,6503.214,6532.9687,6536.1573,29.7547,210,0,1,0,26.8515,200.3549,wav_chunk,,
M2,65,/robot_pose,6494.3841,6523.0685,6524.4836,28.6844,231,0,1,0,26.8515,200.3549,pose_state,,
M2,65,/head_cmd,6510.0,6537.4114,6539.0307,27.4114,183,0,1,0,26.8515,200.3549,gaze_adjust,,
M2,65,/speech_cmd,6512.0,6534.8057,6535.1339,22.8057,192,0,1,0,26.8515,200.3549,comfort_prompt,,
M2,65,/event_log,6514.0,6544.9698,6545.891,30.9698,173,0,1,0,26.8515,200.3549,sync_tick,,
M2,65,/system_health,6516.0,6551.6234,6553.3142,35.6234,275,0,1,0,26.8515,200.3549,system_ok,,
M2,66,/camera/image_raw,6604.4962,6642.8309,6643.755,38.3347,193,0,1,0,26.2458,199.469,rgb_frame,,
M2,66,/audio/stream,6605.3002,6629.6872,6630.6899,24.387,337,0,1,0,26.2458,199.469,wav_chunk,,
M2,66,/robot_pose,6592.3884,6630.6276,6632.447,38.2392,176,0,1,0,26.2458,199.469,pose_state,,
M2,66,/head_cmd,6610.0,6629.6017,6631.6064,19.6017,237,0,1,0,26.2458,199.469,gaze_adjust,,
M2,66,/speech_cmd,6612.0,6637.9442,6640.3213,25.9442,279,0,1,0,26.2458,199.469,comfort_prompt,,
M2,66,/event_log,6614.0,6643.8417,6645.7888,29.8417,189,0,1,0,26.2458,199.469,sync_tick,,
M2,66,/system_health,6616.0,6647.2127,6649.4228,31.2127,309,0,1,0,26.2458,199.469,system_ok,,
M2,67,/camera/image_raw,6705.5305,6737.5801,6740.0611,32.0496,321,0,1,0,25.6689,201.0425,rgb_frame,,
M2,67,/audio/stream,6688.6259,6719.2404,6721.6073,30.6145,327,0,1,0,25.6689,201.0425,wav_chunk,,
M2,67,/robot_pose,6692.8289,6723.7364,6725.9908,30.9075,344,0,1,0,25.6689,201.0425,pose_state,,
M2,67,/head_cmd,6710.0,6739.4893,6741.4458,29.4893,205,0,1,0,25.6689,201.0425,gaze_adjust,,
M2,67,/speech_cmd,6712.0,6743.8407,6747.0303,31.8407,252,0,1,0,25.6689,201.0425,comfort_prompt,,
M2,67,/event_log,6714.0,6748.2602,6748.8842,34.2602,252,0,1,0,25.6689,201.0425,sync_tick,,
M2,67,/system_health,6716.0,6744.8682,6746.4866,28.8682,399,0,1,0,25.6689,201.0425,system_ok,,
M2,68,/camera/image_raw,6799.5367,6830.8766,6832.5735,31.34,206,0,1,0,24.2969,201.8724,rgb_frame,,
M2,68,/audio/stream,6796.7382,6829.3833,6832.6555,32.6451,287,0,1,0,24.2969,201.8724,wav_chunk,,
M2,68,/robot_pose,6800.1298,6825.7163,6827.7248,25.5865,207,0,1,0,24.2969,201.8724,pose_state,,
M2,68,/head_cmd,6810.0,6833.4279,6834.7924,23.4279,218,0,1,0,24.2969,201.8724,gaze_adjust,,
M2,68,/speech_cmd,6812.0,6835.2681,6836.2172,23.2681,269,0,1,0,24.2969,201.8724,comfort_prompt,,
M2,68,/event_log,6814.0,6842.3454,6845.906,28.3454,215,0,1,0,24.2969,201.8724,sync_tick,,
M2,68,/system_health,6816.0,6844.5914,6847.0416,28.5914,240,0,1,0,24.2969,201.8724,system_ok,,
M2,69,/camera/image_raw,6905.2103,6927.2871,6928.8424,22.0768,218,0,1,0,26.2188,202.9989,rgb_frame,,
M2,69,/audio/stream,6906.2018,6929.2537,6931.8057,23.0519,327,0,1,0,26.2188,202.9989,wav_chunk,,
M2,69,/robot_pose,6901.6371,6925.5526,6927.9793,23.9155,193,0,1,0,26.2188,202.9989,pose_state,,
M2,69,/head_cmd,6910.0,6936.3281,6937.9758,26.3281,292,0,1,0,26.2188,202.9989,gaze_adjust,,
M2,69,/speech_cmd,6912.0,6936.8326,6939.8419,24.8326,241,0,1,0,26.2188,202.9989,comfort_prompt,,
M2,69,/event_log,6914.0,6938.9494,6940.1467,24.9494,271,0,1,0,26.2188,202.9989,sync_tick,,
M2,69,/system_health,6916.0,6947.1286,6949.5473,31.1286,390,0,1,0,26.2188,202.9989,system_ok,,
M2,70,/camera/image_raw,7010.0085,7043.1699,7045.6592,33.1614,271,0,1,0,27.0167,201.6535,rgb_frame,,
M2,70,/audio/stream,6997.5398,7028.7838,7032.3621,31.2441,266,0,1,0,27.0167,201.6535,wav_chunk,,
M2,70,/robot_pose,6998.4099,7026.4539,7029.8609,28.0441,314,0,1,0,27.0167,201.6535,pose_state,,
M2,70,/head_cmd,7010.0,7037.2123,7039.4165,27.2123,267,0,1,0,27.0167,201.6535,gaze_adjust,,
M2,70,/speech_cmd,7012.0,7041.9435,7043.0582,29.9435,163,0,1,0,27.0167,201.6535,comfort_prompt,,
M2,70,/event_log,7014.0,7038.9467,7040.3749,24.9467,217,0,1,0,27.0167,201.6535,sync_tick,,
M2,70,/system_health,7016.0,7047.0351,7049.0999,31.0351,267,0,1,0,27.0167,201.6535,system_ok,,
M2,71,/camera/image_raw,7091.4299,7120.4573,7124.4164,29.0274,254,0,1,0,27.1544,201.9712,rgb_frame,,
M2,71,/audio/stream,7096.3069,7121.9149,7123.9759,25.608,261,0,1,0,27.1544,201.9712,wav_chunk,,
M2,71,/robot_pose,7102.9363,7130.7124,7132.8873,27.7761,169,0,1,0,27.1544,201.9712,pose_state,,
M2,71,/head_cmd,7110.0,7134.5302,7136.6108,24.5302,246,0,1,0,27.1544,201.9712,gaze_adjust,,
M2,71,/speech_cmd,7112.0,7138.116,7140.1744,26.116,259,0,1,0,27.1544,201.9712,comfort_prompt,,
M2,71,/event_log,7114.0,7145.9384,7148.0591,31.9384,279,0,1,0,27.1544,201.9712,sync_tick,,
M2,71,/system_health,7116.0,7142.2144,7144.872,26.2144,278,0,1,0,27.1544,201.9712,system_ok,,
M2,72,/camera/image_raw,7206.0607,7237.6888,7239.3671,31.6281,218,0,1,0,26.3917,204.6858,rgb_frame,,
M2,72,/audio/stream,7205.7077,7233.8075,7236.3397,28.0998,206,0,1,0,26.3917,204.6858,wav_chunk,,
M2,72,/robot_pose,7202.9437,7230.0187,7232.1435,27.075,123,0,1,0,26.3917,204.6858,pose_state,,
M2,72,/head_cmd,7210.0,7236.4957,7238.5698,26.4957,246,0,1,0,26.3917,204.6858,gaze_adjust,,
M2,72,/speech_cmd,7212.0,7245.0377,7246.2651,33.0377,206,0,1,0,26.3917,204.6858,comfort_prompt,,
M2,72,/event_log,7214.0,7230.9253,7232.7405,16.9253,232,0,1,0,26.3917,204.6858,sync_tick,,
M2,72,/system_health,7216.0,7241.3341,7244.4203,25.3341,307,0,1,0,26.3917,204.6858,system_ok,,
M2,73,/camera/image_raw,7300.545,7321.6515,7323.4985,21.1065,301,0,1,0,26.4783,201.7088,rgb_frame,,
M2,73,/audio/stream,7297.0351,7334.1128,7336.362,37.0777,210,0,1,0,26.4783,201.7088,wav_chunk,,
M2,73,/robot_pose,7305.1309,7328.3626,7331.0042,23.2316,150,0,1,0,26.4783,201.7088,pose_state,,
M2,73,/head_cmd,7310.0,7340.1729,7343.0271,30.1729,282,0,1,0,26.4783,201.7088,gaze_adjust,,
M2,73,/speech_cmd,7312.0,7339.0929,7341.7448,27.0929,266,0,1,0,26.4783,201.7088,comfort_prompt,,
M2,73,/event_log,7314.0,7338.859,7342.5393,24.859,234,0,1,0,26.4783,201.7088,sync_tick,,
M2,73,/system_health,7316.0,7347.0745,7347.3396,31.0745,332,0,1,0,26.4783,201.7088,system_ok,,
M2,74,/camera/image_raw,7410.2813,7440.675,7442.2281,30.3936,219,0,1,0,27.1144,202.2002,rgb_frame,,
M2,74,/audio/stream,7400.2387,7432.9516,7435.9313,32.7129,213,0,1,0,27.1144,202.2002,wav_chunk,,
M2,74,/robot_pose,7402.7939,7428.0647,7429.7482,25.2708,299,0,1,0,27.1144,202.2002,pose_state,,
M2,74,/head_cmd,7410.0,7434.2052,7436.6906,24.2052,300,0,1,0,27.1144,202.2002,gaze_adjust,,
M2,74,/speech_cmd,7412.0,7439.8521,7442.8602,27.8521,237,0,1,0,27.1144,202.2002,comfort_prompt,,
M2,74,/event_log,7414.0,7441.3497,7442.7679,27.3497,317,0,1,0,27.1144,202.2002,sync_tick,,
M2,74,/system_health,7416.0,7441.139,7443.6189,25.139,251,0,1,0,27.1144,202.2002,system_ok,,
M2,75,/camera/image_raw,7492.6305,7522.5659,7524.649,29.9354,463,0,1,0,26.7218,201.1744,rgb_frame,,
M2,75,/audio/stream,7495.1272,7524.9817,7526.8772,29.8546,341,0,1,0,26.7218,201.1744,wav_chunk,,
M2,75,/robot_pose,7506.9144,7528.2643,7530.5397,21.3499,375,0,1,0,26.7218,201.1744,pose_state,,
M2,75,/head_cmd,7510.0,7538.2493,7539.0626,28.2493,232,0,1,0,26.7218,201.1744,gaze_adjust,,
M2,75,/speech_cmd,7512.0,7546.5321,7549.033,34.5321,205,0,1,0,26.7218,201.1744,comfort_prompt,,
M2,75,/event_log,7514.0,7539.9731,7541.7253,25.9731,277,0,1,0,26.7218,201.1744,sync_tick,,
M2,75,/system_health,7516.0,7550.0668,7553.1088,34.0668,283,0,1,0,26.7218,201.1744,system_ok,,
M2,76,/camera/image_raw,7590.6785,7620.4899,7621.7798,29.8114,194,0,1,0,25.02,203.3684,rgb_frame,,
M2,76,/audio/stream,7589.3765,7617.5948,7620.1977,28.2183,319,0,1,0,25.02,203.3684,wav_chunk,,
M2,76,/robot_pose,7602.6663,7633.6892,7635.9482,31.023,211,0,1,0,25.02,203.3684,pose_state,,
M2,76,/head_cmd,7610.0,7634.3111,7636.1024,24.3111,280,0,1,0,25.02,203.3684,gaze_adjust,,
M2,76,/speech_cmd,7612.0,7641.9413,7642.4613,29.9413,208,0,1,0,25.02,203.3684,comfort_prompt,,
M2,76,/event_log,7614.0,7647.4128,7649.6762,33.4128,170,0,1,0,25.02,203.3684,sync_tick,,
M2,76,/system_health,7616.0,7654.0181,7656.1949,38.0181,279,0,1,0,25.02,203.3684,system_ok,,
M2,77,/camera/image_raw,7702.7967,7733.8566,7736.5176,31.0599,195,0,1,0,28.8338,206.809,rgb_frame,,
M2,77,/audio/stream,7697.0592,7729.9415,7731.467,32.8823,272,0,1,0,28.8338,206.809,wav_chunk,,
M2,77,/robot_pose,7696.3621,7717.5767,7718.144,21.2146,275,0,1,0,28.8338,206.809,pose_state,,
M2,77,/head_cmd,7710.0,7734.5357,7735.1444,24.5357,288,0,1,0,28.8338,206.809,gaze_adjust,,
M2,77,/speech_cmd,7712.0,7748.2525,7751.5641,36.2525,240,0,1,0,28.8338,206.809,comfort_prompt,,
M2,77,/event_log,7714.0,7741.8075,7744.7177,27.8075,323,0,1,0,28.8338,206.809,sync_tick,,
M2,77,/system_health,7716.0,7742.398,7744.6253,26.398,274,0,1,0,28.8338,206.809,system_ok,,
M2,78,/camera/image_raw,7803.8771,7833.3798,7836.9551,29.5027,232,0,1,0,28.0178,207.3867,rgb_frame,,
M2,78,/audio/stream,7798.9354,7833.0203,7835.6543,34.0849,452,0,1,0,28.0178,207.3867,wav_chunk,,
M2,78,/robot_pose,7799.3996,7822.2227,7823.8712,22.8231,281,0,1,0,28.0178,207.3867,pose_state,,
M2,78,/head_cmd,7810.0,7839.1819,7842.9421,29.1819,215,0,1,0,28.0178,207.3867,gaze_adjust,,
M2,78,/speech_cmd,7812.0,7843.2127,7846.3427,31.2127,298,0,1,0,28.0178,207.3867,comfort_prompt,,
M2,78,/event_log,7814.0,7837.749,7841.0752,23.749,329,0,1,0,28.0178,207.3867,sync_tick,,
M2,78,/system_health,7816.0,7845.9913,7848.3548,29.9913,269,0,1,0,28.0178,207.3867,system_ok,,
M2,79,/camera/image_raw,7899.4488,7924.122,7926.4997,24.6731,254,0,1,0,25.5666,201.0639,rgb_frame,,
M2,79,/audio/stream,7905.1263,7933.6689,7936.2696,28.5427,218,0,1,0,25.5666,201.0639,wav_chunk,,
M2,79,/robot_pose,7900.1557,7933.6996,7935.6854,33.5439,229,0,1,0,25.5666,201.0639,pose_state,,
M2,79,/head_cmd,7910.0,7939.6108,7940.3416,29.6108,208,0,1,0,25.5666,201.0639,gaze_adjust,,
M2,79,/speech_cmd,7912.0,7943.6056,7944.4156,31.6056,323,0,1,0,25.5666,201.0639,comfort_prompt,,
M2,79,/event_log,7914.0,7947.7258,7949.6303,33.7258,273,0,1,0,25.5666,201.0639,sync_tick,,
M2,79,/system_health,7916.0,7948.1576,7949.9842,32.1576,308,0,1,0,25.5666,201.0639,system_ok,,
M2,80,/camera/image_raw,7995.302,8021.6708,8022.8538,26.3688,191,0,1,0,26.8769,207.2423,rgb_frame,,
M2,80,/audio/stream,7996.1792,8024.8628,8028.5381,28.6837,279,0,1,0,26.8769,207.2423,wav_chunk,,
M2,80,/robot_pose,7996.0033,8021.561,8024.3739,25.5577,241,0,1,0,26.8769,207.2423,pose_state,,
M2,80,/head_cmd,8010.0,8035.5921,8037.0254,25.5921,340,0,1,0,26.8769,207.2423,gaze_adjust,,
M2,80,/speech_cmd,8012.0,8028.9484,8031.7867,16.9484,228,0,1,0,26.8769,207.2423,comfort_prompt,,
M2,80,/event_log,8014.0,8039.4639,8043.0178,25.4639,213,0,1,0,26.8769,207.2423,sync_tick,,
M2,80,/system_health,8016.0,8040.385,8042.4807,24.385,280,0,1,0,26.8769,207.2423,system_ok,,
M2,81,/camera/image_raw,8096.907,8126.8511,8128.842,29.9441,216,0,1,0,27.9095,204.2094,rgb_frame,,
M2,81,/audio/stream,8087.4091,8122.2592,8124.3086,34.85,229,0,1,0,27.9095,204.2094,wav_chunk,,
M2,81,/robot_pose,8095.6715,8128.1958,8129.8179,32.5243,220,0,1,0,27.9095,204.2094,pose_state,,
M2,81,/head_cmd,8110.0,8138.1807,8140.3809,28.1807,271,0,1,0,27.9095,204.2094,gaze_adjust,,
M2,81,/speech_cmd,8112.0,8148.5064,8150.9754,36.5064,113,0,1,0,27.9095,204.2094,comfort_prompt,,
M2,81,/event_log,8114.0,8143.4449,8145.6752,29.4449,258,0,1,0,27.9095,204.2094,sync_tick,,
M2,81,/system_health,8116.0,8145.1235,8147.3006,29.1235,252,0,1,0,27.9095,204.2094,system_ok,,
M2,82,/camera/image_raw,8204.2913,8232.7755,8233.7789,28.4841,262,0,1,0,29.8262,201.9956,rgb_frame,,
M2,82,/audio/stream,8195.6634,8220.014,8221.86,24.3507,318,0,1,0,29.8262,201.9956,wav_chunk,,
M2,82,/robot_pose,8195.2616,8225.2332,8227.8879,29.9716,149,0,1,0,29.8262,201.9956,pose_state,,
M2,82,/head_cmd,8210.0,8245.4311,8246.6776,35.4311,347,0,1,0,29.8262,201.9956,gaze_adjust,,
M2,82,/speech_cmd,8212.0,8244.1697,8246.8316,32.1697,204,0,1,0,29.8262,201.9956,comfort_prompt,,
M2,82,/event_log,8214.0,8242.6899,8244.5132,28.6899,257,0,1,0,29.8262,201.9956,sync_tick,,
M2,82,/system_health,8216.0,8243.0841,8243.6532,27.0841,323,0,1,0,29.8262,201.9956,system_ok,,
M2,83,/camera/image_raw,8299.4322,8317.8088,8320.3345,18.3766,287,0,1,0,26.8943,201.4975,rgb_frame,,
M2,83,/audio/stream,8296.1216,8322.7203,8324.002,26.5988,261,0,1,0,26.8943,201.4975,wav_chunk,,
M2,83,/robot_pose,8297.1984,8318.7375,8320.1157,21.5391,210,0,1,0,26.8943,201.4975,pose_state,,
M2,83,/head_cmd,8310.0,8340.773,8342.6829,30.773,229,0,1,0,26.8943,201.4975,gaze_adjust,,
M2,83,/speech_cmd,8312.0,8347.216,8349.698,35.216,276,0,1,0,26.8943,201.4975,comfort_prompt,,
M2,83,/event_log,8314.0,8339.9185,8341.6414,25.9185,124,0,1,0,26.8943,201.4975,sync_tick,,
M2,83,/system_health,8316.0,8347.2722,8349.8309,31.2722,245,0,1,0,26.8943,201.4975,system_ok,,
M3,0,/camera/image_raw,-0.9606,38.765,41.6655,39.7256,123,0,1,0,23.8511,198.8184,rgb_frame,,
M3,0,/audio/stream,5.8892,32.4736,34.5678,26.5845,227,0,1,0,23.8511,198.8184,wav_chunk,,
M3,0,/robot_pose,-7.7736,19.5684,23.3243,27.342,274,0,1,0,23.8511,198.8184,pose_state,,
M3,0,/head_cmd,10.0,44.5388,46.1852,34.5388,299,0,1,0,23.8511,198.8184,gaze_adjust,,
M3,0,/speech_cmd,12.0,43.1178,45.0911,31.1178,292,0,1,0,23.8511,198.8184,comfort_prompt,,
M3,0,/event_log,14.0,40.1235,43.6012,26.1235,266,0,1,0,23.8511,198.8184,sync_tick,,
M3,0,/system_health,16.0,53.7633,55.103,37.7633,200,0,1,0,23.8511,198.8184,system_ok,,
M3,1,/camera/image_raw,91.8667,119.0166,121.1778,27.1499,228,0,1,0,23.9891,199.1606,rgb_frame,,
M3,1,/audio/stream,102.0024,131.4762,134.9139,29.4739,251,0,1,0,23.9891,199.1606,wav_chunk,,
M3,1,/robot_pose,100.3299,137.6264,139.3998,37.2965,270,0,1,0,23.9891,199.1606,pose_state,,
M3,1,/head_cmd,110.0,141.9944,142.8363,31.9944,341,0,1,0,23.9891,199.1606,gaze_adjust,,
M3,1,/speech_cmd,112.0,143.6757,146.4728,31.6757,210,0,1,0,23.9891,199.1606,comfort_prompt,,
M3,1,/event_log,114.0,145.5569,147.0634,31.5569,330,0,1,0,23.9891,199.1606,sync_tick,,
M3,1,/system_health,116.0,149.4619,151.9556,33.4619,337,0,1,0,23.9891,199.1606,system_ok,,
M3,2,/camera/image_raw,208.0944,243.8289,246.1654,35.7345,172,0,1,0,23.7348,199.1891,rgb_frame,,
M3,2,/audio/stream,206.1227,238.1921,239.1968,32.0694,252,0,1,0,23.7348,199.1891,wav_chunk,,
M3,2,/robot_pose,192.8914,219.0942,221.7173,26.2029,278,0,1,0,23.7348,199.1891,pose_state,,
M3,2,/head_cmd,210.0,250.4562,253.3345,40.4562,230,0,1,0,23.7348,199.1891,gaze_adjust,,
M3,2,/speech_cmd,212.0,248.0966,249.1785,36.0966,198,0,1,0,23.7348,199.1891,comfort_prompt,,
M3,2,/event_log,214.0,248.1569,248.6303,34.1569,253,0,1,0,23.7348,199.1891,sync_tick,,
M3,2,/system_health,216.0,244.7433,247.0244,28.7433,191,0,1,0,23.7348,199.1891,system_ok,,
M3,3,/camera/image_raw,302.9697,333.8039,334.9285,30.8341,280,0,1,0,24.5074,199.8478,rgb_frame,,
M3,3,/audio/stream,300.1546,334.3357,338.511,34.1811,218,0,1,0,24.5074,199.8478,wav_chunk,,
M3,3,/robot_pose,307.0018,337.7523,339.4917,30.7505,268,0,1,0,24.5074,199.8478,pose_state,,
M3,3,/head_cmd,310.0,343.3484,345.5057,33.3484,321,0,1,0,24.5074,199.8478,gaze_adjust,,
M3,3,/speech_cmd,312.0,341.3537,344.3427,29.3537,288,0,1,0,24.5074,199.8478,comfort_prompt,,
M3,3,/event_log,314.0,345.7735,347.7216,31.7735,401,0,1,0,24.5074,199.8478,sync_tick,,
M3,3,/system_health,316.0,344.5536,346.992,28.5536,210,0,1,0,24.5074,199.8478,system_ok,,
M3,4,/camera/image_raw,412.4993,443.3398,446.1463,30.8404,279,0,1,0,25.0639,202.7215,rgb_frame,,
M3,4,/audio/stream,407.0946,440.8643,443.0308,33.7697,281,0,1,0,25.0639,202.7215,wav_chunk,,
M3,4,/robot_pose,396.6083,430.4327,432.68,33.8245,217,0,1,0,25.0639,202.7215,pose_state,,
M3,4,/head_cmd,410.0,449.682,451.0417,39.682,281,0,1,0,25.0639,202.7215,gaze_adjust,,
M3,4,/speech_cmd,412.0,443.626,447.2336,31.626,201,0,1,0,25.0639,202.7215,comfort_prompt,,
M3,4,/event_log,414.0,443.9659,445.39,29.9659,275,0,1,0,25.0639,202.7215,sync_tick,,
M3,4,/system_health,416.0,443.4147,445.2319,27.4147,126,0,1,0,25.0639,202.7215,system_ok,,
M3,5,/camera/image_raw,501.6829,536.9655,538.6047,35.2826,352,0,1,0,25.6942,198.3385,rgb_frame,,
M3,5,/audio/stream,495.9983,531.0913,532.4848,35.093,200,0,1,0,25.6942,198.3385,wav_chunk,,
M3,5,/robot_pose,492.5597,527.0766,529.0667,34.5169,245,0,1,0,25.6942,198.3385,pose_state,,
M3,5,/head_cmd,510.0,547.1837,548.7848,37.1837,261,0,1,0,25.6942,198.3385,gaze_adjust,,
M3,5,/speech_cmd,512.0,547.9133,550.7606,35.9133,246,0,1,0,25.6942,198.3385,comfort_prompt,,
M3,5,/event_log,514.0,544.9392,545.7481,30.9392,192,0,1,0,25.6942,198.3385,sync_tick,,
M3,5,/system_health,516.0,549.3682,551.4579,33.3682,260,0,1,0,25.6942,198.3385,system_ok,,
M3,6,/camera/image_raw,607.2748,646.0135,648.9404,38.7387,273,0,1,0,24.7076,200.0284,rgb_frame,,
M3,6,/audio/stream,590.5014,630.6911,631.692,40.1897,255,0,1,0,24.7076,200.0284,wav_chunk,,
M3,6,/robot_pose,598.8191,633.2972,634.7656,34.4782,274,0,1,0,24.7076,200.0284,pose_state,,
M3,6,/head_cmd,610.0,638.5865,641.3389,28.5865,319,0,1,0,24.7076,200.0284,gaze_adjust,,
M3,6,/speech_cmd,612.0,646.1021,646.8199,34.1021,197,0,1,0,24.7076,200.0284,comfort_prompt,,
M3,6,/event_log,614.0,649.2716,651.4886,35.2716,94,0,1,0,24.7076,200.0284,sync_tick,,
M3,6,/system_health,616.0,653.9841,656.2934,37.9841,206,0,1,0,24.7076,200.0284,system_ok,,
M3,7,/camera/image_raw,706.9647,745.9452,748.433,38.9805,283,0,1,0,24.8942,206.9869,rgb_frame,,
M3,7,/audio/stream,694.5797,730.2319,731.4263,35.6522,294,0,1,0,24.8942,206.9869,wav_chunk,,
M3,7,/robot_pose,696.5577,726.1076,728.5624,29.5499,242,0,1,0,24.8942,206.9869,pose_state,,
M3,7,/head_cmd,710.0,744.491,746.7855,34.491,71,0,1,0,24.8942,206.9869,gaze_adjust,,
M3,7,/speech_cmd,712.0,745.2018,747.9155,33.2018,282,0,1,0,24.8942,206.9869,comfort_prompt,,
M3,7,/event_log,714.0,746.0759,749.5896,32.0759,274,0,1,0,24.8942,206.9869,sync_tick,,
M3,7,/system_health,716.0,750.2369,753.2725,34.2369,277,0,1,0,24.8942,206.9869,system_ok,,
M3,8,/camera/image_raw,793.7139,829.9731,832.2921,36.2592,333,0,1,0,25.337,201.0113,rgb_frame,,
M3,8,/audio/stream,780.4933,812.367,814.9411,31.8737,286,0,1,0,25.337,201.0113,wav_chunk,,
M3,8,/robot_pose,797.6144,836.6753,837.51,39.0609,228,0,1,0,25.337,201.0113,pose_state,,
M3,8,/head_cmd,810.0,846.4486,849.8853,36.4486,270,0,1,0,25.337,201.0113,gaze_adjust,,
M3,8,/speech_cmd,812.0,843.8837,846.6894,31.8837,308,0,1,0,25.337,201.0113,comfort_prompt,,
M3,8,/event_log,814.0,845.6159,848.0801,31.6159,326,0,1,0,25.337,201.0113,sync_tick,,
M3,8,/system_health,816.0,856.6164,859.4105,40.6164,258,0,1,0,25.337,201.0113,system_ok,,
M3,9,/camera/image_raw,899.6215,936.4142,937.7021,36.7927,230,0,1,0,24.7086,199.0379,rgb_frame,,
M3,9,/audio/stream,904.4592,936.454,940.2468,31.9949,230,0,1,0,24.7086,199.0379,wav_chunk,,
M3,9,/robot_pose,899.4216,928.3621,930.1214,28.9404,355,0,1,0,24.7086,199.0379,pose_state,,
M3,9,/head_cmd,910.0,930.3551,931.7529,20.3551,419,0,1,0,24.7086,199.0379,gaze_adjust,,
M3,9,/speech_cmd,912.0,945.968,947.2832,33.968,253,0,1,0,24.7086,199.0379,comfort_prompt,,
M3,9,/event_log,914.0,945.8743,948.7512,31.8743,366,0,1,0,24.7086,199.0379,sync_tick,,
M3,9,/system_health,916.0,949.1587,950.9269,33.1587,303,0,1,0,24.7086,199.0379,system_ok,,
M3,10,/camera/image_raw,995.1122,1021.8705,1024.3211,26.7583,184,0,1,0,22.7784,199.49,rgb_frame,,
M3,10,/audio/stream,991.7333,1010.628,1011.9929,18.8947,227,0,1,0,22.7784,199.49,wav_chunk,,
M3,10,/robot_pose,991.2005,1020.2481,1023.6637,29.0476,219,0,1,0,22.7784,199.49,pose_state,,
M3,10,/head_cmd,1010.0,1044.9931,1047.1779,34.9931,253,0,1,0,22.7784,199.49,gaze_adjust,,
M3,10,/speech_cmd,1012.0,1040.1279,1042.2809,28.1279,210,0,1,0,22.7784,199.49,comfort_prompt,,
M3,10,/event_log,1014.0,1046.1495,1048.1605,32.1495,199,0,1,0,22.7784,199.49,sync_tick,,
M3,10,/system_health,1016.0,1051.437,1053.9785,35.437,229,0,1,0,22.7784,199.49,system_ok,,
M3,11,/camera/image_raw,1101.0185,1128.8815,1129.7833,27.863,234,0,1,0,24.5775,200.2612,rgb_frame,,
M3,11,/audio/stream,1099.3294,1133.2401,1134.8843,33.9107,407,0,1,0,24.5775,200.2612,wav_chunk,,
M3,11,/robot_pose,1095.662,1130.8476,1134.091,35.1855,303,0,1,0,24.5775,200.2612,pose_state,,
M3,11,/head_cmd,1110.0,1149.0542,1150.6246,39.0542,102,0,1,0,24.5775,200.2612,gaze_adjust,,
M3,11,/speech_cmd,1112.0,1141.8583,1144.5048,29.8583,265,0,1,0,24.5775,200.2612,comfort_prompt,,
M3,11,/event_log,1114.0,1146.7447,1150.0014,32.7447,278,0,1,0,24.5775,200.2612,sync_tick,,
M3,11,/system_health,1116.0,1150.8384,1152.2868,34.8384,190,0,1,0,24.5775,200.2612,system_ok,,
M3,12,/camera/image_raw,1211.2988,1241.1928,1242.3662,29.894,165,0,1,0,23.8165,200.1825,rgb_frame,,
M3,12,/audio/stream,1200.8072,1232.757,1234.4826,31.9498,322,0,1,0,23.8165,200.1825,wav_chunk,,
M3,12,/robot_pose,1196.8839,1230.786,1233.1982,33.9021,211,0,1,0,23.8165,200.1825,pose_state,,
M3,12,/head_cmd,1210.0,1242.2457,1244.7345,32.2457,298,0,1,0,23.8165,200.1825,gaze_adjust,,
M3,12,/speech_cmd,1212.0,1244.3542,1247.4175,32.3542,256,0,1,0,23.8165,200.1825,comfort_prompt,,
M3,12,/event_log,1214.0,1249.9012,1251.7093,35.9012,147,0,1,0,23.8165,200.1825,sync_tick,,
M3,12,/system_health,1216.0,1249.8032,1252.5835,33.8032,290,0,1,0,23.8165,200.1825,system_ok,,
M3,13,/camera/image_raw,1302.9553,1332.5504,1335.6379,29.5951,203,0,1,0,25.1069,203.1941,rgb_frame,,
M3,13,/audio/stream,1297.2113,1326.7159,1330.225,29.5046,308,0,1,0,25.1069,203.1941,wav_chunk,,
M3,13,/robot_pose,1295.9663,1326.3729,1328.8028,30.4066,265,0,1,0,25.1069,203.1941,pose_state,,
M3,13,/head_cmd,1310.0,1330.8562,1332.331,20.8562,252,0,1,0,25.1069,203.1941,gaze_adjust,,
M3,13,/speech_cmd,1312.0,1342.4122,1344.8099,30.4122,323,0,1,0,25.1069,203.1941,comfort_prompt,,
M3,13,/event_log,1314.0,1344.5525,1345.9064,30.5525,275,0,1,0,25.1069,203.1941,sync_tick,,
M3,13,/system_health,1316.0,1346.5322,1348.6073,30.5322,238,0,1,0,25.1069,203.1941,system_ok,,
M3,14,/camera/image_raw,1415.6929,1454.3264,1457.177,38.6335,253,0,0,0,24.4959,199.8128,rgb_frame,,
M3,14,/audio/stream,1382.0744,1416.0259,1418.1363,33.9515,249,0,0,0,24.4959,199.8128,wav_chunk,,
M3,14,/robot_pose,1398.0583,1432.7791,1434.8287,34.7207,271,0,0,0,24.4959,199.8128,pose_state,,
M3,14,/head_cmd,1410.0,1448.0471,1449.2629,38.0471,192,0,0,0,24.4959,199.8128,gaze_adjust,,
M3,14,/speech_cmd,1412.0,1440.0401,1442.9333,28.0401,271,0,0,0,24.4959,199.8128,comfort_prompt,,
M3,14,/event_log,1414.0,1451.0553,1452.1117,37.0553,363,0,0,0,24.4959,199.8128,sync_tick,,
M3,14,/system_health,1416.0,1448.5988,1450.9334,32.5988,307,0,0,0,24.4959,199.8128,system_ok,,
M3,15,/camera/image_raw,1493.0911,1531.4532,1534.6177,38.362,278,0,1,1,27.6432,202.8431,rgb_frame,,
M3,15,/audio/stream,1495.6294,1523.6092,1526.657,27.9798,166,0,1,1,27.6432,202.8431,wav_chunk,,
M3,15,/robot_pose,1500.8959,1539.2359,1541.5959,38.3401,96,0,1,1,27.6432,202.8431,pose_state,,
M3,15,/head_cmd,1510.0,1540.5745,1543.2977,30.5745,241,0,1,1,27.6432,202.8431,gaze_adjust,,
M3,15,/speech_cmd,1512.0,1546.7966,1548.3166,34.7966,177,0,1,1,27.6432,202.8431,comfort_prompt,,
M3,15,/event_log,1514.0,1545.6508,1547.876,31.6508,235,0,1,1,27.6432,202.8431,sync_tick,,
M3,15,/system_health,1516.0,1552.8457,1554.3656,36.8457,274,0,1,1,27.6432,202.8431,system_ok,,
M3,16,/camera/image_raw,1600.4758,1635.3444,1636.1639,34.8686,69,0,1,0,24.5131,207.5474,rgb_frame,,
M3,16,/audio/stream,1587.5463,1623.03,1625.1531,35.4838,324,0,1,0,24.5131,207.5474,wav_chunk,,
M3,16,/robot_pose,1593.4048,1622.4335,1624.9137,29.0287,306,0,1,0,24.5131,207.5474,pose_state,,
M3,16,/head_cmd,1610.0,1640.7617,1642.6208,30.7617,257,0,1,0,24.5131,207.5474,gaze_adjust,,
M3,16,/speech_cmd,1612.0,1646.7222,1648.9108,34.7222,314,0,1,0,24.5131,207.5474,comfort_prompt,,
M3,16,/event_log,1614.0,1644.7038,1645.8411,30.7038,374,0,1,0,24.5131,207.5474,sync_tick,,
M3,16,/system_health,1616.0,1646.133,1647.8783,30.133,252,0,1,0,24.5131,207.5474,system_ok,,
M3,17,/camera/image_raw,1700.4703,1722.468,1726.1727,21.9977,247,0,1,0,24.4563,202.4895,rgb_frame,,
M3,17,/audio/stream,1696.9065,1730.6567,1731.7542,33.7501,227,0,1,0,24.4563,202.4895,wav_chunk,,
M3,17,/robot_pose,1699.9128,1728.6512,1732.027,28.7384,220,0,1,0,24.4563,202.4895,pose_state,,
M3,17,/head_cmd,1710.0,1744.46,1746.1396,34.46,228,0,1,0,24.4563,202.4895,gaze_adjust,,
M3,17,/speech_cmd,1712.0,1742.4454,1745.6725,30.4454,142,0,1,0,24.4563,202.4895,comfort_prompt,,
M3,17,/event_log,1714.0,1740.165,1740.8072,26.165,190,0,1,0,24.4563,202.4895,sync_tick,,
M3,17,/system_health,1716.0,1744.1812,1745.0897,28.1812,211,0,1,0,24.4563,202.4895,system_ok,,
M3,18,/camera/image_raw,1785.897,1815.2985,1816.2696,29.4015,187,0,1,0,24.9439,202.5249,rgb_frame,,
M3,18,/audio/stream,1791.8561,1825.0959,1827.9904,33.2398,310,0,1,0,24.9439,202.5249,wav_chunk,,
M3,18,/robot_pose,1806.0021,1841.9372,1843.5471,35.9351,257,0,1,0,24.9439,202.5249,pose_state,,
M3,18,/head_cmd,1810.0,1842.1272,1844.1663,32.1272,378,0,1,0,24.9439,202.5249,gaze_adjust,,
M3,18,/speech_cmd,1812.0,1838.3646,1840.3769,26.3646,328,0,1,0,24.9439,202.5249,comfort_prompt,,
M3,18,/event_log,1814.0,1841.549,1843.234,27.549,224,0,1,0,24.9439,202.5249,sync_tick,,
M3,18,/system_health,1816.0,1848.5195,1849.4427,32.5195,291,0,1,0,24.9439,202.5249,system_ok,,
M3,19,/camera/image_raw,1904.664,1935.4155,1939.3383,30.7515,261,0,1,0,24.5952,199.4816,rgb_frame,,
M3,19,/audio/stream,1904.067,1931.3988,1933.7431,27.3318,174,0,1,0,24.5952,199.4816,wav_chunk,,
M3,19,/robot_pose,1895.6481,1922.934,1924.3011,27.2859,229,0,1,0,24.5952,199.4816,pose_state,,
M3,19,/head_cmd,1910.0,1945.8298,1948.4925,35.8298,287,0,1,0,24.5952,199.4816,gaze_adjust,,
M3,19,/speech_cmd,1912.0,1939.6862,1941.4532,27.6862,272,0,1,0,24.5952,199.4816,comfort_prompt,,
M3,19,/event_log,1914.0,1943.5686,1945.5459,29.5686,282,0,1,0,24.5952,199.4816,sync_tick,,
M3,19,/system_health,1916.0,1946.6868,1949.0677,30.6868,351,0,1,0,24.5952,199.4816,system_ok,,
M3,20,/camera/image_raw,1998.797,2027.7391,2029.2553,28.9421,250,0,1,0,22.886,198.914,rgb_frame,,
M3,20,/audio/stream,2009.4347,2044.1698,2047.3739,34.7351,274,0,1,0,22.886,198.914,wav_chunk,,
M3,20,/robot_pose,2002.7969,2033.2907,2033.8249,30.4938,260,0,1,0,22.886,198.914,pose_state,,
M3,20,/head_cmd,2010.0,2042.3796,2044.7259,32.3796,382,0,1,0,22.886,198.914,gaze_adjust,,
M3,20,/speech_cmd,2012.0,2049.2389,2052.067,37.2389,198,0,1,0,22.886,198.914,comfort_prompt,,
M3,20,/event_log,2014.0,2044.2245,2046.3487,30.2245,209,0,1,0,22.886,198.914,sync_tick,,
M3,20,/system_health,2016.0,2050.2784,2052.7639,34.2784,190,0,1,0,22.886,198.914,system_ok,,
M3,21,/camera/image_raw,2108.3777,2145.3117,2147.2417,36.9339,305,0,1,0,24.4435,202.7874,rgb_frame,,
M3,21,/audio/stream,2100.8185,2134.6098,2135.7578,33.7913,171,0,1,0,24.4435,202.7874,wav_chunk,,
M3,21,/robot_pose,2091.3546,2128.8877,2132.0444,37.533,275,0,1,0,24.4435,202.7874,pose_state,,
M3,21,/head_cmd,2110.0,2149.0256,2152.0709,39.0256,297,0,1,0,24.4435,202.7874,gaze_adjust,,
M3,21,/speech_cmd,2112.0,2141.3975,2144.9827,29.3975,288,0,1,0,24.4435,202.7874,comfort_prompt,,
M3,21,/event_log,2114.0,2145.4994,2147.1648,31.4994,271,0,1,0,24.4435,202.7874,sync_tick,,
M3,21,/system_health,2116.0,2142.3585,2145.1183,26.3585,198,0,1,0,24.4435,202.7874,system_ok,,
M3,22,/camera/image_raw,2202.5943,2241.9638,2245.2719,39.3696,277,0,1,0,23.6674,201.5486,rgb_frame,,
M3,22,/audio/stream,2195.827,2227.5379,2230.4133,31.7109,323,0,1,0,23.6674,201.5486,wav_chunk,,
M3,22,/robot_pose,2198.6779,2227.1707,2229.3087,28.4928,146,0,1,0,23.6674,201.5486,pose_state,,
M3,22,/head_cmd,2210.0,2246.3045,2250.1565,36.3045,260,0,1,0,23.6674,201.5486,gaze_adjust,,
M3,22,/speech_cmd,2212.0,2235.312,2237.9991,23.312,201,0,1,0,23.6674,201.5486,comfort_prompt,,
M3,22,/event_log,2214.0,2243.1587,2245.8599,29.1587,271,0,1,0,23.6674,201.5486,sync_tick,,
M3,22,/system_health,2216.0,2245.8596,2247.5399,29.8596,263,0,1,0,23.6674,201.5486,system_ok,,
M3,23,/camera/image_raw,2297.1337,2323.345,2326.3363,26.2113,91,0,1,0,24.8736,201.5013,rgb_frame,,
M3,23,/audio/stream,2291.1261,2321.206,2322.9098,30.0799,264,0,1,0,24.8736,201.5013,wav_chunk,,
M3,23,/robot_pose,2298.3372,2332.4492,2335.5506,34.112,213,0,1,0,24.8736,201.5013,pose_state,,
M3,23,/head_cmd,2310.0,2344.2117,2346.5683,34.2117,153,0,1,0,24.8736,201.5013,gaze_adjust,,
M3,23,/speech_cmd,2312.0,2351.4675,2352.5165,39.4675,281,0,1,0,24.8736,201.5013,comfort_prompt,,
M3,23,/event_log,2314.0,2347.4252,2349.8457,33.4252,226,0,1,0,24.8736,201.5013,sync_tick,,
M3,23,/system_health,2316.0,2351.1743,2352.126,35.1743,252,0,1,0,24.8736,201.5013,system_ok,,
M3,24,/camera/image_raw,2396.0529,2431.0831,2433.3228,35.0302,202,0,1,0,25.6852,201.0389,rgb_frame,,
M3,24,/audio/stream,2394.5816,2425.4573,2427.4177,30.8756,214,0,1,0,25.6852,201.0389,wav_chunk,,
M3,24,/robot_pose,2402.1437,2435.7651,2438.1528,33.6214,160,0,1,0,25.6852,201.0389,pose_state,,
M3,24,/head_cmd,2410.0,2435.3014,2437.8411,25.3014,207,0,1,0,25.6852,201.0389,gaze_adjust,,
M3,24,/speech_cmd,2412.0,2445.1156,2447.9404,33.1156,179,0,1,0,25.6852,201.0389,comfort_prompt,,
M3,24,/event_log,2414.0,2440.2613,2443.8009,26.2613,277,0,1,0,25.6852,201.0389,sync_tick,,
M3,24,/system_health,2416.0,2446.2305,2447.6833,30.2305,225,0,1,0,25.6852,201.0389,system_ok,,
M3,25,/camera/image_raw,2491.666,2520.3407,2522.1997,28.6748,98,0,1,0,25.7029,200.8782,rgb_frame,,
M3,25,/audio/stream,2507.0673,2539.4324,2541.4963,32.3651,305,0,1,0,25.7029,200.8782,wav_chunk,,
M3,25,/robot_pose,2496.1162,2521.4192,2524.5487,25.3029,305,0,1,0,25.7029,200.8782,pose_state,,
M3,25,/head_cmd,2510.0,2547.8563,2550.0142,37.8563,316,0,1,0,25.7029,200.8782,gaze_adjust,,
M3,25,/speech_cmd,2512.0,2538.9632,2541.7336,26.9632,209,0,1,0,25.7029,200.8782,comfort_prompt,,
M3,25,/event_log,2514.0,2540.2425,2541.5432,26.2425,256,0,1,0,25.7029,200.8782,sync_tick,,
M3,25,/system_health,2516.0,2545.551,2548.0518,29.551,147,0,1,0,25.7029,200.8782,system_ok,,
M3,26,/camera/image_raw,2585.1103,2623.2926,2625.828,38.1823,264,0,1,0,23.3458,201.9916,rgb_frame,,
M3,26,/audio/stream,2610.9791,2649.464,2651.0794,38.4849,257,0,1,0,23.3458,201.9916,wav_chunk,,
M3,26,/robot_pose,2604.519,2638.5519,2640.5337,34.0329,232,0,1,0,23.3458,201.9916,pose_state,,
M3,26,/head_cmd,2610.0,2644.3957,2646.6233,34.3957,193,0,1,0,23.3458,201.9916,gaze_adjust,,
M3,26,/speech_cmd,2612.0,2649.3114,2650.7303,37.3114,242,0,1,0,23.3458,201.9916,comfort_prompt,,
M3,26,/event_log,2614.0,2646.9231,2649.4096,32.9231,128,0,1,0,23.3458,201.9916,sync_tick,,
M3,26,/system_health,2616.0,2653.6679,2655.3263,37.6679,329,0,1,0,23.3458,201.9916,system_ok,,
M3,27,/camera/image_raw,2696.6528,2729.359,2731.8913,32.7061,260,0,1,0,24.1949,205.4688,rgb_frame,,
M3,27,/audio/stream,2699.6093,2735.5506,2737.2022,35.9413,196,0,1,0,24.1949,205.4688,wav_chunk,,
M3,27,/robot_pose,2709.5689,2739.5646,2741.8443,29.9956,242,0,1,0,24.1949,205.4688,pose_state,,
M3,27,/head_cmd,2710.0,2745.391,2748.6348,35.391,197,0,1,0,24.1949,205.4688,gaze_adjust,,
M3,27,/speech_cmd,2712.0,2741.6141,2742.6651,29.6141,377,0,1,0,24.1949,205.4688,comfort_prompt,,
M3,27,/event_log,2714.0,2747.7686,2750.3525,33.7686,175,0,1,0,24.1949,205.4688,sync_tick,,
M3,27,/system_health,2716.0,2748.5453,2751.1526,32.5453,240,0,1,0,24.1949,205.4688,system_ok,,
M3,28,/camera/image_raw,2807.5299,2847.7423,2850.7762,40.2124,247,0,1,0,23.3757,199.5423,rgb_frame,,
M3,28,/audio/stream,2818.4946,2852.4285,2853.9752,33.9338,309,0,1,0,23.3757,199.5423,wav_chunk,,
M3,28,/robot_pose,2795.2647,2827.5327,2829.5246,32.268,292,0,1,0,23.3757,199.5423,pose_state,,
M3,28,/head_cmd,2810.0,2843.0356,2845.0476,33.0356,256,0,1,0,23.3757,199.5423,gaze_adjust,,
M3,28,/speech_cmd,2812.0,2848.969,2852.4862,36.969,291,0,1,0,23.3757,199.5423,comfort_prompt,,
M3,28,/event_log,2814.0,2851.0009,2853.041,37.0009,213,0,1,0,23.3757,199.5423,sync_tick,,
M3,28,/system_health,2816.0,2852.4035,2854.7405,36.4035,170,0,1,0,23.3757,199.5423,system_ok,,
M3,29,/camera/image_raw,2897.7035,2934.4229,2936.8336,36.7194,260,0,1,0,26.1299,203.3435,rgb_frame,,
M3,29,/audio/stream,2899.3368,2926.8171,2929.0267,27.4803,256,0,1,0,26.1299,203.3435,wav_chunk,,
M3,29,/robot_pose,2897.4477,2923.2059,2924.9743,25.7582,236,0,1,0,26.1299,203.3435,pose_state,,
M3,29,/head_cmd,2910.0,2942.8806,2945.4497,32.8806,221,0,1,0,26.1299,203.3435,gaze_adjust,,
M3,29,/speech_cmd,2912.0,2945.1022,2947.1565,33.1022,83,0,1,0,26.1299,203.3435,comfort_prompt,,
M3,29,/event_log,2914.0,2943.2879,2946.3511,29.2879,155,0,1,0,26.1299,203.3435,sync_tick,,
M3,29,/system_health,2916.0,2947.6775,2951.1457,31.6775,210,0,1,0,26.1299,203.3435,system_ok,,
M3,30,/camera/image_raw,3000.015,3038.6604,3041.3896,38.6454,203,0,1,0,24.4083,202.1306,rgb_frame,,
M3,30,/audio/stream,2989.5679,3020.207,3022.8029,30.6391,218,0,1,0,24.4083,202.1306,wav_chunk,,
M3,30,/robot_pose,3008.1362,3032.8954,3035.0528,24.7592,167,0,1,0,24.4083,202.1306,pose_state,,
M3,30,/head_cmd,3010.0,3049.6933,3052.0348,39.6933,201,0,1,0,24.4083,202.1306,gaze_adjust,,
M3,30,/speech_cmd,3012.0,3042.4337,3043.1221,30.4337,190,0,1,0,24.4083,202.1306,comfort_prompt,,
M3,30,/event_log,3014.0,3051.2935,3055.2789,37.2935,299,0,1,0,24.4083,202.1306,sync_tick,,
M3,30,/system_health,3016.0,3048.86,3050.7145,32.86,198,0,1,0,24.4083,202.1306,system_ok,,
M3,31,/camera/image_raw,3114.4184,3144.666,3146.3307,30.2476,251,0,1,0,26.0329,197.1258,rgb_frame,,
M3,31,/audio/stream,3098.49,3131.1602,3135.7571,32.6701,191,0,1,0,26.0329,197.1258,wav_chunk,,
M3,31,/robot_pose,3110.5781,3144.4054,3147.0986,33.8273,255,0,1,0,26.0329,197.1258,pose_state,,
M3,31,/head_cmd,3110.0,3143.3521,3144.7163,33.3521,262,0,1,0,26.0329,197.1258,gaze_adjust,,
M3,31,/speech_cmd,3112.0,3146.957,3149.4191,34.957,290,0,1,0,26.0329,197.1258,comfort_prompt,,
M3,31,/event_log,3114.0,3152.5618,3155.5114,38.5618,260,0,1,0,26.0329,197.1258,sync_tick,,
M3,31,/system_health,3116.0,3144.2244,3145.9444,28.2244,242,0,1,0,26.0329,197.1258,system_ok,,
M3,32,/camera/image_raw,3201.7664,3232.6,3233.6243,30.8336,195,0,1,0,23.193,197.3767,rgb_frame,,
M3,32,/audio/stream,3196.1733,3226.3711,3227.5024,30.1978,278,0,1,0,23.193,197.3767,wav_chunk,,
M3,32,/robot_pose,3195.3213,3230.0556,3231.8161,34.7343,229,0,1,0,23.193,197.3767,pose_state,,
M3,32,/head_cmd,3210.0,3243.9231,3245.5519,33.9231,209,0,1,0,23.193,197.3767,gaze_adjust,,
M3,32,/speech_cmd,3212.0,3248.5594,3251.4668,36.5594,292,0,1,0,23.193,197.3767,comfort_prompt,,
M3,32,/event_log,3214.0,3249.476,3250.0942,35.476,337,0,1,0,23.193,197.3767,sync_tick,,
M3,32,/system_health,3216.0,3249.3417,3252.3503,33.3417,279,0,1,0,23.193,197.3767,system_ok,,
M3,33,/camera/image_raw,3300.3425,3325.4812,3327.248,25.1388,378,0,1,0,24.1571,204.4301,rgb_frame,,
M3,33,/audio/stream,3297.7975,3326.7778,3328.7868,28.9803,203,0,1,0,24.1571,204.4301,wav_chunk,,
M3,33,/robot_pose,3301.8357,3334.6637,3336.2747,32.828,244,0,1,0,24.1571,204.4301,pose_state,,
M3,33,/head_cmd,3310.0,3344.88,3346.521,34.88,303,0,1,0,24.1571,204.4301,gaze_adjust,,
M3,33,/speech_cmd,3312.0,3346.7735,3349.8175,34.7735,264,0,1,0,24.1571,204.4301,comfort_prompt,,
M3,33,/event_log,3314.0,3358.4496,3361.4932,44.4496,275,0,1,0,24.1571,204.4301,sync_tick,,
M3,33,/system_health,3316.0,3343.9809,3346.1032,27.9809,341,0,1,0,24.1571,204.4301,system_ok,,
M3,34,/camera/image_raw,3411.9667,3438.966,3439.976,26.9993,270,0,1,0,23.1188,203.3641,rgb_frame,,
M3,34,/audio/stream,3411.8266,3445.8843,3448.807,34.0577,285,0,1,0,23.1188,203.3641,wav_chunk,,
M3,34,/robot_pose,3403.926,3438.0172,3439.4295,34.0912,249,0,1,0,23.1188,203.3641,pose_state,,
M3,34,/head_cmd,3410.0,3435.9364,3436.5337,25.9364,300,0,1,0,23.1188,203.3641,gaze_adjust,,
M3,34,/speech_cmd,3412.0,3440.9524,3443.8504,28.9524,322,0,1,0,23.1188,203.3641,comfort_prompt,,
M3,34,/event_log,3414.0,3443.4876,3446.1599,29.4876,216,0,1,0,23.1188,203.3641,sync_tick,,
M3,34,/system_health,3416.0,3440.5814,3442.88,24.5814,227,0,1,0,23.1188,203.3641,system_ok,,
M3,35,/camera/image_raw,3496.9194,3534.3643,3536.803,37.4449,278,0,1,0,24.9212,199.2145,rgb_frame,,
M3,35,/audio/stream,3515.8027,3545.835,3547.4226,30.0323,311,0,1,0,24.9212,199.2145,wav_chunk,,
M3,35,/robot_pose,3492.3707,3533.2657,3535.85,40.895,202,0,1,0,24.9212,199.2145,pose_state,,
M3,35,/head_cmd,3510.0,3545.1676,3549.3096,35.1676,262,0,1,0,24.9212,199.2145,gaze_adjust,,
M3,35,/speech_cmd,3512.0,3551.6592,3553.2669,39.6592,253,0,1,0,24.9212,199.2145,comfort_prompt,,
M3,35,/event_log,3514.0,3550.2901,3552.808,36.2901,210,0,1,0,24.9212,199.2145,sync_tick,,
M3,35,/system_health,3516.0,3546.5738,3549.5644,30.5738,327,0,1,0,24.9212,199.2145,system_ok,,
M3,36,/camera/image_raw,3610.585,3646.0883,3647.5023,35.5033,193,0,1,0,24.1577,205.7828,rgb_frame,,
M3,36,/audio/stream,3614.4314,3649.0502,3651.1083,34.6187,254,0,1,0,24.1577,205.7828,wav_chunk,,
M3,36,/robot_pose,3600.6731,3637.6142,3640.4215,36.9411,335,0,1,0,24.1577,205.7828,pose_state,,
M3,36,/head_cmd,3610.0,3634.9249,3637.3276,24.9249,297,0,1,0,24.1577,205.7828,gaze_adjust,,
M3,36,/speech_cmd,3612.0,3638.5447,3640.2207,26.5447,205,0,1,0,24.1577,205.7828,comfort_prompt,,
M3,36,/event_log,3614.0,3646.7378,3650.2401,32.7378,377,0,1,0,24.1577,205.7828,sync_tick,,
M3,36,/system_health,3616.0,3645.3939,3648.0151,29.3939,289,0,1,0,24.1577,205.7828,system_ok,,
M3,37,/camera/image_raw,3702.7134,3729.6735,3732.5101,26.9602,309,0,1,0,26.3563,205.0869,rgb_frame,,
M3,37,/audio/stream,3703.1918,3735.6525,3738.7576,32.4606,267,0,1,0,26.3563,205.0869,wav_chunk,,
M3,37,/robot_pose,3701.5187,3733.5214,3735.8184,32.0026,134,0,1,0,26.3563,205.0869,pose_state,,
M3,37,/head_cmd,3710.0,3740.8792,3742.5446,30.8792,184,0,1,0,26.3563,205.0869,gaze_adjust,,
M3,37,/speech_cmd,3712.0,3748.9368,3751.5402,36.9368,254,0,1,0,26.3563,205.0869,comfort_prompt,,
M3,37,/event_log,3714.0,3742.9416,3745.3785,28.9416,315,0,1,0,26.3563,205.0869,sync_tick,,
M3,37,/system_health,3716.0,3743.8929,3746.089,27.8929,308,0,1,0,26.3563,205.0869,system_ok,,
M3,38,/camera/image_raw,3786.448,3819.5695,3823.3084,33.1215,236,0,1,0,24.3528,200.5954,rgb_frame,,
M3,38,/audio/stream,3799.5394,3833.2773,3837.0731,33.7378,222,0,1,0,24.3528,200.5954,wav_chunk,,
M3,38,/robot_pose,3797.8535,3837.6832,3839.8875,39.8297,362,0,1,0,24.3528,200.5954,pose_state,,
M3,38,/head_cmd,3810.0,3845.5718,3848.0175,35.5718,252,0,1,0,24.3528,200.5954,gaze_adjust,,
M3,38,/speech_cmd,3812.0,3842.0748,3844.3354,30.0748,309,0,1,0,24.3528,200.5954,comfort_prompt,,
M3,38,/event_log,3814.0,3846.5185,3848.4652,32.5185,240,0,1,0,24.3528,200.5954,sync_tick,,
M3,38,/system_health,3816.0,3852.5409,3855.721,36.5409,215,0,1,0,24.3528,200.5954,system_ok,,
M3,39,/camera/image_raw,3895.3199,3926.7417,3928.1972,31.4218,239,0,1,0,25.7606,198.4948,rgb_frame,,
M3,39,/audio/stream,3903.0349,3941.9306,3942.9926,38.8958,158,0,1,0,25.7606,198.4948,wav_chunk,,
M3,39,/robot_pose,3907.6377,3936.8016,3939.2314,29.1639,293,0,1,0,25.7606,198.4948,pose_state,,
M3,39,/head_cmd,3910.0,3944.2279,3947.3685,34.2279,150,0,1,0,25.7606,198.4948,gaze_adjust,,
M3,39,/speech_cmd,3912.0,3949.2315,3951.1818,37.2315,299,0,1,0,25.7606,198.4948,comfort_prompt,,
M3,39,/event_log,3914.0,3941.1844,3943.3884,27.1844,270,0,1,0,25.7606,198.4948,sync_tick,,
M3,39,/system_health,3916.0,3953.1011,3954.0329,37.1011,257,0,1,0,25.7606,198.4948,system_ok,,
M3,40,/camera/image_raw,3992.4034,4028.5091,4031.7979,36.1058,157,0,1,0,25.9159,200.5019,rgb_frame,,
M3,40,/audio/stream,4004.044,4038.8902,4041.857,34.8463,240,0,1,0,25.9159,200.5019,wav_chunk,,
M3,40,/robot_pose,4003.8861,4031.4399,4034.3942,27.5538,184,0,1,0,25.9159,200.5019,pose_state,,
M3,40,/head_cmd,4010.0,4041.6835,4043.8514,31.6835,298,0,1,0,25.9159,200.5019,gaze_adjust,,
M3,40,/speech_cmd,4012.0,4041.8903,4043.5427,29.8903,261,0,1,0,25.9159,200.5019,comfort_prompt,,
M3,40,/event_log,4014.0,4050.4224,4054.4524,36.4224,165,0,1,0,25.9159,200.5019,sync_tick,,
M3,40,/system_health,4016.0,4049.6582,4050.989,33.6582,317,0,1,0,25.9159,200.5019,system_ok,,
M3,41,/camera/image_raw,4093.4302,4126.7998,4128.9952,33.3696,176,0,1,0,24.4162,202.905,rgb_frame,,
M3,41,/audio/stream,4094.6028,4128.9488,4131.1064,34.346,325,0,1,0,24.4162,202.905,wav_chunk,,
M3,41,/robot_pose,4097.0536,4125.6575,4126.5757,28.6039,253,0,1,0,24.4162,202.905,pose_state,,
M3,41,/head_cmd,4110.0,4146.6186,4148.9474,36.6186,244,0,1,0,24.4162,202.905,gaze_adjust,,
M3,41,/speech_cmd,4112.0,4139.9534,4143.5596,27.9534,194,0,1,0,24.4162,202.905,comfort_prompt,,
M3,41,/event_log,4114.0,4142.5332,4145.1893,28.5332,144,0,1,0,24.4162,202.905,sync_tick,,
M3,41,/system_health,4116.0,4152.5332,4155.2325,36.5332,309,0,1,0,24.4162,202.905,system_ok,,
M3,42,/camera/image_raw,4203.9068,4237.9581,4240.8036,34.0513,344,0,1,0,24.3459,199.2693,rgb_frame,,
M3,42,/audio/stream,4198.711,4232.3048,4235.2445,33.5938,238,0,1,0,24.3459,199.2693,wav_chunk,,
M3,42,/robot_pose,4194.6843,4224.8779,4227.4568,30.1936,232,0,1,0,24.3459,199.2693,pose_state,,
M3,42,/head_cmd,4210.0,4243.1835,4244.5345,33.1835,203,0,1,0,24.3459,199.2693,gaze_adjust,,
M3,42,/speech_cmd,4212.0,4246.6483,4249.5577,34.6483,196,0,1,0,24.3459,199.2693,comfort_prompt,,
M3,42,/event_log,4214.0,4248.7892,4250.563,34.7892,256,0,1,0,24.3459,199.2693,sync_tick,,
M3,42,/system_health,4216.0,4253.7745,4256.6205,37.7745,303,0,1,0,24.3459,199.2693,system_ok,,
M3,43,/camera/image_raw,4313.3615,4337.2224,4339.2565,23.8609,223,0,1,0,23.7057,201.2874,rgb_frame,,
M3,43,/audio/stream,4294.369,4330.7831,4333.265,36.4141,219,0,1,0,23.7057,201.2874,wav_chunk,,
M3,43,/robot_pose,4295.0706,4330.7096,4333.4882,35.639,209,0,1,0,23.7057,201.2874,pose_state,,
M3,43,/head_cmd,4310.0,4341.307,4341.7267,31.307,190,0,1,0,23.7057,201.2874,gaze_adjust,,
M3,43,/speech_cmd,4312.0,4342.3092,4344.5686,30.3092,199,0,1,0,23.7057,201.2874,comfort_prompt,,
M3,43,/event_log,4314.0,4345.2253,4346.445,31.2253,266,0,1,0,23.7057,201.2874,sync_tick,,
M3,43,/system_health,4316.0,4350.982,4353.5039,34.982,256,0,1,0,23.7057,201.2874,system_ok,,
M3,44,/camera/image_raw,4389.2125,4426.9648,4429.8144,37.7523,196,0,1,0,24.0564,202.2099,rgb_frame,,
M3,44,/audio/stream,4395.0404,4429.8041,4432.5163,34.7637,207,0,1,0,24.0564,202.2099,wav_chunk,,
M3,44,/robot_pose,4397.9635,4433.409,4435.4807,35.4456,171,0,1,0,24.0564,202.2099,pose_state,,
M3,44,/head_cmd,4410.0,4443.8709,4446.2445,33.8709,242,0,1,0,24.0564,202.2099,gaze_adjust,,
M3,44,/speech_cmd,4412.0,4443.9003,4445.525,31.9003,292,0,1,0,24.0564,202.2099,comfort_prompt,,
M3,44,/event_log,4414.0,4445.8763,4448.2095,31.8763,277,0,1,0,24.0564,202.2099,sync_tick,,
M3,44,/system_health,4416.0,4443.4318,4444.9163,27.4318,123,0,1,0,24.0564,202.2099,system_ok,,
M3,45,/camera/image_raw,4503.9532,4531.7752,4533.9231,27.822,356,0,1,0,24.9081,203.6866,rgb_frame,,
M3,45,/audio/stream,4490.3023,4529.7977,4532.7875,39.4954,276,0,1,0,24.9081,203.6866,wav_chunk,,
M3,45,/robot_pose,4500.6628,4529.2805,4532.0554,28.6177,246,0,1,0,24.9081,203.6866,pose_state,,
M3,45,/head_cmd,4510.0,4544.8802,4546.5739,34.8802,245,0,1,0,24.9081,203.6866,gaze_adjust,,
M3,45,/speech_cmd,4512.0,4545.2947,4547.6917,33.2947,285,0,1,0,24.9081,203.6866,comfort_prompt,,
M3,45,/event_log,4514.0,4544.3213,4545.4467,30.3213,353,0,1,0,24.9081,203.6866,sync_tick,,
M3,45,/system_health,4516.0,4558.5951,4561.1531,42.5951,176,0,1,0,24.9081,203.6866,system_ok,,
M3,46,/camera/image_raw,4594.5876,4627.8255,4630.7172,33.2379,235,0,1,0,23.1658,201.6519,rgb_frame,,
M3,46,/audio/stream,4604.0729,4630.2718,4632.9688,26.1989,323,0,1,0,23.1658,201.6519,wav_chunk,,
M3,46,/robot_pose,4606.7056,4638.8294,4641.3536,32.1238,227,0,1,0,23.1658,201.6519,pose_state,,
M3,46,/head_cmd,4610.0,4639.0711,4642.0922,29.0711,279,0,1,0,23.1658,201.6519,gaze_adjust,,
M3,46,/speech_cmd,4612.0,4646.4156,4649.8173,34.4156,192,0,1,0,23.1658,201.6519,comfort_prompt,,
M3,46,/event_log,4614.0,4644.246,4646.5724,30.246,222,0,1,0,23.1658,201.6519,sync_tick,,
M3,46,/system_health,4616.0,4651.5867,4653.6368,35.5867,196,0,1,0,23.1658,201.6519,system_ok,,
M3,47,/camera/image_raw,4700.4604,4733.2471,4735.2966,32.7867,213,0,1,0,24.9325,203.2912,rgb_frame,,
M3,47,/audio/stream,4701.3627,4734.0236,4735.9571,32.6609,357,0,1,0,24.9325,203.2912,wav_chunk,,
M3,47,/robot_pose,4704.6734,4741.5477,4744.254,36.8743,278,0,1,0,24.9325,203.2912,pose_state,,
M3,47,/head_cmd,4710.0,4741.1537,4742.3448,31.1537,243,0,1,0,24.9325,203.2912,gaze_adjust,,
M3,47,/speech_cmd,4712.0,4743.9112,4746.2947,31.9112,284,0,1,0,24.9325,203.2912,comfort_prompt,,
M3,47,/event_log,4714.0,4749.1909,4750.8372,35.1909,215,0,1,0,24.9325,203.2912,sync_tick,,
M3,47,/system_health,4716.0,4753.309,4756.1258,37.309,232,0,1,0,24.9325,203.2912,system_ok,,
M3,48,/camera/image_raw,4799.2495,4831.1261,4833.8562,31.8766,154,0,1,0,25.02,209.098,rgb_frame,,
M3,48,/audio/stream,4799.1783,4828.3562,4831.5393,29.1779,280,0,1,0,25.02,209.098,wav_chunk,,
M3,48,/robot_pose,4800.1579,4813.719,4816.4582,13.5611,371,0,1,0,25.02,209.098,pose_state,,
M3,48,/head_cmd,4810.0,4833.1339,4836.5494,23.1339,89,0,1,0,25.02,209.098,gaze_adjust,,
M3,48,/speech_cmd,4812.0,4846.8695,4849.0626,34.8695,115,0,1,0,25.02,209.098,comfort_prompt,,
M3,48,/event_log,4814.0,4846.9021,4850.0228,32.9021,277,0,1,0,25.02,209.098,sync_tick,,
M3,48,/system_health,4816.0,4849.4569,4851.3275,33.4569,144,0,1,0,25.02,209.098,system_ok,,
M3,49,/camera/image_raw,4904.843,4933.5578,4934.4834,28.7147,258,0,1,0,22.3133,197.7583,rgb_frame,,
M3,49,/audio/stream,4913.998,4947.6703,4948.7261,33.6723,302,0,1,0,22.3133,197.7583,wav_chunk,,
M3,49,/robot_pose,4905.6479,4940.1509,4941.9124,34.503,245,0,1,0,22.3133,197.7583,pose_state,,
M3,49,/head_cmd,4910.0,4934.2994,4936.2336,24.2994,256,0,1,0,22.3133,197.7583,gaze_adjust,,
M3,49,/speech_cmd,4912.0,4944.7736,4947.2767,32.7736,270,0,1,0,22.3133,197.7583,comfort_prompt,,
M3,49,/event_log,4914.0,4945.0412,4947.4702,31.0412,316,0,1,0,22.3133,197.7583,sync_tick,,
M3,49,/system_health,4916.0,4947.7166,4950.1707,31.7166,244,0,1,0,22.3133,197.7583,system_ok,,
M3,50,/camera/image_raw,4995.4727,5026.3022,5028.2397,30.8295,225,0,1,0,24.9248,202.0791,rgb_frame,,
M3,50,/audio/stream,5004.183,5029.6451,5032.1514,25.462,269,0,1,0,24.9248,202.0791,wav_chunk,,
M3,50,/robot_pose,4997.2239,5032.6678,5034.4426,35.4439,369,0,1,0,24.9248,202.0791,pose_state,,
M3,50,/head_cmd,5010.0,5040.5263,5042.0262,30.5263,196,0,1,0,24.9248,202.0791,gaze_adjust,,
M3,50,/speech_cmd,5012.0,5037.1096,5040.5357,25.1096,338,0,1,0,24.9248,202.0791,comfort_prompt,,
M3,50,/event_log,5014.0,5048.4482,5049.9314,34.4482,364,0,1,0,24.9248,202.0791,sync_tick,,
M3,50,/system_health,5016.0,5046.6384,5048.6231,30.6384,342,0,1,0,24.9248,202.0791,system_ok,,
M3,51,/camera/image_raw,5104.6124,5130.1882,5132.1653,25.5758,324,0,1,0,24.0633,200.2869,rgb_frame,,
M3,51,/audio/stream,5117.6088,5152.968,5155.1842,35.3592,196,0,1,0,24.0633,200.2869,wav_chunk,,
M3,51,/robot_pose,5101.2436,5135.1149,5138.1252,33.8713,281,0,1,0,24.0633,200.2869,pose_state,,
M3,51,/head_cmd,5110.0,5143.6308,5145.1932,33.6308,308,0,1,0,24.0633,200.2869,gaze_adjust,,
M3,51,/speech_cmd,5112.0,5132.4362,5134.9425,20.4362,410,0,1,0,24.0633,200.2869,comfort_prompt,,
M3,51,/event_log,5114.0,5140.9303,5142.9372,26.9303,255,0,1,0,24.0633,200.2869,sync_tick,,
M3,51,/system_health,5116.0,5147.1135,5150.1426,31.1135,284,0,1,0,24.0633,200.2869,system_ok,,
M3,52,/camera/image_raw,5201.0661,5233.6026,5234.4342,32.5365,223,0,1,0,27.9979,202.4238,rgb_frame,,
M3,52,/audio/stream,5206.3782,5242.723,5243.8547,36.3448,126,0,1,0,27.9979,202.4238,wav_chunk,,
M3,52,/robot_pose,5200.0838,5231.9683,5235.2649,31.8846,258,0,1,0,27.9979,202.4238,pose_state,,
M3,52,/head_cmd,5210.0,5240.4108,5241.124,30.4108,283,0,1,0,27.9979,202.4238,gaze_adjust,,
M3,52,/speech_cmd,5212.0,5246.4004,5247.175,34.4004,324,0,1,0,27.9979,202.4238,comfort_prompt,,
M3,52,/event_log,5214.0,5248.8181,5251.924,34.8181,291,0,1,0,27.9979,202.4238,sync_tick,,
M3,52,/system_health,5216.0,5250.3701,5252.9866,34.3701,308,0,1,0,27.9979,202.4238,system_ok,,
M3,53,/camera/image_raw,5287.2687,5320.6536,5323.7473,33.3849,324,0,1,0,24.3572,203.0868,rgb_frame,,
M3,53,/audio/stream,5287.9915,5316.5881,5318.979,28.5966,205,0,1,0,24.3572,203.0868,wav_chunk,,
M3,53,/robot_pose,5296.32,5327.6531,5330.1106,31.3332,51,0,1,0,24.3572,203.0868,pose_state,,
M3,53,/head_cmd,5310.0,5351.7311,5354.3843,41.7311,220,0,1,0,24.3572,203.0868,gaze_adjust,,
M3,53,/speech_cmd,5312.0,5351.7956,5353.7177,39.7956,263,0,1,0,24.3572,203.0868,comfort_prompt,,
M3,53,/event_log,5314.0,5344.1377,5347.6593,30.1377,249,0,1,0,24.3572,203.0868,sync_tick,,
M3,53,/system_health,5316.0,5348.6841,5351.8471,32.6841,291,0,1,0,24.3572,203.0868,system_ok,,
M3,54,/camera/image_raw,5399.6196,5432.8708,5436.1192,33.2513,220,0,1,0,24.8492,202.3269,rgb_frame,,
M3,54,/audio/stream,5408.8831,5440.3386,5441.3086,31.4555,184,0,1,0,24.8492,202.3269,wav_chunk,,
M3,54,/robot_pose,5412.6924,5443.19,5445.3452,30.4975,362,0,1,0,24.8492,202.3269,pose_state,,
M3,54,/head_cmd,5410.0,5444.7127,5446.1831,34.7127,212,0,1,0,24.8492,202.3269,gaze_adjust,,
M3,54,/speech_cmd,5412.0,5450.0677,5453.169,38.0677,257,0,1,0,24.8492,202.3269,comfort_prompt,,
M3,54,/event_log,5414.0,5444.7986,5447.8986,30.7986,196,0,1,0,24.8492,202.3269,sync_tick,,
M3,54,/system_health,5416.0,5450.1369,5454.155,34.1369,268,0,1,0,24.8492,202.3269,system_ok,,
M3,55,/camera/image_raw,5494.5707,5531.0875,5533.0388,36.5168,233,0,1,0,22.9665,203.9629,rgb_frame,,
M3,55,/audio/stream,5503.2829,5531.4822,5533.5622,28.1992,222,0,1,0,22.9665,203.9629,wav_chunk,,
M3,55,/robot_pose,5497.65,5525.6513,5529.365,28.0013,283,0,1,0,22.9665,203.9629,pose_state,,
M3,55,/head_cmd,5510.0,5544.335,5547.2418,34.335,302,0,1,0,22.9665,203.9629,gaze_adjust,,
M3,55,/speech_cmd,5512.0,5542.393,5544.8111,30.393,239,0,1,0,22.9665,203.9629,comfort_prompt,,
M3,55,/event_log,5514.0,5547.7993,5550.2727,33.7993,233,0,1,0,22.9665,203.9629,sync_tick,,
M3,55,/system_health,5516.0,5542.7283,5545.0453,26.7283,243,0,1,0,22.9665,203.9629,system_ok,,
M3,56,/camera/image_raw,5586.7674,5617.7797,5619.0921,31.0123,268,0,1,0,27.2812,200.9046,rgb_frame,,
M3,56,/audio/stream,5604.0613,5638.0377,5639.5886,33.9764,245,0,1,0,27.2812,200.9046,wav_chunk,,
M3,56,/robot_pose,5604.8267,5630.0792,5633.0203,25.2525,209,0,1,0,27.2812,200.9046,pose_state,,
M3,56,/head_cmd,5610.0,5643.0285,5644.0871,33.0285,221,0,1,0,27.2812,200.9046,gaze_adjust,,
M3,56,/speech_cmd,5612.0,5644.0488,5646.2397,32.0488,284,0,1,0,27.2812,200.9046,comfort_prompt,,
M3,56,/event_log,5614.0,5652.9234,5655.7096,38.9234,313,0,1,0,27.2812,200.9046,sync_tick,,
M3,56,/system_health,5616.0,5654.9515,5657.6073,38.9515,253,0,1,0,27.2812,200.9046,system_ok,,
M3,57,/camera/image_raw,5707.0638,5737.6053,5740.429,30.5415,254,0,1,0,22.8999,199.6439,rgb_frame,,
M3,57,/audio/stream,5708.5841,5744.7725,5748.0247,36.1884,327,0,1,0,22.8999,199.6439,wav_chunk,,
M3,57,/robot_pose,5703.2428,5739.7059,5741.0763,36.4631,284,0,1,0,22.8999,199.6439,pose_state,,
M3,57,/head_cmd,5710.0,5739.2108,5740.0916,29.2108,238,0,1,0,22.8999,199.6439,gaze_adjust,,
M3,57,/speech_cmd,5712.0,5748.9399,5751.5085,36.9399,377,0,1,0,22.8999,199.6439,comfort_prompt,,
M3,57,/event_log,5714.0,5746.3499,5750.5081,32.3499,266,0,1,0,22.8999,199.6439,sync_tick,,
M3,57,/system_health,5716.0,5747.7309,5748.9074,31.7309,322,0,1,0,22.8999,199.6439,system_ok,,
M3,58,/camera/image_raw,5796.4851,5827.4263,5829.5855,30.9411,252,0,1,0,25.774,205.1697,rgb_frame,,
M3,58,/audio/stream,5794.8236,5830.3436,5833.7864,35.52,278,0,1,0,25.774,205.1697,wav_chunk,,
M3,58,/robot_pose,5806.4062,5846.6956,5849.6134,40.2895,241,0,1,0,25.774,205.1697,pose_state,,
M3,58,/head_cmd,5810.0,5845.7047,5849.2695,35.7047,375,0,1,0,25.774,205.1697,gaze_adjust,,
M3,58,/speech_cmd,5812.0,5849.1375,5851.358,37.1375,242,0,1,0,25.774,205.1697,comfort_prompt,,
M3,58,/event_log,5814.0,5848.6942,5852.2334,34.6942,282,0,1,0,25.774,205.1697,sync_tick,,
M3,58,/system_health,5816.0,5850.208,5852.4491,34.208,236,0,1,0,25.774,205.1697,system_ok,,
M3,59,/camera/image_raw,5898.8651,5927.5706,5930.3439,28.7055,338,0,1,0,24.2363,202.1473,rgb_frame,,
M3,59,/audio/stream,5901.0834,5939.7485,5942.1111,38.665,290,0,1,0,24.2363,202.1473,wav_chunk,,
M3,59,/robot_pose,5908.5905,5940.1434,5942.7658,31.5529,274,0,1,0,24.2363,202.1473,pose_state,,
M3,59,/head_cmd,5910.0,5942.4001,5944.7103,32.4001,283,0,1,0,24.2363,202.1473,gaze_adjust,,
M3,59,/speech_cmd,5912.0,5942.9904,5944.9964,30.9904,358,0,1,0,24.2363,202.1473,comfort_prompt,,
M3,59,/event_log,5914.0,5957.0092,5958.2457,43.0092,180,0,1,0,24.2363,202.1473,sync_tick,,
M3,59,/system_health,5916.0,5944.3384,5946.4558,28.3384,309,0,1,0,24.2363,202.1473,system_ok,,
M3,60,/camera/image_raw,6004.1388,6035.3899,6036.3225,31.2511,186,0,1,0,23.7387,201.3165,rgb_frame,,
M3,60,/audio/stream,6001.3762,6028.2215,6031.0328,26.8452,270,0,1,0,23.7387,201.3165,wav_chunk,,
M3,60,/robot_pose,6002.6447,6036.4204,6037.1487,33.7757,166,0,1,0,23.7387,201.3165,pose_state,,
M3,60,/head_cmd,6010.0,6043.9844,6043.9614,33.9844,329,0,1,0,23.7387,201.3165,gaze_adjust,,
M3,60,/speech_cmd,6012.0,6036.0382,6038.9129,24.0382,202,0,1,0,23.7387,201.3165,comfort_prompt,,
M3,60,/event_log,6014.0,6049.5271,6054.2936,35.5271,119,0,1,0,23.7387,201.3165,sync_tick,,
M3,60,/system_health,6016.0,6050.113,6050.8665,34.113,281,0,1,0,23.7387,201.3165,system_ok,,
M3,61,/camera/image_raw,6098.5526,6135.1907,6137.0633,36.6382,171,0,1,0,25.3586,197.9446,rgb_frame,,
M3,61,/audio/stream,6101.0383,6139.0896,6141.2357,38.0514,370,0,1,0,25.3586,197.9446,wav_chunk,,
M3,61,/robot_pose,6095.4416,6131.9986,6133.5601,36.557,250,0,1,0,25.3586,197.9446,pose_state,,
M3,61,/head_cmd,6110.0,6142.1558,6145.5768,32.1558,282,0,1,0,25.3586,197.9446,gaze_adjust,,
M3,61,/speech_cmd,6112.0,6144.3768,6146.4169,32.3768,252,0,1,0,25.3586,197.9446,comfort_prompt,,
M3,61,/event_log,6114.0,6150.89,6153.0929,36.89,232,0,1,0,25.3586,197.9446,sync_tick,,
M3,61,/system_health,6116.0,6145.4136,6147.1706,29.4136,171,0,1,0,25.3586,197.9446,system_ok,,
M3,62,/camera/image_raw,6194.7474,6230.0894,6232.1603,35.342,227,0,1,0,25.2749,195.0595,rgb_frame,,
M3,62,/audio/stream,6211.9874,6245.78,6247.5833,33.7926,128,0,1,0,25.2749,195.0595,wav_chunk,,
M3,62,/robot_pose,6198.967,6235.7248,6238.1192,36.7578,237,0,1,0,25.2749,195.0595,pose_state,,
M3,62,/head_cmd,6210.0,6239.2041,6240.2282,29.2041,269,0,1,0,25.2749,195.0595,gaze_adjust,,
M3,62,/speech_cmd,6212.0,6251.5226,6253.8851,39.5226,173,0,1,0,25.2749,195.0595,comfort_prompt,,
M3,62,/event_log,6214.0,6247.9693,6250.1266,33.9693,307,0,1,0,25.2749,195.0595,sync_tick,,
M3,62,/system_health,6216.0,6251.4957,6251.3071,35.4957,288,0,1,0,25.2749,195.0595,system_ok,,
M3,63,/camera/image_raw,6292.9756,6328.0457,6330.8564,35.0701,258,0,1,0,24.9521,197.4059,rgb_frame,,
M3,63,/audio/stream,6288.6262,6317.4075,6318.8239,28.7813,317,0,1,0,24.9521,197.4059,wav_chunk,,
M3,63,/robot_pose,6299.0576,6325.2645,6328.3161,26.2069,246,0,1,0,24.9521,197.4059,pose_state,,
M3,63,/head_cmd,6310.0,6341.8684,6342.702,31.8684,247,0,1,0,24.9521,197.4059,gaze_adjust,,
M3,63,/speech_cmd,6312.0,6346.7061,6347.837,34.7061,285,0,1,0,24.9521,197.4059,comfort_prompt,,
M3,63,/event_log,6314.0,6346.6078,6348.2928,32.6078,307,0,1,0,24.9521,197.4059,sync_tick,,
M3,63,/system_health,6316.0,6339.4427,6341.9201,23.4427,353,0,1,0,24.9521,197.4059,system_ok,,
M3,64,/camera/image_raw,6410.0796,6444.6454,6446.1996,34.5658,301,0,1,0,23.8006,201.1518,rgb_frame,,
M3,64,/audio/stream,6403.1185,6444.0417,6446.1921,40.9232,175,0,1,0,23.8006,201.1518,wav_chunk,,
M3,64,/robot_pose,6398.4916,6425.5032,6428.3244,27.0116,252,0,1,0,23.8006,201.1518,pose_state,,
M3,64,/head_cmd,6410.0,6445.8979,6447.671,35.8979,305,0,1,0,23.8006,201.1518,gaze_adjust,,
M3,64,/speech_cmd,6412.0,6443.7574,6445.3714,31.7574,231,0,1,0,23.8006,201.1518,comfort_prompt,,
M3,64,/event_log,6414.0,6441.6023,6445.3938,27.6023,250,0,1,0,23.8006,201.1518,sync_tick,,
M3,64,/system_health,6416.0,6450.9686,6452.7391,34.9686,192,0,1,0,23.8006,201.1518,system_ok,,
M3,65,/camera/image_raw,6498.3628,6532.7285,6536.2428,34.3657,277,0,1,0,23.5424,202.4353,rgb_frame,,
M3,65,/audio/stream,6508.8095,6543.7551,6546.5305,34.9456,186,0,1,0,23.5424,202.4353,wav_chunk,,
M3,65,/robot_pose,6497.3963,6525.9126,6527.2455,28.5163,176,0,1,0,23.5424,202.4353,pose_state,,
M3,65,/head_cmd,6510.0,6545.5514,6547.9835,35.5514,260,0,1,0,23.5424,202.4353,gaze_adjust,,
M3,65,/speech_cmd,6512.0,6533.9987,6537.8431,21.9987,202,0,1,0,23.5424,202.4353,comfort_prompt,,
M3,65,/event_log,6514.0,6554.5768,6555.6174,40.5768,207,0,1,0,23.5424,202.4353,sync_tick,,
M3,65,/system_health,6516.0,6539.5582,6542.0479,23.5582,189,0,1,0,23.5424,202.4353,system_ok,,
M3,66,/camera/image_raw,6592.489,6622.5302,6624.9053,30.0412,178,0,1,0,25.2826,207.0737,rgb_frame,,
M3,66,/audio/stream,6589.0199,6620.4638,6622.2487,31.4439,283,0,1,0,25.2826,207.0737,wav_chunk,,
M3,66,/robot_pose,6603.8868,6640.7389,6643.7317,36.8521,205,0,1,0,25.2826,207.0737,pose_state,,
M3,66,/head_cmd,6610.0,6646.7779,6648.9426,36.7779,236,0,1,0,25.2826,207.0737,gaze_adjust,,
M3,66,/speech_cmd,6612.0,6641.95,6643.702,29.95,360,0,1,0,25.2826,207.0737,comfort_prompt,,
M3,66,/event_log,6614.0,6648.0137,6650.3534,34.0137,240,0,1,0,25.2826,207.0737,sync_tick,,
M3,66,/system_health,6616.0,6658.5679,6661.8119,42.5679,212,0,1,0,25.2826,207.0737,system_ok,,
M3,67,/camera/image_raw,6698.0847,6735.2104,6736.3595,37.1257,188,0,1,0,23.7287,203.2287,rgb_frame,,
M3,67,/audio/stream,6698.286,6727.6708,6729.5213,29.3847,375,0,1,0,23.7287,203.2287,wav_chunk,,
M3,67,/robot_pose,6700.7294,6736.0536,6739.009,35.3242,240,0,1,0,23.7287,203.2287,pose_state,,
M3,67,/head_cmd,6710.0,6740.1721,6741.2107,30.1721,302,0,1,0,23.7287,203.2287,gaze_adjust,,
M3,67,/speech_cmd,6712.0,6745.2816,6748.5104,33.2816,243,0,1,0,23.7287,203.2287,comfort_prompt,,
M3,67,/event_log,6714.0,6744.7502,6747.0863,30.7502,309,0,1,0,23.7287,203.2287,sync_tick,,
M3,67,/system_health,6716.0,6741.4365,6744.2253,25.4365,254,0,1,0,23.7287,203.2287,system_ok,,
M3,68,/camera/image_raw,6792.5895,6826.9304,6830.7,34.3408,253,0,1,0,26.0925,206.6891,rgb_frame,,
M3,68,/audio/stream,6783.3232,6820.0557,6821.8947,36.7326,225,0,1,0,26.0925,206.6891,wav_chunk,,
M3,68,/robot_pose,6799.3176,6829.5269,6830.0785,30.2093,333,0,1,0,26.0925,206.6891,pose_state,,
M3,68,/head_cmd,6810.0,6840.3528,6841.9117,30.3528,185,0,1,0,26.0925,206.6891,gaze_adjust,,
M3,68,/speech_cmd,6812.0,6844.1019,6847.7127,32.1019,381,0,1,0,26.0925,206.6891,comfort_prompt,,
M3,68,/event_log,6814.0,6840.2759,6842.1923,26.2759,193,0,1,0,26.0925,206.6891,sync_tick,,
M3,68,/system_health,6816.0,6852.8727,6855.302,36.8727,217,0,1,0,26.0925,206.6891,system_ok,,
M3,69,/camera/image_raw,6900.508,6922.2672,6924.4138,21.7592,380,0,1,0,25.1017,203.8755,rgb_frame,,
M3,69,/audio/stream,6896.1807,6933.912,6934.6344,37.7314,237,0,1,0,25.1017,203.8755,wav_chunk,,
M3,69,/robot_pose,6908.0712,6935.692,6939.2609,27.6208,270,0,1,0,25.1017,203.8755,pose_state,,
M3,69,/head_cmd,6910.0,6939.3557,6941.583,29.3557,99,0,1,0,25.1017,203.8755,gaze_adjust,,
M3,69,/speech_cmd,6912.0,6940.087,6942.3162,28.087,306,0,1,0,25.1017,203.8755,comfort_prompt,,
M3,69,/event_log,6914.0,6938.6616,6940.5567,24.6616,316,0,1,0,25.1017,203.8755,sync_tick,,
M3,69,/system_health,6916.0,6942.6211,6945.0044,26.6211,259,0,1,0,25.1017,203.8755,system_ok,,
M3,70,/camera/image_raw,7012.0007,7043.7781,7045.6136,31.7775,247,0,1,0,25.4405,198.2862,rgb_frame,,
M3,70,/audio/stream,6998.1589,7034.2135,7036.8569,36.0546,211,0,1,0,25.4405,198.2862,wav_chunk,,
M3,70,/robot_pose,6999.142,7032.3498,7035.7422,33.2078,206,0,1,0,25.4405,198.2862,pose_state,,
M3,70,/head_cmd,7010.0,7043.2417,7045.2871,33.2417,252,0,1,0,25.4405,198.2862,gaze_adjust,,
M3,70,/speech_cmd,7012.0,7038.1384,7041.467,26.1384,209,0,1,0,25.4405,198.2862,comfort_prompt,,
M3,70,/event_log,7014.0,7050.7653,7052.4682,36.7653,218,0,1,0,25.4405,198.2862,sync_tick,,
M3,70,/system_health,7016.0,7053.5135,7056.5086,37.5135,268,0,1,0,25.4405,198.2862,system_ok,,
M3,71,/camera/image_raw,7105.3281,7134.4708,7137.8589,29.1427,237,0,1,0,23.7722,204.5314,rgb_frame,,
M3,71,/audio/stream,7097.6916,7129.69,7132.497,31.9984,257,0,1,0,23.7722,204.5314,wav_chunk,,
M3,71,/robot_pose,7099.9582,7130.6829,7132.8589,30.7247,309,0,1,0,23.7722,204.5314,pose_state,,
M3,71,/head_cmd,7110.0,7139.265,7141.364,29.265,256,0,1,0,23.7722,204.5314,gaze_adjust,,
M3,71,/speech_cmd,7112.0,7147.3747,7149.4948,35.3747,364,0,1,0,23.7722,204.5314,comfort_prompt,,
M3,71,/event_log,7114.0,7145.2902,7147.3001,31.2902,245,0,1,0,23.7722,204.5314,sync_tick,,
M3,71,/system_health,7116.0,7142.6498,7144.0204,26.6498,224,0,1,0,23.7722,204.5314,system_ok,,
M3,72,/camera/image_raw,7207.9508,7245.2172,7246.7348,37.2664,226,0,1,0,25.8492,206.3433,rgb_frame,,
M3,72,/audio/stream,7199.735,7239.2348,7241.6277,39.4998,239,0,1,0,25.8492,206.3433,wav_chunk,,
M3,72,/robot_pose,7197.5768,7232.6951,7235.7009,35.1183,221,0,1,0,25.8492,206.3433,pose_state,,
M3,72,/head_cmd,7210.0,7243.1226,7246.0639,33.1226,186,0,1,0,25.8492,206.3433,gaze_adjust,,
M3,72,/speech_cmd,7212.0,7244.2943,7245.6028,32.2943,196,0,1,0,25.8492,206.3433,comfort_prompt,,
M3,72,/event_log,7214.0,7243.9925,7246.5742,29.9925,236,0,1,0,25.8492,206.3433,sync_tick,,
M3,72,/system_health,7216.0,7245.6512,7247.8925,29.6512,187,0,1,0,25.8492,206.3433,system_ok,,
M3,73,/camera/image_raw,7303.0016,7327.0214,7329.6509,24.0198,442,0,1,0,24.2771,203.0456,rgb_frame,,
M3,73,/audio/stream,7309.0511,7340.694,7342.7987,31.6429,300,0,1,0,24.2771,203.0456,wav_chunk,,
M3,73,/robot_pose,7299.604,7338.319,7341.2989,38.715,126,0,1,0,24.2771,203.0456,pose_state,,
M3,73,/head_cmd,7310.0,7344.3872,7348.6448,34.3872,293,0,1,0,24.2771,203.0456,gaze_adjust,,
M3,73,/speech_cmd,7312.0,7339.5152,7341.9407,27.5152,179,0,1,0,24.2771,203.0456,comfort_prompt,,
M3,73,/event_log,7314.0,7351.0649,7352.5002,37.0649,260,0,1,0,24.2771,203.0456,sync_tick,,
M3,73,/system_health,7316.0,7344.7025,7346.4654,28.7025,345,0,1,0,24.2771,203.0456,system_ok,,
M3,74,/camera/image_raw,7400.7242,7432.9461,7435.9303,32.2219,222,0,1,0,22.4411,198.4964,rgb_frame,,
M3,74,/audio/stream,7395.5264,7433.5826,7435.2086,38.0562,241,0,1,0,22.4411,198.4964,wav_chunk,,
M3,74,/robot_pose,7394.2739,7421.7296,7424.7222,27.4557,381,0,1,0,22.4411,198.4964,pose_state,,
M3,74,/head_cmd,7410.0,7434.7268,7436.6498,24.7268,331,0,1,0,22.4411,198.4964,gaze_adjust,,
M3,74,/speech_cmd,7412.0,7437.9863,7440.6396,25.9863,329,0,1,0,22.4411,198.4964,comfort_prompt,,
M3,74,/event_log,7414.0,7446.087,7448.7272,32.087,361,0,1,0,22.4411,198.4964,sync_tick,,
M3,74,/system_health,7416.0,7455.5677,7457.7182,39.5677,224,0,1,0,22.4411,198.4964,system_ok,,
M3,75,/camera/image_raw,7493.5601,7524.3091,7526.7329,30.7489,409,0,1,0,24.2222,202.2875,rgb_frame,,
M3,75,/audio/stream,7507.8157,7540.0903,7541.9419,32.2746,316,0,1,0,24.2222,202.2875,wav_chunk,,
M3,75,/robot_pose,7493.1411,7526.8604,7530.2119,33.7193,265,0,1,0,24.2222,202.2875,pose_state,,
M3,75,/head_cmd,7510.0,7541.7673,7542.5403,31.7673,158,0,1,0,24.2222,202.2875,gaze_adjust,,
M3,75,/speech_cmd,7512.0,7537.4182,7539.9216,25.4182,174,0,1,0,24.2222,202.2875,comfort_prompt,,
M3,75,/event_log,7514.0,7551.7833,7554.0075,37.7833,241,0,1,0,24.2222,202.2875,sync_tick,,
M3,75,/system_health,7516.0,7545.3855,7548.0833,29.3855,207,0,1,0,24.2222,202.2875,system_ok,,
M3,76,/camera/image_raw,7593.1024,7626.1066,7628.613,33.0043,206,0,1,0,24.2416,203.796,rgb_frame,,
M3,76,/audio/stream,7609.5068,7650.7569,7652.4932,41.2501,349,0,1,0,24.2416,203.796,wav_chunk,,
M3,76,/robot_pose,7601.7731,7633.9862,7636.8318,32.2131,300,0,1,0,24.2416,203.796,pose_state,,
M3,76,/head_cmd,7610.0,7647.5559,7649.0834,37.5559,320,0,1,0,24.2416,203.796,gaze_adjust,,
M3,76,/speech_cmd,7612.0,7652.3543,7654.3473,40.3543,258,0,1,0,24.2416,203.796,comfort_prompt,,
M3,76,/event_log,7614.0,7644.8747,7646.7976,30.8747,358,0,1,0,24.2416,203.796,sync_tick,,
M3,76,/system_health,7616.0,7644.9516,7646.3979,28.9516,352,0,1,0,24.2416,203.796,system_ok,,
M3,77,/camera/image_raw,7704.3718,7738.2509,7739.0316,33.879,297,0,1,0,24.6389,200.1501,rgb_frame,,
M3,77,/audio/stream,7716.963,7751.5627,7753.7166,34.5997,232,0,1,0,24.6389,200.1501,wav_chunk,,
M3,77,/robot_pose,7697.7478,7727.4746,7730.2568,29.7268,185,0,1,0,24.6389,200.1501,pose_state,,
M3,77,/head_cmd,7710.0,7745.3534,7749.213,35.3534,345,0,1,0,24.6389,200.1501,gaze_adjust,,
M3,77,/speech_cmd,7712.0,7739.2853,7741.0559,27.2853,281,0,1,0,24.6389,200.1501,comfort_prompt,,
M3,77,/event_log,7714.0,7747.0247,7748.1052,33.0247,279,0,1,0,24.6389,200.1501,sync_tick,,
M3,77,/system_health,7716.0,7749.2658,7752.9972,33.2658,240,0,1,0,24.6389,200.1501,system_ok,,
M3,78,/camera/image_raw,7808.176,7837.544,7839.7632,29.368,173,0,1,0,25.2938,205.0344,rgb_frame,,
M3,78,/audio/stream,7789.8633,7822.3359,7825.2055,32.4726,229,0,1,0,25.2938,205.0344,wav_chunk,,
M3,78,/robot_pose,7794.86,7827.0613,7828.3575,32.2014,217,0,1,0,25.2938,205.0344,pose_state,,
M3,78,/head_cmd,7810.0,7850.23,7852.4883,40.23,195,0,1,0,25.2938,205.0344,gaze_adjust,,
M3,78,/speech_cmd,7812.0,7843.9384,7844.8605,31.9384,195,0,1,0,25.2938,205.0344,comfort_prompt,,
M3,78,/event_log,7814.0,7852.6389,7854.7249,38.6389,369,0,1,0,25.2938,205.0344,sync_tick,,
M3,78,/system_health,7816.0,7848.8161,7850.9874,32.8161,294,0,1,0,25.2938,205.0344,system_ok,,
M3,79,/camera/image_raw,7881.2919,7910.1988,7913.3925,28.9069,240,0,1,0,26.1346,204.7011,rgb_frame,,
M3,79,/audio/stream,7901.6395,7931.4634,7933.8211,29.8239,243,0,1,0,26.1346,204.7011,wav_chunk,,
M3,79,/robot_pose,7899.7551,7939.3506,7941.8231,39.5956,268,0,1,0,26.1346,204.7011,pose_state,,
M3,79,/head_cmd,7910.0,7947.0443,7950.1186,37.0443,303,0,1,0,26.1346,204.7011,gaze_adjust,,
M3,79,/speech_cmd,7912.0,7951.1196,7953.8065,39.1196,266,0,1,0,26.1346,204.7011,comfort_prompt,,
M3,79,/event_log,7914.0,7952.3984,7954.5257,38.3984,257,0,1,0,26.1346,204.7011,sync_tick,,
M3,79,/system_health,7916.0,7956.328,7959.8256,40.328,255,0,1,0,26.1346,204.7011,system_ok,,
M3,80,/camera/image_raw,7996.8251,8030.9376,8033.1202,34.1124,216,0,1,0,24.8471,201.0988,rgb_frame,,
M3,80,/audio/stream,8011.7054,8045.0072,8047.4195,33.3018,233,0,1,0,24.8471,201.0988,wav_chunk,,
M3,80,/robot_pose,8004.0021,8040.403,8043.6341,36.4009,314,0,1,0,24.8471,201.0988,pose_state,,
M3,80,/head_cmd,8010.0,8041.6806,8044.4853,31.6806,260,0,1,0,24.8471,201.0988,gaze_adjust,,
M3,80,/speech_cmd,8012.0,8039.8426,8042.5808,27.8426,264,0,1,0,24.8471,201.0988,comfort_prompt,,
M3,80,/event_log,8014.0,8057.1598,8060.5256,43.1598,298,0,1,0,24.8471,201.0988,sync_tick,,
M3,80,/system_health,8016.0,8049.7823,8052.1133,33.7823,195,0,1,0,24.8471,201.0988,system_ok,,
M3,81,/camera/image_raw,8087.8271,8119.2688,8121.2964,31.4417,216,0,1,0,22.1839,200.4759,rgb_frame,,
M3,81,/audio/stream,8093.0195,8124.0856,8127.6647,31.0661,295,0,1,0,22.1839,200.4759,wav_chunk,,
M3,81,/robot_pose,8099.7614,8129.9523,8132.0977,30.1909,254,0,1,0,22.1839,200.4759,pose_state,,
M3,81,/head_cmd,8110.0,8139.3603,8140.945,29.3603,316,0,1,0,22.1839,200.4759,gaze_adjust,,
M3,81,/speech_cmd,8112.0,8142.753,8144.0772,30.753,253,0,1,0,22.1839,200.4759,comfort_prompt,,
M3,81,/event_log,8114.0,8146.9042,8147.526,32.9042,253,0,1,0,22.1839,200.4759,sync_tick,,
M3,81,/system_health,8116.0,8151.904,8154.465,35.904,389,0,1,0,22.1839,200.4759,system_ok,,
M3,82,/camera/image_raw,8208.7578,8244.2818,8246.0345,35.5241,262,0,1,0,25.334,202.4566,rgb_frame,,
M3,82,/audio/stream,8211.5915,8240.6297,8243.1481,29.0382,216,0,1,0,25.334,202.4566,wav_chunk,,
M3,82,/robot_pose,8214.0004,8242.8818,8245.4126,28.8814,247,0,1,0,25.334,202.4566,pose_state,,
M3,82,/head_cmd,8210.0,8233.919,8234.9546,23.919,187,0,1,0,25.334,202.4566,gaze_adjust,,
M3,82,/speech_cmd,8212.0,8240.0972,8242.6288,28.0972,269,0,1,0,25.334,202.4566,comfort_prompt,,
M3,82,/event_log,8214.0,8249.8902,8252.6925,35.8902,320,0,1,0,25.334,202.4566,sync_tick,,
M3,82,/system_health,8216.0,8250.0627,8252.4304,34.0627,321,0,1,0,25.334,202.4566,system_ok,,
M3,83,/camera/image_raw,8306.4359,8336.624,8339.7461,30.1881,350,0,1,0,21.9196,201.1867,rgb_frame,,
M3,83,/audio/stream,8303.0088,8328.6193,8331.9482,25.6105,185,0,1,0,21.9196,201.1867,wav_chunk,,
M3,83,/robot_pose,8306.3554,8333.2018,8335.2143,26.8464,236,0,1,0,21.9196,201.1867,pose_state,,
M3,83,/head_cmd,8310.0,8335.1776,8337.8975,25.1776,296,0,1,0,21.9196,201.1867,gaze_adjust,,
M3,83,/speech_cmd,8312.0,8347.6274,8349.4807,35.6274,253,0,1,0,21.9196,201.1867,comfort_prompt,,
M3,83,/event_log,8314.0,8345.2895,8348.8399,31.2895,85,0,1,0,21.9196,201.1867,sync_tick,,
M3,83,/system_health,8316.0,8343.5835,8345.7879,27.5835,190,0,1,0,21.9196,201.1867,system_ok,,
M4,0,/camera/image_raw,-1.8082,69.26288128810539,66.3577,38.3285,246,0,1,0,30.0709,210.7588,rgb_frame,delay,mild
M4,0,/audio/stream,-1.0086,75.17342422044862,67.043,39.2438,283,0,1,0,30.0709,210.7588,wav_chunk,delay,mild
M4,0,/robot_pose,-3.2884,58.84108984653949,65.3904,37.4696,291,0,1,0,30.0709,210.7588,pose_state,delay,mild
M4,0,/head_cmd,10.0,85.27504302982658,83.345,43.9538,233,0,1,0,30.0709,210.7588,gaze_adjust,delay,mild
M4,0,/speech_cmd,12.0,76.89680174796145,75.9396,34.3037,331,0,1,0,30.0709,210.7588,comfort_prompt,delay,mild
M4,0,/event_log,14.0,87.27208686809315,88.505,45.2235,228,0,1,0,30.0709,210.7588,sync_tick,delay,mild
M4,0,/system_health,16.0,73.8092255998117,85.63730000000001,38.9688,150,0,1,0,30.0709,210.7588,system_ok,delay,mild
M4,1,/camera/image_raw,88.779,151.44861589333644,161.3448,42.4792,234,0,1,0,29.5085,209.4539,rgb_frame,delay,mild
M4,1,/audio/stream,103.917,171.42600829309058,178.54,44.1948,217,0,1,0,29.5085,209.4539,wav_chunk,delay,mild
M4,1,/robot_pose,90.2548,146.38827165856839,161.7288,40.9675,359,0,1,0,29.5085,209.4539,pose_state,delay,mild
M4,1,/head_cmd,110.0,190.4100843794337,185.1335,43.9619,219,0,1,0,29.5085,209.4539,gaze_adjust,delay,mild
M4,1,/speech_cmd,112.0,180.92601937507828,180.7315,38.7198,247,0,1,0,29.5085,209.4539,comfort_prompt,delay,mild
M4,1,/event_log,114.0,178.60473370960528,181.9972,36.7845,309,0,1,0,29.5085,209.4539,sync_tick,delay,mild
M4,1,/system_health,116.0,170.45238508439303,186.3072,39.5938,269,0,1,0,29.5085,209.4539,system_ok,delay,mild
M4,2,/camera/image_raw,205.0388,260.4769748698776,271.6203,38.3814,191,0,1,0,29.9362,210.7462,rgb_frame,delay,mild
M4,2,/audio/stream,189.2455,257.88245167087825,260.1476,40.651,357,0,1,0,29.9362,210.7462,wav_chunk,delay,mild
M4,2,/robot_pose,199.2717,282.3208397929038,272.7631,43.2262,254,0,1,0,29.9362,210.7462,pose_state,delay,mild
M4,2,/head_cmd,210.0,279.12003482476155,285.0398,45.3119,247,0,1,0,29.9362,210.7462,gaze_adjust,delay,mild
M4,2,/speech_cmd,212.0,281.72098808647456,279.8733,36.5382,279,0,1,0,29.9362,210.7462,comfort_prompt,delay,mild
M4,2,/event_log,214.0,277.1856855539503,282.1735,38.0651,286,0,1,0,29.9362,210.7462,sync_tick,delay,mild
M4,2,/system_health,216.0,284.2237355557332,285.6647,39.8923,216,0,1,0,29.9362,210.7462,system_ok,delay,mild
M4,3,/camera/image_raw,302.3727,376.56440309335756,371.219,38.9036,267,0,1,0,28.5303,209.2174,rgb_frame,delay,mild
M4,3,/audio/stream,297.1356,365.6802902190007,370.5173,42.6205,289,0,1,0,28.5303,209.2174,wav_chunk,delay,mild
M4,3,/robot_pose,297.7312,360.2563705516872,366.1434,38.6658,193,0,1,0,28.5303,209.2174,pose_state,delay,mild
M4,3,/head_cmd,310.0,383.7642233247486,377.4716,37.2558,208,0,1,0,28.5303,209.2174,gaze_adjust,delay,mild
M4,3,/speech_cmd,312.0,380.2860469266816,381.4403,40.0127,156,0,1,0,28.5303,209.2174,comfort_prompt,delay,mild
M4,3,/event_log,314.0,391.453330543517,386.7266,42.9061,205,0,1,0,28.5303,209.2174,sync_tick,delay,mild
M4,3,/system_health,316.0,375.1416066396919,381.7915,35.2531,338,0,1,0,28.5303,209.2174,system_ok,delay,mild
M4,4,/camera/image_raw,397.1785,483.37644525376584,474.9714,49.758,250,0,1,0,28.0085,214.5072,rgb_frame,delay,mild
M4,4,/audio/stream,398.2755,465.02306364720766,465.3694,37.1058,230,0,1,0,28.0085,214.5072,wav_chunk,delay,mild
M4,4,/robot_pose,405.3582,479.19552575728795,478.6967,43.2286,201,0,1,0,28.0085,214.5072,pose_state,delay,mild
M4,4,/head_cmd,410.0,478.082575868575,479.9046,39.2928,184,0,1,0,28.0085,214.5072,gaze_adjust,delay,mild
M4,4,/speech_cmd,412.0,470.36375010802095,477.1908,33.3966,217,0,1,0,28.0085,214.5072,comfort_prompt,delay,mild
M4,4,/event_log,414.0,481.4220031370302,483.3139,39.4321,288,0,1,0,28.0085,214.5072,sync_tick,delay,mild
M4,4,/system_health,416.0,488.4171585720638,493.7367,47.0727,164,0,1,0,28.0085,214.5072,system_ok,delay,mild
M4,5,/camera/image_raw,490.3111,559.7248763758687,557.3622,35.6564,365,0,1,0,28.1059,211.2942,rgb_frame,delay,mild
M4,5,/audio/stream,496.8083,562.598656997588,566.3682,39.0087,182,0,1,0,28.1059,211.2942,wav_chunk,delay,mild
M4,5,/robot_pose,498.6588,560.1762566332366,570.9567,42.4964,190,0,1,0,28.1059,211.2942,pose_state,delay,mild
M4,5,/head_cmd,510.0,566.7678575900643,578.6718,38.8444,236,0,1,0,28.1059,211.2942,gaze_adjust,delay,mild
M4,5,/speech_cmd,512.0,573.4400910860775,585.3722,43.8004,360,0,1,0,28.1059,211.2942,comfort_prompt,delay,mild
M4,5,/event_log,514.0,580.4093245453237,580.1938,34.7015,195,0,1,0,28.1059,211.2942,sync_tick,delay,mild
M4,5,/system_health,516.0,577.0886741317594,585.8055,39.9977,235,0,1,0,28.1059,211.2942,system_ok,delay,mild
M4,6,/camera/image_raw,605.6095,672.0484146550314,671.6546,36.6384,187,0,1,0,29.5547,209.5159,rgb_frame,delay,mild
M4,6,/audio/stream,611.9986,678.8344471049485,680.4147,38.0164,141,0,1,0,29.5547,209.5159,wav_chunk,delay,mild
M4,6,/robot_pose,605.9526,673.1456484305413,676.9467,39.5813,323,0,1,0,29.5547,209.5159,pose_state,delay,mild
M4,6,/head_cmd,610.0,678.0564312202943,676.5085,37.426,283,0,1,0,29.5547,209.5159,gaze_adjust,delay,mild
M4,6,/speech_cmd,612.0,671.4468212225431,673.5851,30.497,243,0,1,0,29.5547,209.5159,comfort_prompt,delay,mild
M4,6,/event_log,614.0,672.8335215433143,689.9103,47.0919,311,0,1,0,29.5547,209.5159,sync_tick,delay,mild
M4,6,/system_health,616.0,681.422948554909,685.2998,39.3647,173,0,1,0,29.5547,209.5159,system_ok,delay,mild
M4,7,/camera/image_raw,704.1702,770.2760188043807,768.8306,35.5552,344,0,1,0,31.1089,207.3371,rgb_frame,delay,mild
M4,7,/audio/stream,705.4091,779.7087968645301,773.2512,36.458,287,0,1,0,31.1089,207.3371,wav_chunk,delay,mild
M4,7,/robot_pose,708.9256,787.934645699495,779.7704,40.8903,295,0,1,0,31.1089,207.3371,pose_state,delay,mild
M4,7,/head_cmd,710.0,769.3298969184884,779.4134,39.5088,297,0,1,0,31.1089,207.3371,gaze_adjust,delay,mild
M4,7,/speech_cmd,712.0,776.8964482041234,780.5561,38.9948,291,0,1,0,31.1089,207.3371,comfort_prompt,delay,mild
M4,7,/event_log,714.0,771.918011117752,783.9058,39.3147,228,0,1,0,31.1089,207.3371,sync_tick,delay,mild
M4,7,/system_health,716.0,787.8535104506605,782.3222,34.7342,348,0,1,0,31.1089,207.3371,system_ok,delay,mild
M4,8,/camera/image_raw,806.1865,877.8480372488913,875.4687,37.5845,253,0,1,0,31.5206,208.0093,rgb_frame,delay,mild
M4,8,/audio/stream,796.8975,874.1894273211791,873.1672,47.1884,287,0,1,0,31.5206,208.0093,wav_chunk,delay,mild
M4,8,/robot_pose,798.4984,875.8939691675612,877.1212,48.399,240,0,1,0,31.5206,208.0093,pose_state,delay,mild
M4,8,/head_cmd,810.0,881.7274866020969,876.5095,35.4437,209,0,1,0,31.5206,208.0093,gaze_adjust,delay,mild
M4,8,/speech_cmd,812.0,887.0033511685608,880.9478,39.7354,349,0,1,0,31.5206,208.0093,comfort_prompt,delay,mild
M4,8,/event_log,814.0,893.6824681799367,888.909,44.7342,186,0,1,0,31.5206,208.0093,sync_tick,delay,mild
M4,8,/system_health,816.0,892.9983791586935,892.1656,46.2583,189,0,1,0,31.5206,208.0093,system_ok,delay,mild
M4,9,/camera/image_raw,887.6652,951.928230202915,956.5082,38.3585,212,0,1,0,29.3149,211.0843,rgb_frame,delay,mild
M4,9,/audio/stream,894.8323,967.5557489921054,966.6897,40.1207,235,0,1,0,29.3149,211.0843,wav_chunk,delay,mild
M4,9,/robot_pose,892.7268,967.0208514315307,963.0722,41.3978,347,0,1,0,29.3149,211.0843,pose_state,delay,mild
M4,9,/head_cmd,910.0,974.8073751824483,978.9917,37.9512,248,0,1,0,29.3149,211.0843,gaze_adjust,delay,mild
M4,9,/speech_cmd,912.0,980.1989064869946,985.0432,42.3064,228,0,1,0,29.3149,211.0843,comfort_prompt,delay,mild
M4,9,/event_log,914.0,993.0275796173493,987.8205,44.2277,302,0,1,0,29.3149,211.0843,sync_tick,delay,mild
M4,9,/system_health,916.0,992.2838966526177,984.7789,38.2992,228,0,1,0,29.3149,211.0843,system_ok,delay,mild
M4,10,/camera/image_raw,1000.3498,1063.8136253145115,1070.6172,39.9601,219,0,1,0,30.0486,207.4876,rgb_frame,delay,mild
M4,10,/audio/stream,991.4025,1057.4874399473122,1060.4632,39.6652,396,0,1,0,30.0486,207.4876,wav_chunk,delay,mild
M4,10,/robot_pose,1001.2378,1075.7600984587282,1076.073,44.4167,326,0,1,0,30.0486,207.4876,pose_state,delay,mild
M4,10,/head_cmd,1010.0,1073.1827939864918,1070.4171,32.2632,232,0,1,0,30.0486,207.4876,gaze_adjust,delay,mild
M4,10,/speech_cmd,1012.0,1071.531801844552,1076.6767,34.666,268,0,1,0,30.0486,207.4876,comfort_prompt,delay,mild
M4,10,/event_log,1014.0,1097.1630237820643,1087.1513,43.8619,279,0,1,0,30.0486,207.4876,sync_tick,delay,mild
M4,10,/system_health,1016.0,1086.7703715932712,1086.7158,40.2378,224,0,1,0,30.0486,207.4876,system_ok,delay,mild
M4,11,/camera/image_raw,1109.6819,1180.8928004508234,1179.6423,40.0225,293,0,1,0,29.1306,211.0799,rgb_frame,delay,mild
M4,11,/audio/stream,1099.1719,1176.7897044890706,1166.3069,39.0645,72,0,1,0,29.1306,211.0799,wav_chunk,delay,mild
M4,11,/robot_pose,1108.8709,1179.5274302485325,1185.406,45.3509,369,0,1,0,29.1306,211.0799,pose_state,delay,mild
M4,11,/head_cmd,1110.0,1177.6605087413463,1179.357,40.1911,230,0,1,0,29.1306,211.0799,gaze_adjust,delay,mild
M4,11,/speech_cmd,1112.0,1172.7869666258703,1181.7013,40.3069,354,0,1,0,29.1306,211.0799,comfort_prompt,delay,mild
M4,11,/event_log,1114.0,1190.1850971664785,1193.8018,49.2192,255,0,1,0,29.1306,211.0799,sync_tick,delay,mild
M4,11,/system_health,1116.0,1170.1477348563878,1182.5185,35.0813,260,0,1,0,29.1306,211.0799,system_ok,delay,mild
M4,12,/camera/image_raw,1197.9758,1274.624696125159,1272.254,44.1617,325,0,1,0,30.1616,204.9611,rgb_frame,delay,mild
M4,12,/audio/stream,1203.8494,1273.3781805004198,1272.9492,39.0088,183,0,1,0,30.1616,204.9611,wav_chunk,delay,mild
M4,12,/robot_pose,1197.0714,1266.2613841577688,1269.4232,42.8524,226,0,1,0,30.1616,204.9611,pose_state,delay,mild
M4,12,/head_cmd,1210.0,1277.2149577530931,1280.1145,39.8175,153,0,1,0,30.1616,204.9611,gaze_adjust,delay,mild
M4,12,/speech_cmd,1212.0,1283.458898491134,1281.7263,38.8901,233,0,1,0,30.1616,204.9611,comfort_prompt,delay,mild
M4,12,/event_log,1214.0,1274.0996234786605,1283.2444,38.9144,248,0,1,0,30.1616,204.9611,sync_tick,delay,mild
M4,12,/system_health,1216.0,1280.9163072047152,1281.8622,35.6913,315,0,1,0,30.1616,204.9611,system_ok,delay,mild
M4,13,/camera/image_raw,1292.6418,1360.9615588387524,1359.0383,36.1227,183,0,1,0,31.0355,208.7414,rgb_frame,delay,mild
M4,13,/audio/stream,1297.0041,1349.6999555355567,1361.4255,35.3895,191,0,1,0,31.0355,208.7414,wav_chunk,delay,mild
M4,13,/robot_pose,1293.0918,1370.154328034212,1367.6582,44.9528,283,0,1,0,31.0355,208.7414,pose_state,delay,mild
M4,13,/head_cmd,1310.0,1364.1339252204307,1376.9859,36.1783,194,0,1,0,31.0355,208.7414,gaze_adjust,delay,mild
M4,13,/speech_cmd,1312.0,1378.9748330968907,1381.9227,39.6804,395,0,1,0,31.0355,208.7414,comfort_prompt,delay,mild
M4,13,/event_log,1314.0,1377.0648533754286,1385.7709,42.0452,297,0,1,0,31.0355,208.7414,sync_tick,delay,mild
M4,13,/system_health,1316.0,1400.66367947574,1392.9725,48.0762,205,0,1,0,31.0355,208.7414,system_ok,delay,mild
M4,14,/camera/image_raw,1398.3417,1452.909973675086,1461.8925,33.511,318,0,1,0,28.5653,212.9311,rgb_frame,delay,mild
M4,14,/audio/stream,1396.6633,1453.8428606482075,1465.1605,39.0807,175,0,1,0,28.5653,212.9311,wav_chunk,delay,mild
M4,14,/robot_pose,1398.3362,1465.417712849578,1466.212,38.2814,268,0,1,0,28.5653,212.9311,pose_state,delay,mild
M4,14,/head_cmd,1410.0,1469.1133821198753,1474.446,33.5956,262,0,1,0,28.5653,212.9311,gaze_adjust,delay,mild
M4,14,/speech_cmd,1412.0,1470.9331686280166,1483.3136,39.9608,229,0,1,0,28.5653,212.9311,comfort_prompt,delay,mild
M4,14,/event_log,1414.0,1481.4529911949292,1480.0599,36.2981,244,0,1,0,28.5653,212.9311,sync_tick,delay,mild
M4,14,/system_health,1416.0,1470.888605625302,1484.373,38.8376,134,0,1,0,28.5653,212.9311,system_ok,delay,mild
M4,15,/camera/image_raw,1496.0735,1560.7099541645014,1570.2335,42.8539,302,0,1,0,31.3195,214.4754,rgb_frame,delay,mild
M4,15,/audio/stream,1502.8786,1574.0834903774753,1581.2155,46.6562,313,0,1,0,31.3195,214.4754,wav_chunk,delay,mild
M4,15,/robot_pose,1500.6813,1576.136734352931,1573.3592,42.6421,253,0,1,0,31.3195,214.4754,pose_state,delay,mild
M4,15,/head_cmd,1510.0,1584.238110202079,1579.1623,38.4653,212,0,1,0,31.3195,214.4754,gaze_adjust,delay,mild
M4,15,/speech_cmd,1512.0,1585.6688934839656,1579.3681,39.0522,359,0,1,0,31.3195,214.4754,comfort_prompt,delay,mild
M4,15,/event_log,1514.0,1580.0150572572265,1583.4992,38.9347,343,0,1,0,31.3195,214.4754,sync_tick,delay,mild
M4,15,/system_health,1516.0,1570.453950531229,1588.3733,41.0178,181,0,1,0,31.3195,214.4754,system_ok,delay,mild
M4,16,/camera/image_raw,1616.7816,1686.8606181273112,1687.8709,39.7338,143,0,1,0,31.5676,205.7278,rgb_frame,delay,mild
M4,16,/audio/stream,1608.6969,1688.6504424353477,1682.4527,43.1301,374,0,1,0,31.5676,205.7278,wav_chunk,delay,mild
M4,16,/robot_pose,1601.046,1671.0052424468813,1667.0902,34.5565,222,0,1,0,31.5676,205.7278,pose_state,delay,mild
M4,16,/head_cmd,1610.0,1679.8778940584625,1678.3226,39.1002,190,0,1,0,31.5676,205.7278,gaze_adjust,delay,mild
M4,16,/speech_cmd,1612.0,1675.3653834139693,1683.8125,42.5024,300,0,1,0,31.5676,205.7278,comfort_prompt,delay,mild
M4,16,/event_log,1614.0,1677.0845579782294,1681.466,38.2364,224,0,1,0,31.5676,205.7278,sync_tick,delay,mild
M4,16,/system_health,1616.0,1697.8379863924742,1688.2132,42.2351,258,0,1,0,31.5676,205.7278,system_ok,delay,mild
M4,17,/camera/image_raw,1704.8735,1766.480822792015,1776.0127,42.1078,202,0,1,0,28.8514,209.2131,rgb_frame,delay,mild
M4,17,/audio/stream,1708.6594,1767.1207526310977,1776.0415,37.3484,210,0,1,0,28.8514,209.2131,wav_chunk,delay,mild
M4,17,/robot_pose,1698.4495,1775.1582093069917,1770.4188,43.0533,161,0,1,0,28.8514,209.2131,pose_state,delay,mild
M4,17,/head_cmd,1710.0,1774.3026445311668,1778.9491,38.8896,168,0,1,0,28.8514,209.2131,gaze_adjust,delay,mild
M4,17,/speech_cmd,1712.0,1770.7076692667722,1779.6774,37.7982,232,0,1,0,28.8514,209.2131,comfort_prompt,delay,mild
M4,17,/event_log,1714.0,1792.000527072338,1784.5034,40.8327,344,0,1,0,28.8514,209.2131,sync_tick,delay,mild
M4,17,/system_health,1716.0,1788.944335868871,1787.7323,42.178,261,0,1,0,28.8514,209.2131,system_ok,delay,mild
M4,18,/camera/image_raw,1800.8681,1873.0698930137369,1878.5934,46.4926,267,0,1,0,30.8441,209.1172,rgb_frame,delay,mild
M4,18,/audio/stream,1809.7178,1870.3203509846028,1879.8003,39.4772,245,0,1,0,30.8441,209.1172,wav_chunk,delay,mild
M4,18,/robot_pose,1796.9981,1884.5301393831596,1874.5085,47.2476,231,0,1,0,30.8441,209.1172,pose_state,delay,mild
M4,18,/head_cmd,1810.0,1876.5411890875203,1877.9175,38.6879,289,0,1,0,30.8441,209.1172,gaze_adjust,delay,mild
M4,18,/speech_cmd,1812.0,1885.630268374817,1880.3248,37.2463,178,0,1,0,30.8441,209.1172,comfort_prompt,delay,mild
M4,18,/event_log,1814.0,1888.3971012676566,1886.1555,41.0353,126,0,1,0,30.8441,209.1172,sync_tick,delay,mild
M4,18,/system_health,1816.0,1889.4739906300206,1894.4592,48.5994,264,0,1,0,30.8441,209.1172,system_ok,delay,mild
M4,19,/camera/image_raw,1904.0001,1975.4987533100611,1981.1943,46.5763,373,0,1,0,31.0971,210.4534,rgb_frame,delay,mild
M4,19,/audio/stream,1905.809,1985.6239893876034,1977.7015,43.1371,412,0,1,0,31.0971,210.4534,wav_chunk,delay,mild
M4,19,/robot_pose,1901.3694,1975.37990399572,1970.0012,37.2354,257,0,1,0,31.0971,210.4534,pose_state,delay,mild
M4,19,/head_cmd,1910.0,1970.5156041432756,1983.4263,43.7771,293,0,1,0,31.0971,210.4534,gaze_adjust,delay,mild
M4,19,/speech_cmd,1912.0,1981.818681565893,1981.9832,38.52,282,0,1,0,31.0971,210.4534,comfort_prompt,delay,mild
M4,19,/event_log,1914.0,1984.5492111716583,1985.7453,43.2765,250,0,1,0,31.0971,210.4534,sync_tick,delay,mild
M4,19,/system_health,1916.0,1978.975061022369,1987.5539,41.175,313,0,1,0,31.0971,210.4534,system_ok,delay,mild
M4,20,/camera/image_raw,1997.4387,2065.689676568303,2065.5894,38.6806,276,0,1,0,27.4934,210.6502,rgb_frame,delay,mild
M4,20,/audio/stream,2000.3903,2065.2186192540817,2076.3475,44.9259,247,0,1,0,27.4934,210.6502,wav_chunk,delay,mild
M4,20,/robot_pose,2005.9061,2074.6264678721236,2080.3196,43.5191,250,0,1,0,27.4934,210.6502,pose_state,delay,mild
M4,20,/head_cmd,2010.0,2070.4529576033806,2076.9356,37.2438,306,0,1,0,27.4934,210.6502,gaze_adjust,delay,mild
M4,20,/speech_cmd,2012.0,2076.8487524150637,2081.2106,39.8475,154,0,1,0,27.4934,210.6502,comfort_prompt,delay,mild
M4,20,/event_log,2014.0,2084.9145290380284,2087.106,43.3434,275,0,1,0,27.4934,210.6502,sync_tick,delay,mild
M4,20,/system_health,2016.0,2082.881500028567,2090.1278,44.9749,253,0,1,0,27.4934,210.6502,system_ok,delay,mild
M4,21,/camera/image_raw,2098.8051,2180.25717417324,2172.869,44.013,247,0,1,0,28.5376,210.5954,rgb_frame,delay,mild
M4,21,/audio/stream,2103.0379,2175.5582994003644,2175.0745,41.5607,290,0,1,0,28.5376,210.5954,wav_chunk,delay,mild
M4,21,/robot_pose,2106.1958,2187.0951781702925,2177.7422,42.132,315,0,1,0,28.5376,210.5954,pose_state,delay,mild
M4,21,/head_cmd,2110.0,2181.593520185532,2184.9029,44.554,166,0,1,0,28.5376,210.5954,gaze_adjust,delay,mild
M4,21,/speech_cmd,2112.0,2176.1351602262175,2181.7834,39.4279,187,0,1,0,28.5376,210.5954,comfort_prompt,delay,mild
M4,21,/event_log,2114.0,2190.9967936869584,2181.5188,38.4463,292,0,1,0,28.5376,210.5954,sync_tick,delay,mild
M4,21,/system_health,2116.0,2181.082341560756,2185.4341,40.5507,277,0,1,0,28.5376,210.5954,system_ok,delay,mild
M4,22,/camera/image_raw,2199.6044,2264.1126478680653,2267.3975,37.578,264,0,1,0,29.1184,206.8416,rgb_frame,delay,mild
M4,22,/audio/stream,2204.1313,2275.419384462984,2272.9605,38.9678,234,0,1,0,29.1184,206.8416,wav_chunk,delay,mild
M4,22,/robot_pose,2198.0423,2268.377545150216,2277.3873,49.7616,222,0,1,0,29.1184,206.8416,pose_state,delay,mild
M4,22,/head_cmd,2210.0,2295.1738681087622,2293.4429,52.9061,173,0,1,0,29.1184,206.8416,gaze_adjust,delay,mild
M4,22,/speech_cmd,2212.0,2286.6014823969876,2284.5734,43.1014,310,0,1,0,29.1184,206.8416,comfort_prompt,delay,mild
M4,22,/event_log,2214.0,2288.5027519082273,2282.735,38.8868,352,0,1,0,29.1184,206.8416,sync_tick,delay,mild
M4,22,/system_health,2216.0,2291.3365670180606,2288.9747,41.9963,282,0,1,0,29.1184,206.8416,system_ok,delay,mild
M4,23,/camera/image_raw,2296.8889,2376.1895701172657,2370.7593,43.5008,271,0,1,0,30.1482,214.0446,rgb_frame,delay,mild
M4,23,/audio/stream,2304.8908,2372.8760685969496,2374.7377,40.6478,250,0,1,0,30.1482,214.0446,wav_chunk,delay,mild
M4,23,/robot_pose,2306.0461,2369.8536780877575,2376.8968,40.9836,276,0,1,0,30.1482,214.0446,pose_state,delay,mild
M4,23,/head_cmd,2310.0,2390.8440124845,2381.003,40.1841,295,0,1,0,30.1482,214.0446,gaze_adjust,delay,mild
M4,23,/speech_cmd,2312.0,2371.6073263068683,2381.8737,40.7675,363,0,1,0,30.1482,214.0446,comfort_prompt,delay,mild
M4,23,/event_log,2314.0,2372.972221526757,2383.6666,39.5313,235,0,1,0,30.1482,214.0446,sync_tick,delay,mild
M4,23,/system_health,2316.0,2385.535968243053,2385.5805,38.1452,339,0,1,0,30.1482,214.0446,system_ok,delay,mild
M4,24,/camera/image_raw,2403.1108,2481.689616289064,2473.7867,40.8289,271,0,1,0,30.0812,208.4674,rgb_frame,delay,mild
M4,24,/audio/stream,2399.14,2468.570705075485,2470.1157,40.2934,218,0,1,0,30.0812,208.4674,wav_chunk,delay,mild
M4,24,/robot_pose,2403.0956,2479.4084221982134,2474.8876,42.317,221,0,1,0,30.0812,208.4674,pose_state,delay,mild
M4,24,/head_cmd,2410.0,2463.385983635168,2476.7031,37.3608,316,0,1,0,30.0812,208.4674,gaze_adjust,delay,mild
M4,24,/speech_cmd,2412.0,2472.6030302269132,2477.2411,35.6003,331,0,1,0,30.0812,208.4674,comfort_prompt,delay,mild
M4,24,/event_log,2414.0,2467.9505131571404,2481.2436,37.1942,195,0,1,0,30.0812,208.4674,sync_tick,delay,mild
M4,24,/system_health,2416.0,2491.4907657493723,2489.6857,42.8083,300,0,1,0,30.0812,208.4674,system_ok,delay,mild
M4,25,/camera/image_raw,2503.7627,2565.304712040466,2576.2334,42.8254,258,0,1,0,29.1035,212.6117,rgb_frame,delay,mild
M4,25,/audio/stream,2500.5887,2559.487486923804,2568.4518,38.5657,266,0,1,0,29.1035,212.6117,wav_chunk,delay,mild
M4,25,/robot_pose,2497.3781,2566.5664512297685,2564.9203,38.1042,167,0,1,0,29.1035,212.6117,pose_state,delay,mild
M4,25,/head_cmd,2510.0,2577.881846112107,2573.4138,33.5109,250,0,1,0,29.1035,212.6117,gaze_adjust,delay,mild
M4,25,/speech_cmd,2512.0,2575.311091350625,2578.9855,36.2649,252,0,1,0,29.1035,212.6117,comfort_prompt,delay,mild
M4,25,/event_log,2514.0,2587.494735024651,2586.1274,42.0737,208,0,1,0,29.1035,212.6117,sync_tick,delay,mild
M4,25,/system_health,2516.0,2587.4493290012388,2585.4125,40.2226,288,0,1,0,29.1035,212.6117,system_ok,delay,mild
M4,26,/camera/image_raw,2593.44,2658.105038843345,2661.9023,37.9576,326,0,1,0,31.1688,205.8567,rgb_frame,delay,mild
M4,26,/audio/stream,2607.3459,2676.1127671026825,2684.9141,47.3351,366,0,1,0,31.1688,205.8567,wav_chunk,delay,mild
M4,26,/robot_pose,2598.3077,2669.2071484413077,2668.8968,39.5101,199,0,1,0,31.1688,205.8567,pose_state,delay,mild
M4,26,/head_cmd,2610.0,2684.0280741446504,2680.6762,42.3495,188,0,1,0,31.1688,205.8567,gaze_adjust,delay,mild
M4,26,/speech_cmd,2612.0,2687.899546418542,2683.6855,42.5354,281,0,1,0,31.1688,205.8567,comfort_prompt,delay,mild
M4,26,/event_log,2614.0,2688.1668985444735,2688.0935,44.2945,197,0,1,0,31.1688,205.8567,sync_tick,delay,mild
M4,26,/system_health,2616.0,2675.761000519124,2684.1993,38.772,249,0,1,0,31.1688,205.8567,system_ok,delay,mild
M4,27,/camera/image_raw,2700.7146,2768.990140968215,2767.1063,36.1334,326,0,1,0,29.2087,212.896,rgb_frame,delay,mild
M4,27,/audio/stream,2697.5519,2770.36741351863,2772.2395,44.8238,289,0,1,0,29.2087,212.896,wav_chunk,delay,mild
M4,27,/robot_pose,2708.3718,2775.4584753340596,2780.1229,41.9831,292,0,1,0,29.2087,212.896,pose_state,delay,mild
M4,27,/head_cmd,2710.0,2783.9805849768377,2788.3257,47.7484,289,0,1,0,29.2087,212.896,gaze_adjust,delay,mild
M4,27,/speech_cmd,2712.0,2778.8454569296578,2784.0182,42.987,283,0,1,0,29.2087,212.896,comfort_prompt,delay,mild
M4,27,/event_log,2714.0,2783.5643626731267,2779.9594,36.2313,385,0,1,0,29.2087,212.896,sync_tick,delay,mild
M4,27,/system_health,2716.0,2774.77661159852,2784.8932,39.2853,325,0,1,0,29.2087,212.896,system_ok,delay,mild
M4,28,/camera/image_raw,2793.3663,2858.1267843911614,2865.9705,42.7214,348,0,1,0,30.047,204.6275,rgb_frame,delay,mild
M4,28,/audio/stream,2796.4206,2860.56876269197,2865.5824,38.1207,362,0,1,0,30.047,204.6275,wav_chunk,delay,mild
M4,28,/robot_pose,2806.2453,2881.069505089434,2873.4324,37.1417,279,0,1,0,30.047,204.6275,pose_state,delay,mild
M4,28,/head_cmd,2810.0,2881.4417832945574,2877.5323,37.1161,242,0,1,0,30.047,204.6275,gaze_adjust,delay,mild
M4,28,/speech_cmd,2812.0,2869.7201551805165,2881.8044,39.5652,260,0,1,0,30.047,204.6275,comfort_prompt,delay,mild
M4,28,/event_log,2814.0,2891.309082532515,2884.9219,41.201,222,0,1,0,30.047,204.6275,sync_tick,delay,mild
M4,28,/system_health,2816.0,2892.1676213019023,2886.2353,40.0711,229,0,1,0,30.047,204.6275,system_ok,delay,mild
M4,29,/camera/image_raw,2902.2676,2970.754650043864,2980.0137,47.5311,266,0,1,0,29.6921,206.6029,rgb_frame,delay,mild
M4,29,/audio/stream,2885.4819,2937.434550376421,2954.7506,39.0814,183,0,1,0,29.6921,206.6029,wav_chunk,delay,mild
M4,29,/robot_pose,2896.3477,2964.2493702659162,2966.1331,40.335,239,0,1,0,29.6921,206.6029,pose_state,delay,mild
M4,29,/head_cmd,2910.0,2975.509146455799,2970.0722,30.7746,343,0,1,0,29.6921,206.6029,gaze_adjust,delay,mild
M4,29,/speech_cmd,2912.0,2993.8834718188014,2987.5911,44.3359,339,0,1,0,29.6921,206.6029,comfort_prompt,delay,mild
M4,29,/event_log,2914.0,2980.4812364138324,2987.5439,43.7062,193,0,1,0,29.6921,206.6029,sync_tick,delay,mild
M4,29,/system_health,2916.0,3000.1131746279775,2991.8529,45.6013,405,0,1,0,29.6921,206.6029,system_ok,delay,mild
M4,30,/camera/image_raw,2997.4443,3049.1856056250995,3064.3652,37.1089,194,0,1,0,31.4697,213.7507,rgb_frame,delay,mild
M4,30,/audio/stream,3015.7832,3077.855796317024,3082.7977,36.2809,244,0,1,0,31.4697,213.7507,wav_chunk,delay,mild
M4,30,/robot_pose,2999.216,3066.1229359847057,3071.2712,41.4101,144,0,1,0,31.4697,213.7507,pose_state,delay,mild
M4,30,/head_cmd,3010.0,3091.2617221495457,3086.2685,46.3477,287,0,1,0,31.4697,213.7507,gaze_adjust,delay,mild
M4,30,/speech_cmd,3012.0,3091.473314795639,3086.9802,43.6835,249,0,1,0,31.4697,213.7507,comfort_prompt,delay,mild
M4,30,/event_log,3014.0,3080.4314419326,3076.9518,32.7061,268,0,1,0,31.4697,213.7507,sync_tick,delay,mild
M4,30,/system_health,3016.0,3072.9602997075244,3083.3816,37.0636,234,0,1,0,31.4697,213.7507,system_ok,delay,mild
M4,31,/camera/image_raw,3090.6007,3169.4909141907933,3166.4824,45.7145,260,0,1,0,29.553,207.7048,rgb_frame,delay,mild
M4,31,/audio/stream,3105.3719,3175.4361518115606,3174.9522,39.01,336,0,1,0,29.553,207.7048,wav_chunk,delay,mild
M4,31,/robot_pose,3097.1814,3158.5179936883223,3171.2948,43.364,292,0,1,0,29.553,207.7048,pose_state,delay,mild
M4,31,/head_cmd,3110.0,3160.84951702719,3174.7507,35.2516,243,0,1,0,29.553,207.7048,gaze_adjust,delay,mild
M4,31,/speech_cmd,3112.0,3184.0970357401247,3179.2175,37.8691,143,0,1,0,29.553,207.7048,comfort_prompt,delay,mild
M4,31,/event_log,3114.0,3176.3058041941244,3179.3812,35.3864,251,0,1,0,29.553,207.7048,sync_tick,delay,mild
M4,31,/system_health,3116.0,3173.8892074452706,3183.8635,37.6003,229,0,1,0,29.553,207.7048,system_ok,delay,mild
M4,32,/camera/image_raw,3207.634,3274.0935684277474,3276.5541,39.7086,249,0,1,0,30.2235,205.0742,rgb_frame,delay,mild
M4,32,/audio/stream,3198.707,3265.981946486679,3266.3033,37.0907,175,0,1,0,30.2235,205.0742,wav_chunk,delay,mild
M4,32,/robot_pose,3203.4817,3271.1145932399945,3274.2696,40.13,310,0,1,0,30.2235,205.0742,pose_state,delay,mild
M4,32,/head_cmd,3210.0,3265.7026830812433,3277.2288,37.0146,267,0,1,0,30.2235,205.0742,gaze_adjust,delay,mild
M4,32,/speech_cmd,3212.0,3297.573041421385,3287.2747,46.2597,201,0,1,0,30.2235,205.0742,comfort_prompt,delay,mild
M4,32,/event_log,3214.0,3299.314407813927,3295.2706,51.2891,142,0,1,0,30.2235,205.0742,sync_tick,delay,mild
M4,32,/system_health,3216.0,3279.7287352899593,3281.7259,37.741,270,0,1,0,30.2235,205.0742,system_ok,delay,mild
M4,33,/camera/image_raw,3305.6685,3367.1670320645867,3370.9551,35.2691,210,0,1,0,31.016,204.0994,rgb_frame,delay,mild
M4,33,/audio/stream,3292.7067,3362.243524368279,3361.2756,39.3799,268,0,1,0,31.016,204.0994,wav_chunk,delay,mild
M4,33,/robot_pose,3297.6464,3358.8271716255576,3368.2442,39.9585,268,0,1,0,31.016,204.0994,pose_state,delay,mild
M4,33,/head_cmd,3310.0,3381.318258619222,3380.4251,41.3822,285,0,1,0,31.016,204.0994,gaze_adjust,delay,mild
M4,33,/speech_cmd,3312.0,3371.2475053788357,3381.2987,39.2319,318,0,1,0,31.016,204.0994,comfort_prompt,delay,mild
M4,33,/event_log,3314.0,3379.254494698929,3382.9586,37.6777,342,0,1,0,31.016,204.0994,sync_tick,delay,mild
M4,33,/system_health,3316.0,3380.555171000859,3388.9821,43.5666,124,0,1,0,31.016,204.0994,system_ok,delay,mild
M4,34,/camera/image_raw,3407.5518,3467.5000961060396,3476.8285,38.6567,189,0,1,0,31.2909,206.5876,rgb_frame,delay,mild
M4,34,/audio/stream,3400.8911,3478.6808356817096,3471.8778,39.9154,268,0,1,0,31.2909,206.5876,wav_chunk,delay,mild
M4,34,/robot_pose,3396.274,3469.9724553657074,3472.7239,45.343,256,0,1,0,31.2909,206.5876,pose_state,delay,mild
M4,34,/head_cmd,3410.0,3470.2508389124073,3470.3218,31.0064,301,0,1,0,31.2909,206.5876,gaze_adjust,delay,mild
M4,34,/speech_cmd,3412.0,3462.084020833512,3476.091,34.1523,276,0,1,0,31.2909,206.5876,comfort_prompt,delay,mild
M4,34,/event_log,3414.0,3484.649589448874,3489.9716,46.2316,217,0,1,0,31.2909,206.5876,sync_tick,delay,mild
M4,34,/system_health,3416.0,3486.910872712226,3486.6243,40.1436,246,0,1,0,31.2909,206.5876,system_ok,delay,mild
M4,35,/camera/image_raw,3507.3449,3580.5171175956852,3581.6714,44.0074,303,0,1,0,30.4897,207.8793,rgb_frame,delay,mild
M4,35,/audio/stream,3493.6068,3550.107621071878,3565.533,41.425,218,0,1,0,30.4897,207.8793,wav_chunk,delay,mild
M4,35,/robot_pose,3500.6008,3567.9691274999423,3569.9058,38.1255,294,0,1,0,30.4897,207.8793,pose_state,delay,mild
M4,35,/head_cmd,3510.0,3576.7560528212985,3576.9014,36.5567,113,0,1,0,30.4897,207.8793,gaze_adjust,delay,mild
M4,35,/speech_cmd,3512.0,3586.0553719891923,3581.3216,38.3528,248,0,1,0,30.4897,207.8793,comfort_prompt,delay,mild
M4,35,/event_log,3514.0,3579.1888132863696,3582.9071,41.1202,232,0,1,0,30.4897,207.8793,sync_tick,delay,mild
M4,35,/system_health,3516.0,3572.549287679186,3588.5739,42.0017,313,0,1,0,30.4897,207.8793,system_ok,delay,mild
M4,36,/camera/image_raw,3598.5282,3652.796375489169,3660.1088,32.2488,346,0,1,0,29.775,205.4676,rgb_frame,delay,mild
M4,36,/audio/stream,3598.6748,3658.6503097667887,3667.6087,38.558,225,0,1,0,29.775,205.4676,wav_chunk,delay,mild
M4,36,/robot_pose,3593.3394,3658.23765326668,3656.7663,32.478,125,0,1,0,29.775,205.4676,pose_state,delay,mild
M4,36,/head_cmd,3610.0,3659.120680469628,3677.5774,37.4211,269,0,1,0,29.775,205.4676,gaze_adjust,delay,mild
M4,36,/speech_cmd,3612.0,3674.044261239564,3677.464,36.7344,207,0,1,0,29.775,205.4676,comfort_prompt,delay,mild
M4,36,/event_log,3614.0,3687.1999728414635,3680.2267,36.6452,314,0,1,0,29.775,205.4676,sync_tick,delay,mild
M4,36,/system_health,3616.0,3678.829074777002,3681.2266,34.7858,265,0,1,0,29.775,205.4676,system_ok,delay,mild
M4,37,/camera/image_raw,3706.7232,3774.023900897059,3768.7354,33.9228,278,0,1,0,29.8106,210.2163,rgb_frame,delay,mild
M4,37,/audio/stream,3698.9349,3758.7435099986938,3771.1747,41.6593,224,0,1,0,29.8106,210.2163,wav_chunk,delay,mild
M4,37,/robot_pose,3703.9557,3768.237162920762,3779.6812,45.8935,281,0,1,0,29.8106,210.2163,pose_state,delay,mild
M4,37,/head_cmd,3710.0,3788.936554747071,3783.8881,42.3131,236,0,1,0,29.8106,210.2163,gaze_adjust,delay,mild
M4,37,/speech_cmd,3712.0,3777.9290921945435,3778.3233,37.3218,349,0,1,0,29.8106,210.2163,comfort_prompt,delay,mild
M4,37,/event_log,3714.0,3784.2398461732546,3786.1827,41.6202,443,0,1,0,29.8106,210.2163,sync_tick,delay,mild
M4,37,/system_health,3716.0,3778.5258830313583,3786.3929,41.2348,244,0,1,0,29.8106,210.2163,system_ok,delay,mild
M4,38,/camera/image_raw,3793.1765,3867.7284903737013,3869.5629,45.9473,242,0,1,0,29.3543,205.0988,rgb_frame,delay,mild
M4,38,/audio/stream,3796.8331,3860.5652745899597,3870.0177,42.6078,272,0,1,0,29.3543,205.0988,wav_chunk,delay,mild
M4,38,/robot_pose,3797.9871,3875.425522693434,3870.6115,42.3173,296,0,1,0,29.3543,205.0988,pose_state,delay,mild
M4,38,/head_cmd,3810.0,3896.956684259209,3882.9199,42.5897,242,0,1,0,29.3543,205.0988,gaze_adjust,delay,mild
M4,38,/speech_cmd,3812.0,3888.6025463219917,3887.5165,45.6989,279,0,1,0,29.3543,205.0988,comfort_prompt,delay,mild
M4,38,/event_log,3814.0,3879.4232216872306,3884.9453,41.2329,207,0,1,0,29.3543,205.0988,sync_tick,delay,mild
M4,38,/system_health,3816.0,3866.959950017032,3883.9681,38.1619,168,0,1,0,29.3543,205.0988,system_ok,delay,mild
M4,39,/camera/image_raw,3895.4395,3956.204815312746,3968.065,42.872,283,0,1,0,30.6098,201.7213,rgb_frame,delay,mild
M4,39,/audio/stream,3902.1298,3979.7092709861627,3972.4259,40.2503,249,0,1,0,30.6098,201.7213,wav_chunk,delay,mild
M4,39,/robot_pose,3906.3297,3968.3716489403737,3977.8224,40.2171,254,0,1,0,30.6098,201.7213,pose_state,delay,mild
M4,39,/head_cmd,3910.0,3980.423990709881,3985.6009,44.649,296,0,1,0,30.6098,201.7213,gaze_adjust,delay,mild
M4,39,/speech_cmd,3912.0,3977.092255847475,3976.2537,33.1603,228,0,1,0,30.6098,201.7213,comfort_prompt,delay,mild
M4,39,/event_log,3914.0,3994.063438796171,3986.5917,43.1697,184,0,1,0,30.6098,201.7213,sync_tick,delay,mild
M4,39,/system_health,3916.0,3991.014878473017,3993.6468,48.2124,324,0,1,0,30.6098,201.7213,system_ok,delay,mild
M4,40,/camera/image_raw,4000.8289,4061.5727987820037,4065.8844,35.1718,311,0,1,0,28.5688,208.9615,rgb_frame,delay,mild
M4,40,/audio/stream,3996.639,4065.588326171064,4066.1729,40.5196,307,0,1,0,28.5688,208.9615,wav_chunk,delay,mild
M4,40,/robot_pose,3999.7759,4063.4843731001647,4069.0165,39.4744,300,0,1,0,28.5688,208.9615,pose_state,delay,mild
M4,40,/head_cmd,4010.0,4073.391084780242,4078.1014,38.834,366,0,1,0,28.5688,208.9615,gaze_adjust,delay,mild
M4,40,/speech_cmd,4012.0,4081.904880705203,4081.5685,39.4336,231,0,1,0,28.5688,208.9615,comfort_prompt,delay,mild
M4,40,/event_log,4014.0,4087.3344491070065,4088.0027,44.2227,163,0,1,0,28.5688,208.9615,sync_tick,delay,mild
M4,40,/system_health,4016.0,4093.5777318393516,4084.0495,36.7881,305,0,1,0,28.5688,208.9615,system_ok,delay,mild
M4,41,/camera/image_raw,4098.2149,4170.697792899812,4169.5992,41.8498,256,0,1,0,29.7068,208.5355,rgb_frame,delay,mild
M4,41,/audio/stream,4110.986,4187.659473288562,4181.6031,41.7666,244,0,1,0,29.7068,208.5355,wav_chunk,delay,mild
M4,41,/robot_pose,4103.7397,4164.6322889396615,4174.0825,39.3203,145,0,1,0,29.7068,208.5355,pose_state,delay,mild
M4,41,/head_cmd,4110.0,4180.157443740182,4178.8211,39.0065,313,0,1,0,29.7068,208.5355,gaze_adjust,delay,mild
M4,41,/speech_cmd,4112.0,4176.020511920394,4183.9952,40.3584,295,0,1,0,29.7068,208.5355,comfort_prompt,delay,mild
M4,41,/event_log,4114.0,4183.264319579779,4183.2834,38.8916,234,0,1,0,29.7068,208.5355,sync_tick,delay,mild
M4,41,/system_health,4116.0,4192.101187588689,4189.1044,43.9701,206,0,1,0,29.7068,208.5355,system_ok,delay,mild
M4,42,/camera/image_raw,4203.1898,4265.451413064009,4264.9509,33.9624,164,0,1,0,31.5119,208.6076,rgb_frame,delay,mild
M4,42,/audio/stream,4209.8061,4293.669054328849,4281.3724,41.4191,293,0,1,0,31.5119,208.6076,wav_chunk,delay,mild
M4,42,/robot_pose,4188.9902,4264.857978614651,4257.6037,39.3,231,0,1,0,31.5119,208.6076,pose_state,delay,mild
M4,42,/head_cmd,4210.0,4286.695771996975,4282.017,41.6323,208,0,1,0,31.5119,208.6076,gaze_adjust,delay,mild
M4,42,/speech_cmd,4212.0,4289.68941715422,4286.8066,45.1037,203,0,1,0,31.5119,208.6076,comfort_prompt,delay,mild
M4,42,/event_log,4214.0,4291.908464906381,4284.3882,39.3283,248,0,1,0,31.5119,208.6076,sync_tick,delay,mild
M4,42,/system_health,4216.0,4274.098084215185,4285.6607,38.7199,384,0,1,0,31.5119,208.6076,system_ok,delay,mild
M4,43,/camera/image_raw,4301.4678,4372.567698707943,4366.382,34.8782,218,0,1,0,29.3338,209.0746,rgb_frame,delay,mild
M4,43,/audio/stream,4309.8707,4370.320134128003,4377.8676,38.3968,238,0,1,0,29.3338,209.0746,wav_chunk,delay,mild
M4,43,/robot_pose,4305.1804,4371.9316652856,4377.4221,42.1373,144,0,1,0,29.3338,209.0746,pose_state,delay,mild
M4,43,/head_cmd,4310.0,4378.39225466437,4376.0084,37.0239,270,0,1,0,29.3338,209.0746,gaze_adjust,delay,mild
M4,43,/speech_cmd,4312.0,4389.420920993064,4384.4269,42.0216,208,0,1,0,29.3338,209.0746,comfort_prompt,delay,mild
M4,43,/event_log,4314.0,4376.074340209908,4384.8197,40.9958,187,0,1,0,29.3338,209.0746,sync_tick,delay,mild
M4,43,/system_health,4316.0,4383.900830733934,4389.8305,42.9761,312,0,1,0,29.3338,209.0746,system_ok,delay,mild
M4,44,/camera/image_raw,4395.7416,4464.073992435008,4463.7519,39.7473,237,0,1,0,30.7189,207.5694,rgb_frame,delay,mild
M4,44,/audio/stream,4409.4349,4477.324303971825,4480.3144,41.0076,361,0,1,0,30.7189,207.5694,wav_chunk,delay,mild
M4,44,/robot_pose,4397.5321,4466.649592367412,4463.2746,35.9933,201,0,1,0,30.7189,207.5694,pose_state,delay,mild
M4,44,/head_cmd,4410.0,4497.003665695907,4479.4132,38.3881,344,0,1,0,30.7189,207.5694,gaze_adjust,delay,mild
M4,44,/speech_cmd,4412.0,4480.355924251156,4479.4616,37.84,186,0,1,0,30.7189,207.5694,comfort_prompt,delay,mild
M4,44,/event_log,4414.0,4483.457121371026,4490.9651,45.8683,249,0,1,0,30.7189,207.5694,sync_tick,delay,mild
M4,44,/system_health,4416.0,4471.279750016166,4480.2135,35.0588,266,0,1,0,30.7189,207.5694,system_ok,delay,mild
M4,45,/camera/image_raw,4503.8454,4577.297376518486,4581.9681,47.4035,190,0,1,0,31.7801,208.391,rgb_frame,delay,mild
M4,45,/audio/stream,4483.4708,4546.103600683828,4553.8421,40.2743,198,0,1,0,31.7801,208.391,wav_chunk,delay,mild
M4,45,/robot_pose,4498.3935,4566.764198751852,4567.3643,37.5655,197,0,1,0,31.7801,208.391,pose_state,delay,mild
M4,45,/head_cmd,4510.0,4586.470829814706,4585.6095,45.7587,254,0,1,0,31.7801,208.391,gaze_adjust,delay,mild
M4,45,/speech_cmd,4512.0,4580.91329077285,4585.4135,43.6923,290,0,1,0,31.7801,208.391,comfort_prompt,delay,mild
M4,45,/event_log,4514.0,4587.168930082703,4577.811,33.2592,107,0,1,0,31.7801,208.391,sync_tick,delay,mild
M4,45,/system_health,4516.0,4580.12491608456,4587.421,40.5376,293,0,1,0,31.7801,208.391,system_ok,delay,mild
M4,46,/camera/image_raw,4590.9111,4657.851313592611,4661.0171,39.6568,239,0,1,0,30.2048,203.3106,rgb_frame,delay,mild
M4,46,/audio/stream,4590.6427,4664.288575995339,4662.8326,41.811,223,0,1,0,30.2048,203.3106,wav_chunk,delay,mild
M4,46,/robot_pose,4596.5566,4661.873929362619,4658.8283,31.9649,198,0,1,0,30.2048,203.3106,pose_state,delay,mild
M4,46,/head_cmd,4610.0,4683.061759129259,4677.9796,37.3963,341,0,1,0,30.2048,203.3106,gaze_adjust,delay,mild
M4,46,/speech_cmd,4612.0,4682.128378873959,4682.2007,39.5574,169,0,1,0,30.2048,203.3106,comfort_prompt,delay,mild
M4,46,/event_log,4614.0,4688.997276204727,4684.8438,40.6918,329,0,1,0,30.2048,203.3106,sync_tick,delay,mild
M4,46,/system_health,4616.0,4677.557150967833,4683.5545,37.5478,319,0,1,0,30.2048,203.3106,system_ok,delay,mild
M4,47,/camera/image_raw,4699.3558,4775.846491762102,4772.7521,42.9822,244,0,1,0,28.8135,208.8188,rgb_frame,delay,mild
M4,47,/audio/stream,4691.1293,4765.414074900938,4761.9977,40.8564,189,0,1,0,28.8135,208.8188,wav_chunk,delay,mild
M4,47,/robot_pose,4712.7582,4800.031820048521,4792.9785,50.1963,291,0,1,0,28.8135,208.8188,pose_state,delay,mild
M4,47,/head_cmd,4710.0,4768.246284046629,4780.173,40.2569,228,0,1,0,28.8135,208.8188,gaze_adjust,delay,mild
M4,47,/speech_cmd,4712.0,4769.953001306393,4777.4676,35.3961,231,0,1,0,28.8135,208.8188,comfort_prompt,delay,mild
M4,47,/event_log,4714.0,4793.220445816204,4789.5242,46.2816,221,0,1,0,28.8135,208.8188,sync_tick,delay,mild
M4,47,/system_health,4716.0,4766.093513120712,4785.3557,38.0017,203,0,1,0,28.8135,208.8188,system_ok,delay,mild
M4,48,/camera/image_raw,4803.9361,4878.34623704273,4876.5857,43.4581,279,0,1,0,28.4855,205.1804,rgb_frame,delay,mild
M4,48,/audio/stream,4807.7613,4882.596526549588,4878.7394,40.4764,284,0,1,0,28.4855,205.1804,wav_chunk,delay,mild
M4,48,/robot_pose,4799.2694,4860.095448514698,4864.9733,36.2843,298,0,1,0,28.4855,205.1804,pose_state,delay,mild
M4,48,/head_cmd,4810.0,4872.920559999328,4875.5015,37.5017,294,0,1,0,28.4855,205.1804,gaze_adjust,delay,mild
M4,48,/speech_cmd,4812.0,4869.429175916561,4878.4477,35.874,339,0,1,0,28.4855,205.1804,comfort_prompt,delay,mild
M4,48,/event_log,4814.0,4878.956817281612,4885.0827,40.0861,265,0,1,0,28.4855,205.1804,sync_tick,delay,mild
M4,48,/system_health,4816.0,4887.413288988229,4891.7191,46.3687,255,0,1,0,28.4855,205.1804,system_ok,delay,mild
M4,49,/camera/image_raw,4904.7121,4976.977952353207,4983.5007,48.3629,289,0,1,0,29.5248,214.7942,rgb_frame,delay,mild
M4,49,/audio/stream,4898.4767,4966.691430933293,4972.3678,44.6408,177,0,1,0,29.5248,214.7942,wav_chunk,delay,mild
M4,49,/robot_pose,4905.7611,4977.03487129067,4981.0801,44.8998,242,0,1,0,29.5248,214.7942,pose_state,delay,mild
M4,49,/head_cmd,4910.0,4976.219974106063,4978.2098,39.9186,244,0,1,0,29.5248,214.7942,gaze_adjust,delay,mild
M4,49,/speech_cmd,4912.0,4988.106691399166,4979.7964,36.8619,315,0,1,0,29.5248,214.7942,comfort_prompt,delay,mild
M4,49,/event_log,4914.0,4981.815689141298,4986.6972,42.1808,166,0,1,0,29.5248,214.7942,sync_tick,delay,mild
M4,49,/system_health,4916.0,4988.301601297151,4988.9402,42.2367,330,0,1,0,29.5248,214.7942,system_ok,delay,mild
M4,50,/camera/image_raw,5014.8275,5081.823902201142,5087.298,42.4578,317,0,1,0,29.1835,209.483,rgb_frame,delay,mild
M4,50,/audio/stream,4986.4595,5048.920425344951,5053.8251,37.9985,194,0,1,0,29.1835,209.483,wav_chunk,delay,mild
M4,50,/robot_pose,4998.0576,5056.794276773604,5068.2376,40.9628,253,0,1,0,29.1835,209.483,pose_state,delay,mild
M4,50,/head_cmd,5010.0,5070.314002513133,5081.313,41.7422,308,0,1,0,29.1835,209.483,gaze_adjust,delay,mild
M4,50,/speech_cmd,5012.0,5074.924210322081,5085.2163,42.1662,244,0,1,0,29.1835,209.483,comfort_prompt,delay,mild
M4,50,/event_log,5014.0,5085.40958100856,5086.0571,42.3074,255,0,1,0,29.1835,209.483,sync_tick,delay,mild
M4,50,/system_health,5016.0,5095.710141931708,5091.124,45.2531,287,0,1,0,29.1835,209.483,system_ok,delay,mild
M4,51,/camera/image_raw,5094.3108,5158.086012838627,5170.0827,46.4952,167,0,1,0,30.9368,209.1707,rgb_frame,delay,mild
M4,51,/audio/stream,5106.0724,5168.724439191908,5173.1112,37.9465,173,0,1,0,30.9368,209.1707,wav_chunk,delay,mild
M4,51,/robot_pose,5097.1005,5159.796755743898,5170.1947,42.8976,227,0,1,0,30.9368,209.1707,pose_state,delay,mild
M4,51,/head_cmd,5110.0,5175.277837435199,5178.5858,38.8635,355,0,1,0,30.9368,209.1707,gaze_adjust,delay,mild
M4,51,/speech_cmd,5112.0,5183.924016962243,5178.6117,37.4694,303,0,1,0,30.9368,209.1707,comfort_prompt,delay,mild
M4,51,/event_log,5114.0,5178.8671055903515,5185.3794,39.5484,224,0,1,0,30.9368,209.1707,sync_tick,delay,mild
M4,51,/system_health,5116.0,5187.510198166801,5190.8611,43.7953,224,0,1,0,30.9368,209.1707,system_ok,delay,mild
M4,52,/camera/image_raw,5194.7996,5261.720970378354,5255.6659,30.19,240,0,1,0,28.4483,205.8404,rgb_frame,delay,mild
M4,52,/audio/stream,5205.9309,5276.365505583047,5274.4649,39.6872,190,0,1,0,28.4483,205.8404,wav_chunk,delay,mild
M4,52,/robot_pose,5202.8745,5264.737848865099,5270.9605,38.4239,263,0,1,0,28.4483,205.8404,pose_state,delay,mild
M4,52,/head_cmd,5210.0,5281.623091715014,5284.6853,42.6696,254,0,1,0,28.4483,205.8404,gaze_adjust,delay,mild
M4,52,/speech_cmd,5212.0,5279.832105931587,5286.3334,44.7974,155,0,1,0,28.4483,205.8404,comfort_prompt,delay,mild
M4,52,/event_log,5214.0,5283.4494920764155,5281.8484,38.9266,256,0,1,0,28.4483,205.8404,sync_tick,delay,mild
M4,52,/system_health,5216.0,5284.305940924436,5281.8505,37.2139,360,0,1,0,28.4483,205.8404,system_ok,delay,mild
M4,53,/camera/image_raw,5296.2371,5354.211541797009,5364.1818,38.1774,276,0,1,0,29.1985,212.0525,rgb_frame,delay,mild
M4,53,/audio/stream,5286.899,5359.433796504314,5361.1977,43.4839,250,0,1,0,29.1985,212.0525,wav_chunk,delay,mild
M4,53,/robot_pose,5304.4909,5375.010860452025,5378.5128,43.2255,268,0,1,0,29.1985,212.0525,pose_state,delay,mild
M4,53,/head_cmd,5310.0,5381.8084643830325,5379.5841,40.5404,291,0,1,0,29.1985,212.0525,gaze_adjust,delay,mild
M4,53,/speech_cmd,5312.0,5386.267782306115,5383.1488,41.2797,332,0,1,0,29.1985,212.0525,comfort_prompt,delay,mild
M4,53,/event_log,5314.0,5380.264397624747,5380.9149,35.3997,254,0,1,0,29.1985,212.0525,sync_tick,delay,mild
M4,53,/system_health,5316.0,5384.561939879721,5388.2651,42.3811,155,0,1,0,29.1985,212.0525,system_ok,delay,mild
M4,54,/camera/image_raw,5399.0227,5465.979080125184,5464.2207,33.3564,190,0,1,0,29.7822,202.8609,rgb_frame,delay,mild
M4,54,/audio/stream,5402.678,5470.670823342139,5477.3619,45.2312,245,0,1,0,29.7822,202.8609,wav_chunk,delay,mild
M4,54,/robot_pose,5403.3811,5465.481868039783,5474.9488,42.0238,351,0,1,0,29.7822,202.8609,pose_state,delay,mild
M4,54,/head_cmd,5410.0,5458.654179892635,5480.3946,39.8259,239,0,1,0,29.7822,202.8609,gaze_adjust,delay,mild
M4,54,/speech_cmd,5412.0,5481.737054289577,5485.6209,42.1579,248,0,1,0,29.7822,202.8609,comfort_prompt,delay,mild
M4,54,/event_log,5414.0,5483.512621363039,5490.1526,46.4419,301,0,1,0,29.7822,202.8609,sync_tick,delay,mild
M4,54,/system_health,5416.0,5487.866026856453,5486.8246,41.4795,268,0,1,0,29.7822,202.8609,system_ok,delay,mild
M4,55,/camera/image_raw,5500.0516,5555.983735635734,5569.9391,39.7596,233,0,1,0,30.1609,208.7968,rgb_frame,delay,mild
M4,55,/audio/stream,5493.1745,5557.884628694604,5563.4525,40.5932,415,0,1,0,30.1609,208.7968,wav_chunk,delay,mild
M4,55,/robot_pose,5501.79,5567.008119435187,5565.9188,34.3965,225,0,1,0,30.1609,208.7968,pose_state,delay,mild
M4,55,/head_cmd,5510.0,5580.016783121907,5587.3397,48.1958,281,0,1,0,30.1609,208.7968,gaze_adjust,delay,mild
M4,55,/speech_cmd,5512.0,5583.482940491677,5583.4943,41.0274,330,0,1,0,30.1609,208.7968,comfort_prompt,delay,mild
M4,55,/event_log,5514.0,5583.555064429592,5588.7364,44.8972,267,0,1,0,30.1609,208.7968,sync_tick,delay,mild
M4,55,/system_health,5516.0,5576.38065014132,5578.8567,32.5775,208,0,1,0,30.1609,208.7968,system_ok,delay,mild
M4,56,/camera/image_raw,5598.6953,5666.221148038501,5664.1705,35.9549,325,0,1,0,28.1338,209.4152,rgb_frame,delay,mild
M4,56,/audio/stream,5586.517,5663.446382138692,5660.8489,43.2126,349,0,1,0,28.1338,209.4152,wav_chunk,delay,mild
M4,56,/robot_pose,5602.0244,5668.348854467923,5671.1931,37.7695,168,0,1,0,28.1338,209.4152,pose_state,delay,mild
M4,56,/head_cmd,5610.0,5676.961238230728,5683.6506,43.8453,200,0,1,0,28.1338,209.4152,gaze_adjust,delay,mild
M4,56,/speech_cmd,5612.0,5680.570566825722,5686.2747,43.3188,310,0,1,0,28.1338,209.4152,comfort_prompt,delay,mild
M4,56,/event_log,5614.0,5687.542032178521,5686.0259,41.7203,287,0,1,0,28.1338,209.4152,sync_tick,delay,mild
M4,56,/system_health,5616.0,5679.948378499104,5688.709,42.0759,268,0,1,0,28.1338,209.4152,system_ok,delay,mild
M4,57,/camera/image_raw,5705.8995,5780.668900420159,5783.558,47.8378,263,0,1,0,28.4778,209.7748,rgb_frame,delay,mild
M4,57,/audio/stream,5686.9823,5756.962995409831,5759.8242,44.296,224,0,1,0,28.4778,209.7748,wav_chunk,delay,mild
M4,57,/robot_pose,5699.3436,5769.451629300086,5769.9542,42.7281,197,0,1,0,28.4778,209.7748,pose_state,delay,mild
M4,57,/head_cmd,5710.0,5777.617804824504,5786.6759,45.6735,278,0,1,0,28.4778,209.7748,gaze_adjust,delay,mild
M4,57,/speech_cmd,5712.0,5773.687133886727,5787.1709,44.7988,289,0,1,0,28.4778,209.7748,comfort_prompt,delay,mild
M4,57,/event_log,5714.0,5785.1318556957585,5784.3001,40.0074,218,0,1,0,28.4778,209.7748,sync_tick,delay,mild
M4,57,/system_health,5716.0,5796.1087885409315,5793.7412,46.324,338,0,1,0,28.4778,209.7748,system_ok,delay,mild
M4,58,/camera/image_raw,5797.1432,5852.537450255011,5865.831,38.1473,190,0,1,0,30.5983,209.92,rgb_frame,delay,mild
M4,58,/audio/stream,5792.3698,5865.801456965558,5866.891,43.2181,353,0,1,0,30.5983,209.92,wav_chunk,delay,mild
M4,58,/robot_pose,5806.3849,5884.399897489071,5878.9952,43.5159,267,0,1,0,30.5983,209.92,pose_state,delay,mild
M4,58,/head_cmd,5810.0,5890.815966280574,5888.7456,49.2405,252,0,1,0,30.5983,209.92,gaze_adjust,delay,mild
M4,58,/speech_cmd,5812.0,5883.835878927944,5889.0296,46.3359,404,0,1,0,30.5983,209.92,comfort_prompt,delay,mild
M4,58,/event_log,5814.0,5874.0893217814955,5881.1585,37.7503,329,0,1,0,30.5983,209.92,sync_tick,delay,mild
M4,58,/system_health,5816.0,5880.3841684761,5881.9409,35.8983,252,0,1,0,30.5983,209.92,system_ok,delay,mild
M4,59,/camera/image_raw,5907.2519,5992.437910353082,5993.7042,55.6993,261,0,0,0,29.5573,212.402,rgb_frame,delay,mild
M4,59,/audio/stream,5904.9141,5967.893545066935,5969.0087,34.4045,243,0,1,0,29.5573,212.402,wav_chunk,delay,mild
M4,59,/robot_pose,5902.2853,5966.662092219295,5969.9301,37.4576,362,0,1,0,29.5573,212.402,pose_state,delay,mild
M4,59,/head_cmd,5910.0,5976.088789655264,5984.6576,44.5847,183,0,1,0,29.5573,212.402,gaze_adjust,delay,mild
M4,59,/speech_cmd,5912.0,5987.481629747853,5987.1062,44.9455,152,0,1,0,29.5573,212.402,comfort_prompt,delay,mild
M4,59,/event_log,5914.0,5987.270826966482,5987.4663,42.4457,110,0,1,0,29.5573,212.402,sync_tick,delay,mild
M4,59,/system_health,5916.0,5981.5027327527705,5982.4094,36.2978,300,0,1,0,29.5573,212.402,system_ok,delay,mild
M4,60,/camera/image_raw,5996.3898,6060.844861870428,6061.297,35.7891,301,0,1,1,29.4848,210.5178,rgb_frame,delay,mild
M4,60,/audio/stream,5993.3429,6072.663596926476,6065.5261,41.2452,224,0,1,0,29.4848,210.5178,wav_chunk,delay,mild
M4,60,/robot_pose,6003.6358,6064.944327292559,6071.9792,37.0547,164,0,1,0,29.4848,210.5178,pose_state,delay,mild
M4,60,/head_cmd,6010.0,6090.92961058474,6086.4974,45.241,307,0,1,0,29.4848,210.5178,gaze_adjust,delay,mild
M4,60,/speech_cmd,6012.0,6073.079753184669,6079.0307,37.4839,243,0,1,0,29.4848,210.5178,comfort_prompt,delay,mild
M4,60,/event_log,6014.0,6083.708703437739,6078.4856,35.055,294,0,1,0,29.4848,210.5178,sync_tick,delay,mild
M4,60,/system_health,6016.0,6094.232805300483,6088.1929,42.8326,296,0,1,0,29.4848,210.5178,system_ok,delay,mild
M4,61,/camera/image_raw,6103.1801,6173.449492779589,6176.3782,44.0277,248,0,1,0,31.1644,210.3358,rgb_frame,delay,mild
M4,61,/audio/stream,6112.0791,6189.996978324365,6182.0362,39.9521,282,0,1,0,31.1644,210.3358,wav_chunk,delay,mild
M4,61,/robot_pose,6102.8457,6176.305415320477,6176.005,42.6455,245,0,1,0,31.1644,210.3358,pose_state,delay,mild
M4,61,/head_cmd,6110.0,6169.901465353157,6178.2428,37.1651,276,0,1,0,31.1644,210.3358,gaze_adjust,delay,mild
M4,61,/speech_cmd,6112.0,6173.7886604336645,6178.0786,36.0336,151,0,1,0,31.1644,210.3358,comfort_prompt,delay,mild
M4,61,/event_log,6114.0,6189.04607383664,6184.2908,40.2495,221,0,1,0,31.1644,210.3358,sync_tick,delay,mild
M4,61,/system_health,6116.0,6195.98478821126,6191.7215,46.4464,298,0,1,0,31.1644,210.3358,system_ok,delay,mild
M4,62,/camera/image_raw,6215.307,6276.168257591724,6284.1669,39.2096,212,0,1,0,28.7525,205.1862,rgb_frame,delay,mild
M4,62,/audio/stream,6208.6181,6275.333056126857,6278.2868,39.5505,285,0,1,0,28.7525,205.1862,wav_chunk,delay,mild
M4,62,/robot_pose,6199.8423,6264.96803789666,6265.4011,35.9046,246,0,1,0,28.7525,205.1862,pose_state,delay,mild
M4,62,/head_cmd,6210.0,6275.028172465546,6281.743,40.0738,269,0,1,0,28.7525,205.1862,gaze_adjust,delay,mild
M4,62,/speech_cmd,6212.0,6288.548198340248,6276.9359,34.4014,288,0,1,0,28.7525,205.1862,comfort_prompt,delay,mild
M4,62,/event_log,6214.0,6283.757182460432,6283.5845,40.3552,361,0,1,0,28.7525,205.1862,sync_tick,delay,mild
M4,62,/system_health,6216.0,6280.205326854582,6283.3048,36.5762,268,0,1,0,28.7525,205.1862,system_ok,delay,mild
M4,63,/camera/image_raw,6304.2057,6377.128006265549,6372.3137,37.7772,178,0,1,0,29.3855,212.0968,rgb_frame,delay,mild
M4,63,/audio/stream,6313.6549,6375.632018790967,6380.0644,36.1685,278,0,1,0,29.3855,212.0968,wav_chunk,delay,mild
M4,63,/robot_pose,6302.8082,6370.344765663704,6366.8981,33.492,206,0,1,0,29.3855,212.0968,pose_state,delay,mild
M4,63,/head_cmd,6310.0,6373.414005626502,6385.3388,45.4204,188,0,1,0,29.3855,212.0968,gaze_adjust,delay,mild
M4,63,/speech_cmd,6312.0,6377.8828757225265,6382.0718,40.6048,332,0,1,0,29.3855,212.0968,comfort_prompt,delay,mild
M4,63,/event_log,6314.0,6388.598122510264,6384.3824,40.3037,291,0,1,0,29.3855,212.0968,sync_tick,delay,mild
M4,63,/system_health,6316.0,6389.7029863235375,6381.4505,36.2818,280,0,1,0,29.3855,212.0968,system_ok,delay,mild
M4,64,/camera/image_raw,6392.3023,6453.744025721963,6459.8608,38.0815,362,0,1,0,30.5776,205.4893,rgb_frame,delay,mild
M4,64,/audio/stream,6391.1999,6458.043070182688,6465.2453,44.1821,290,0,1,0,30.5776,205.4893,wav_chunk,delay,mild
M4,64,/robot_pose,6404.1838,6470.721778582223,6468.979,35.1333,262,0,1,0,30.5776,205.4893,pose_state,delay,mild
M4,64,/head_cmd,6410.0,6476.6287966304935,6482.489,42.367,270,0,1,0,30.5776,205.4893,gaze_adjust,delay,mild
M4,64,/speech_cmd,6412.0,6479.259932493467,6482.9405,40.8714,238,0,1,0,30.5776,205.4893,comfort_prompt,delay,mild
M4,64,/event_log,6414.0,6486.111430148423,6483.2386,38.853,280,0,1,0,30.5776,205.4893,sync_tick,delay,mild
M4,64,/system_health,6416.0,6482.086886910316,6486.6086,41.3515,196,0,1,0,30.5776,205.4893,system_ok,delay,mild
M4,65,/camera/image_raw,6502.7922,6554.773645490786,6569.8134,35.7741,267,0,1,0,29.5472,209.6282,rgb_frame,delay,mild
M4,65,/audio/stream,6511.7734,6569.610393386365,6579.4835,37.6435,224,0,1,0,29.5472,209.6282,wav_chunk,delay,mild
M4,65,/robot_pose,6500.7621,6574.389833514322,6576.3683,45.568,265,0,1,0,29.5472,209.6282,pose_state,delay,mild
M4,65,/head_cmd,6510.0,6569.435761109163,6582.2236,42.6163,267,0,1,0,29.5472,209.6282,gaze_adjust,delay,mild
M4,65,/speech_cmd,6512.0,6579.636137496216,6582.3758,41.4191,271,0,1,0,29.5472,209.6282,comfort_prompt,delay,mild
M4,65,/event_log,6514.0,6573.785720902536,6584.4423,40.1383,258,0,1,0,29.5472,209.6282,sync_tick,delay,mild
M4,65,/system_health,6516.0,6595.197634041194,6588.6279,41.358,185,0,1,0,29.5472,209.6282,system_ok,delay,mild
M4,66,/camera/image_raw,6597.6049,6680.979655568594,6671.0936,42.3839,237,0,1,0,30.5053,216.71,rgb_frame,delay,mild
M4,66,/audio/stream,6605.3329,6662.9395173859475,6671.2372,35.9557,298,0,1,0,30.5053,216.71,wav_chunk,delay,mild
M4,66,/robot_pose,6602.4046,6673.499852080228,6674.4819,41.5547,243,0,1,0,30.5053,216.71,pose_state,delay,mild
M4,66,/head_cmd,6610.0,6670.669777608019,6678.4883,38.4322,299,0,1,0,30.5053,216.71,gaze_adjust,delay,mild
M4,66,/speech_cmd,6612.0,6681.434406387672,6684.6853,43.2903,301,0,1,0,30.5053,216.71,comfort_prompt,delay,mild
M4,66,/event_log,6614.0,6690.145315967735,6681.8996,37.3245,244,0,1,0,30.5053,216.71,sync_tick,delay,mild
M4,66,/system_health,6616.0,6687.390368713641,6692.0561,46.1905,266,0,1,0,30.5053,216.71,system_ok,delay,mild
M4,67,/camera/image_raw,6704.2462,6769.119575226578,6773.9254,38.5896,220,0,1,0,29.7068,207.5613,rgb_frame,delay,mild
M4,67,/audio/stream,6693.0083,6757.9673243966345,6766.0742,42.6142,172,0,1,0,29.7068,207.5613,wav_chunk,delay,mild
M4,67,/robot_pose,6699.6357,6776.9380362659895,6771.1301,42.4252,293,0,1,0,29.7068,207.5613,pose_state,delay,mild
M4,67,/head_cmd,6710.0,6756.7401997848565,6778.5265,38.3198,178,0,1,0,29.7068,207.5613,gaze_adjust,delay,mild
M4,67,/speech_cmd,6712.0,6778.18131607081,6783.7796,40.8381,207,0,1,0,29.7068,207.5613,comfort_prompt,delay,mild
M4,67,/event_log,6714.0,6779.644583435187,6782.4836,37.9199,284,0,1,0,29.7068,207.5613,sync_tick,delay,mild
M4,67,/system_health,6716.0,6770.645336020894,6778.4241,30.6118,287,0,1,0,29.7068,207.5613,system_ok,delay,mild
M4,68,/camera/image_raw,6804.8784,6880.934073046387,6877.7777,42.8744,270,0,1,0,30.7422,207.4175,rgb_frame,delay,mild
M4,68,/audio/stream,6798.8517,6871.662463703823,6867.3418,37.5986,184,0,1,0,30.7422,207.4175,wav_chunk,delay,mild
M4,68,/robot_pose,6790.7232,6859.931862922723,6872.3945,49.6809,353,0,1,0,30.7422,207.4175,pose_state,delay,mild
M4,68,/head_cmd,6810.0,6896.361419922625,6885.9329,45.8005,325,0,1,0,30.7422,207.4175,gaze_adjust,delay,mild
M4,68,/speech_cmd,6812.0,6871.774347053879,6881.2711,40.3139,346,0,1,0,30.7422,207.4175,comfort_prompt,delay,mild
M4,68,/event_log,6814.0,6894.945684090055,6889.3889,45.2139,182,0,1,0,30.7422,207.4175,sync_tick,delay,mild
M4,68,/system_health,6816.0,6883.252766191214,6883.0969,38.3538,312,0,1,0,30.7422,207.4175,system_ok,delay,mild
M4,69,/camera/image_raw,6888.7768,6953.041593417317,6958.9343,39.2869,179,0,1,0,28.4306,209.6674,rgb_frame,delay,mild
M4,69,/audio/stream,6902.2946,6965.431298421945,6968.1774,37.5929,124,0,1,0,28.4306,209.6674,wav_chunk,delay,mild
M4,69,/robot_pose,6895.7815,6971.395323256039,6975.4633,47.8149,261,0,1,0,28.4306,209.6674,pose_state,delay,mild
M4,69,/head_cmd,6910.0,6976.577307171183,6977.2881,37.3268,308,0,1,0,28.4306,209.6674,gaze_adjust,delay,mild
M4,69,/speech_cmd,6912.0,6973.043673891771,6980.9547,38.5646,255,0,1,0,28.4306,209.6674,comfort_prompt,delay,mild
M4,69,/event_log,6914.0,6978.943260253929,6982.1259,38.3469,273,0,1,0,28.4306,209.6674,sync_tick,delay,mild
M4,69,/system_health,6916.0,6976.090563062435,6983.276,36.7146,227,0,1,0,28.4306,209.6674,system_ok,delay,mild
M4,70,/camera/image_raw,7000.8916,7060.149302837556,7069.6618,38.5481,371,0,1,0,31.0118,203.9823,rgb_frame,delay,mild
M4,70,/audio/stream,7011.0717,7066.757529785253,7073.7844,32.5897,343,0,1,0,31.0118,203.9823,wav_chunk,delay,mild
M4,70,/robot_pose,6999.159,7057.548652203828,7066.4782,37.2894,275,0,1,0,31.0118,203.9823,pose_state,delay,mild
M4,70,/head_cmd,7010.0,7076.646670523497,7082.6202,41.1676,282,0,1,0,31.0118,203.9823,gaze_adjust,delay,mild
M4,70,/speech_cmd,7012.0,7088.3354494328105,7087.6526,45.7406,211,0,1,0,31.0118,203.9823,comfort_prompt,delay,mild
M4,70,/event_log,7014.0,7082.250862125068,7082.7993,39.5266,285,0,1,0,31.0118,203.9823,sync_tick,delay,mild
M4,70,/system_health,7016.0,7094.732068659964,7084.5486,38.886,285,0,1,0,31.0118,203.9823,system_ok,delay,mild
M4,71,/camera/image_raw,7091.994,7149.9592819176805,7165.5657,43.228,300,0,1,0,31.275,207.9003,rgb_frame,delay,mild
M4,71,/audio/stream,7106.164,7178.120245797285,7176.1735,41.1402,316,0,1,0,31.275,207.9003,wav_chunk,delay,mild
M4,71,/robot_pose,7097.6083,7165.996521431146,7168.7896,40.3497,297,0,1,0,31.275,207.9003,pose_state,delay,mild
M4,71,/head_cmd,7110.0,7180.501222054232,7177.0754,37.6072,295,0,1,0,31.275,207.9003,gaze_adjust,delay,mild
M4,71,/speech_cmd,7112.0,7183.786191225862,7182.4366,39.4874,245,0,1,0,31.275,207.9003,comfort_prompt,delay,mild
M4,71,/event_log,7114.0,7185.804049499189,7189.3327,44.794,273,0,1,0,31.275,207.9003,sync_tick,delay,mild
M4,71,/system_health,7116.0,7184.24030770914,7185.5903,39.2044,327,0,1,0,31.275,207.9003,system_ok,delay,mild
M4,72,/camera/image_raw,7199.6205,7267.518484722489,7274.2464,44.3624,268,0,1,0,30.1371,213.8256,rgb_frame,delay,mild
M4,72,/audio/stream,7204.2494,7272.679479876127,7271.059,36.748,274,0,1,0,30.1371,213.8256,wav_chunk,delay,mild
M4,72,/robot_pose,7200.2318,7259.916443687263,7273.9891,42.9579,189,0,1,0,30.1371,213.8256,pose_state,delay,mild
M4,72,/head_cmd,7210.0,7286.124358631895,7283.5924,43.4634,196,0,1,0,30.1371,213.8256,gaze_adjust,delay,mild
M4,72,/speech_cmd,7212.0,7284.7619593345835,7288.2716,44.901,271,0,1,0,30.1371,213.8256,comfort_prompt,delay,mild
M4,72,/event_log,7214.0,7281.4682277730135,7287.2046,42.3906,339,0,1,0,30.1371,213.8256,sync_tick,delay,mild
M4,72,/system_health,7216.0,7285.07250080332,7287.6056,42.4677,376,0,1,0,30.1371,213.8256,system_ok,delay,mild
M4,73,/camera/image_raw,7307.4596,7376.33732259247,7380.0872,41.8329,222,0,1,0,30.5553,208.2209,rgb_frame,delay,mild
M4,73,/audio/stream,7295.9238,7367.756122562883,7362.481,36.0485,223,0,1,0,30.5553,208.2209,wav_chunk,delay,mild
M4,73,/robot_pose,7294.8519,7383.3501619794915,7365.0745,41.0973,240,0,1,0,30.5553,208.2209,pose_state,delay,mild
M4,73,/head_cmd,7310.0,7388.691924944902,7384.0575,43.3727,208,0,1,0,30.5553,208.2209,gaze_adjust,delay,mild
M4,73,/speech_cmd,7312.0,7372.447945284662,7378.0525,35.8399,289,0,1,0,30.5553,208.2209,comfort_prompt,delay,mild
M4,73,/event_log,7314.0,7387.912290945712,7385.9239,42.1336,273,0,1,0,30.5553,208.2209,sync_tick,delay,mild
M4,73,/system_health,7316.0,7394.562274996345,7392.8865,46.5223,158,0,1,0,30.5553,208.2209,system_ok,delay,mild
M4,74,/camera/image_raw,7401.4224,7465.989635665317,7473.896,42.1182,324,0,1,0,30.0327,208.3663,rgb_frame,delay,mild
M4,74,/audio/stream,7416.3517,7478.860604216676,7489.6472,42.0738,248,0,1,0,30.0327,208.3663,wav_chunk,delay,mild
M4,74,/robot_pose,7393.563,7461.517414426499,7463.5618,40.3341,146,0,1,0,30.0327,208.3663,pose_state,delay,mild
M4,74,/head_cmd,7410.0,7485.684045616209,7484.681,42.8378,283,0,1,0,30.0327,208.3663,gaze_adjust,delay,mild
M4,74,/speech_cmd,7412.0,7474.810750394391,7486.3512,44.4816,241,0,1,0,30.0327,208.3663,comfort_prompt,delay,mild
M4,74,/event_log,7414.0,7483.347812794073,7491.4802,45.6732,345,0,1,0,30.0327,208.3663,sync_tick,delay,mild
M4,74,/system_health,7416.0,7492.391510253943,7491.1837,44.9556,268,0,1,0,30.0327,208.3663,system_ok,delay,mild
M4,75,/camera/image_raw,7494.7254,7556.855341679623,7558.7751,33.8795,236,0,1,0,30.0548,208.1824,rgb_frame,delay,mild
M4,75,/audio/stream,7488.4147,7559.978241723594,7553.3844,35.0659,236,0,1,0,30.0548,208.1824,wav_chunk,delay,mild
M4,75,/robot_pose,7494.366,7551.188595275542,7562.5981,37.2907,141,0,1,0,30.0548,208.1824,pose_state,delay,mild
M4,75,/head_cmd,7510.0,7583.9270896006965,7572.0167,31.8141,261,0,1,0,30.0548,208.1824,gaze_adjust,delay,mild
M4,75,/speech_cmd,7512.0,7572.146245338583,7583.143,41.3742,200,0,1,0,30.0548,208.1824,comfort_prompt,delay,mild
M4,75,/event_log,7514.0,7569.553017687031,7583.5748,39.728,349,0,1,0,30.0548,208.1824,sync_tick,delay,mild
M4,75,/system_health,7516.0,7582.106923323016,7584.6178,38.4604,404,0,1,0,30.0548,208.1824,system_ok,delay,mild
M4,76,/camera/image_raw,7598.6367,7660.3028464305235,7669.3898,40.4729,221,0,1,0,30.8045,209.8106,rgb_frame,delay,mild
M4,76,/audio/stream,7604.4493,7673.216266015731,7677.2718,40.9996,328,0,1,0,30.8045,209.8106,wav_chunk,delay,mild
M4,76,/robot_pose,7603.2315,7671.702338726272,7675.0294,40.9132,203,0,1,0,30.8045,209.8106,pose_state,delay,mild
M4,76,/head_cmd,7610.0,7675.480854727355,7679.6137,38.6555,345,0,1,0,30.8045,209.8106,gaze_adjust,delay,mild
M4,76,/speech_cmd,7612.0,7671.559533806819,7678.4272,36.614,386,0,1,0,30.8045,209.8106,comfort_prompt,delay,mild
M4,76,/event_log,7614.0,7684.678536915478,7685.7412,40.0826,268,0,1,0,30.8045,209.8106,sync_tick,delay,mild
M4,76,/system_health,7616.0,7682.7781773113975,7686.6378,40.6822,312,0,1,0,30.8045,209.8106,system_ok,delay,mild
M4,77,/camera/image_raw,7709.5044,7783.286989224529,7779.6727,39.1606,322,0,1,0,31.0066,208.6373,rgb_frame,delay,mild
M4,77,/audio/stream,7691.72,7757.973266484831,7761.4254,39.3356,183,0,1,0,31.0066,208.6373,wav_chunk,delay,mild
M4,77,/robot_pose,7698.2377,7758.0021154628,7766.0893,37.5522,257,0,1,0,31.0066,208.6373,pose_state,delay,mild
M4,77,/head_cmd,7710.0,7765.14033668894,7776.8939,37.2666,192,0,1,0,31.0066,208.6373,gaze_adjust,delay,mild
M4,77,/speech_cmd,7712.0,7781.92174341131,7783.5803,42.9544,195,0,1,0,31.0066,208.6373,comfort_prompt,delay,mild
M4,77,/event_log,7714.0,7768.067172571824,7778.2176,33.6824,147,0,1,0,31.0066,208.6373,sync_tick,delay,mild
M4,77,/system_health,7716.0,7777.161328875971,7788.7727,41.2611,356,0,1,0,31.0066,208.6373,system_ok,delay,mild
M4,78,/camera/image_raw,7787.3586,7864.239943854882,7863.755,45.7166,213,0,1,0,28.6876,208.6823,rgb_frame,delay,mild
M4,78,/audio/stream,7802.3873,7863.344779633019,7874.4159,43.6236,210,0,1,0,28.6876,208.6823,wav_chunk,delay,mild
M4,78,/robot_pose,7795.0551,7869.036160269998,7862.8257,37.5079,243,0,1,0,28.6876,208.6823,pose_state,delay,mild
M4,78,/head_cmd,7810.0,7879.195898306373,7880.2978,40.2376,257,0,1,0,28.6876,208.6823,gaze_adjust,delay,mild
M4,78,/speech_cmd,7812.0,7882.700944213851,7885.2834,42.964,238,0,1,0,28.6876,208.6823,comfort_prompt,delay,mild
M4,78,/event_log,7814.0,7878.201804356696,7887.2713,42.4104,222,0,1,0,28.6876,208.6823,sync_tick,delay,mild
M4,78,/system_health,7816.0,7889.152033778058,7887.6953,40.5658,189,0,1,0,28.6876,208.6823,system_ok,delay,mild
M4,79,/camera/image_raw,7912.6329,7980.403670398415,7982.2204,39.7881,233,0,1,0,28.9548,215.1262,rgb_frame,delay,mild
M4,79,/audio/stream,7889.2868,7955.354120143555,7961.408,42.1839,248,0,1,0,28.9548,215.1262,wav_chunk,delay,mild
M4,79,/robot_pose,7898.2732,7955.1568481799095,7956.2036,27.6847,257,0,1,0,28.9548,215.1262,pose_state,delay,mild
M4,79,/head_cmd,7910.0,7973.859087267363,7987.2031,45.9558,244,0,1,0,28.9548,215.1262,gaze_adjust,delay,mild
M4,79,/speech_cmd,7912.0,7975.254537210705,7986.3852,45.0665,302,0,1,0,28.9548,215.1262,comfort_prompt,delay,mild
M4,79,/event_log,7914.0,7974.790483488194,7982.7639,39.5116,244,0,1,0,28.9548,215.1262,sync_tick,delay,mild
M4,79,/system_health,7916.0,7993.5005636056585,7993.7482,47.4034,345,0,1,0,28.9548,215.1262,system_ok,delay,mild
M4,80,/camera/image_raw,7994.7589,8066.020150069164,8068.4403,43.2808,211,0,1,0,30.2479,209.6067,rgb_frame,delay,mild
M4,80,/audio/stream,8008.3828,8086.832775593334,8084.1242,44.1561,220,0,1,0,30.2479,209.6067,wav_chunk,delay,mild
M4,80,/robot_pose,7996.7392,8052.513160886988,8060.6326,33.2939,236,0,1,0,30.2479,209.6067,pose_state,delay,mild
M4,80,/head_cmd,8010.0,8081.558507042888,8080.7554,40.1105,228,0,1,0,30.2479,209.6067,gaze_adjust,delay,mild
M4,80,/speech_cmd,8012.0,8078.876276685629,8081.6794,39.5595,344,0,1,0,30.2479,209.6067,comfort_prompt,delay,mild
M4,80,/event_log,8014.0,8077.096928831554,8083.9666,40.7552,184,0,1,0,30.2479,209.6067,sync_tick,delay,mild
M4,80,/system_health,8016.0,8087.503646024277,8086.4882,41.1918,162,0,1,0,30.2479,209.6067,system_ok,delay,mild
M4,81,/camera/image_raw,8104.4488,8174.340328850529,8177.4202,42.2877,99,0,1,0,30.323,209.5267,rgb_frame,delay,mild
M4,81,/audio/stream,8105.476,8168.617284835127,8175.0063,38.916,231,0,1,0,30.323,209.5267,wav_chunk,delay,mild
M4,81,/robot_pose,8098.1593,8166.434094522864,8168.9827,40.0228,260,0,1,0,30.323,209.5267,pose_state,delay,mild
M4,81,/head_cmd,8110.0,8183.132517684376,8187.0113,45.9097,248,0,1,0,30.323,209.5267,gaze_adjust,delay,mild
M4,81,/speech_cmd,8112.0,8178.163671588894,8179.0056,39.0858,236,0,1,0,30.323,209.5267,comfort_prompt,delay,mild
M4,81,/event_log,8114.0,8173.989341100535,8178.8419,34.4649,265,0,1,0,30.323,209.5267,sync_tick,delay,mild
M4,81,/system_health,8116.0,8178.831708766638,8189.9788,42.6614,254,0,1,0,30.323,209.5267,system_ok,delay,mild
M4,82,/camera/image_raw,8215.9629,8288.48169249537,8289.4753,44.0702,238,0,1,0,29.3817,207.9563,rgb_frame,delay,mild
M4,82,/audio/stream,8201.8596,8266.100813757672,8272.7586,41.0575,304,0,1,0,29.3817,207.9563,wav_chunk,delay,mild
M4,82,/robot_pose,8193.4489,8259.593926794134,8268.8491,44.267,236,0,1,0,29.3817,207.9563,pose_state,delay,mild
M4,82,/head_cmd,8210.0,8283.067600935385,8285.6206,46.5118,172,0,1,0,29.3817,207.9563,gaze_adjust,delay,mild
M4,82,/speech_cmd,8212.0,8281.250659265033,8279.0538,36.8465,328,0,1,0,29.3817,207.9563,comfort_prompt,delay,mild
M4,82,/event_log,8214.0,8282.406781046147,8283.1118,39.2931,243,0,1,0,29.3817,207.9563,sync_tick,delay,mild
M4,82,/system_health,8216.0,8284.806146749856,8289.8109,43.993,223,0,1,0,29.3817,207.9563,system_ok,delay,mild
M4,83,/camera/image_raw,8290.5822,8360.935323652793,8366.0952,45.7812,341,0,1,0,30.1,206.9284,rgb_frame,delay,mild
M4,83,/audio/stream,8295.4262,8373.692179573132,8372.1221,46.451,166,0,1,0,30.1,206.9284,wav_chunk,delay,mild
M4,83,/robot_pose,8305.8873,8369.501485383316,8386.3917,49.9946,236,0,1,0,30.1,206.9284,pose_state,delay,mild
M4,83,/head_cmd,8310.0,8387.445289935196,8385.423,44.6611,334,0,1,0,30.1,206.9284,gaze_adjust,delay,mild
M4,83,/speech_cmd,8312.0,8366.943105350418,8380.642,38.1872,184,0,1,0,30.1,206.9284,comfort_prompt,delay,mild
M4,83,/event_log,8314.0,8377.00945255006,8387.6836,43.5019,272,0,1,0,30.1,206.9284,sync_tick,delay,mild
M4,83,/system_health,8316.0,8381.165605012422,8386.2504,40.2512,203,0,1,0,30.1,206.9284,system_ok,delay,mild
M4,0,/camera/image_raw,-1.8082,131.90203800103183,103.3577,38.3285,246,0,1,0,30.0709,210.7588,rgb_frame,delay,severe
M4,0,/audio/stream,-1.0086,126.71907104019972,104.043,39.2438,283,0,1,0,30.0709,210.7588,wav_chunk,delay,severe
M4,0,/robot_pose,-3.2884,109.0719285811599,102.3904,37.4696,291,0,1,0,30.0709,210.7588,pose_state,delay,severe
M4,0,/head_cmd,10.0,123.9453932961363,120.345,43.9538,233,0,1,0,30.0709,210.7588,gaze_adjust,delay,severe
M4,0,/speech_cmd,12.0,85.23182244782535,112.9396,34.3037,331,0,1,0,30.0709,210.7588,comfort_prompt,delay,severe
M4,0,/event_log,14.0,126.41811428032979,125.505,45.2235,228,0,1,0,30.0709,210.7588,sync_tick,delay,severe
M4,0,/system_health,16.0,112.2796987401604,122.63730000000001,38.9688,150,0,1,0,30.0709,210.7588,system_ok,delay,severe
M4,1,/camera/image_raw,88.779,184.8248293292819,198.3448,42.4792,234,0,1,0,29.5085,209.4539,rgb_frame,delay,severe
M4,1,/audio/stream,103.917,215.27914325964522,215.54,44.1948,217,0,1,0,29.5085,209.4539,wav_chunk,delay,severe
M4,1,/robot_pose,90.2548,189.62675986774622,198.7288,40.9675,359,0,1,0,29.5085,209.4539,pose_state,delay,severe
M4,1,/head_cmd,110.0,231.13209364356393,222.1335,43.9619,219,0,1,0,29.5085,209.4539,gaze_adjust,delay,severe
M4,1,/speech_cmd,112.0,188.61643325342266,217.7315,38.7198,247,0,1,0,29.5085,209.4539,comfort_prompt,delay,severe
M4,1,/event_log,114.0,216.83465991284376,218.9972,36.7845,309,0,1,0,29.5085,209.4539,sync_tick,delay,severe
M4,1,/system_health,116.0,208.28643887080338,223.3072,39.5938,269,0,1,0,29.5085,209.4539,system_ok,delay,severe
M4,2,/camera/image_raw,205.0388,302.6852983951803,308.6203,38.3814,191,0,1,0,29.9362,210.7462,rgb_frame,delay,severe
M4,2,/audio/stream,189.2455,299.1612698727094,297.1476,40.651,357,0,1,0,29.9362,210.7462,wav_chunk,delay,severe
M4,2,/robot_pose,199.2717,291.85558992345904,309.7631,43.2262,254,0,1,0,29.9362,210.7462,pose_state,delay,severe
M4,2,/head_cmd,210.0,322.61114995037457,322.0398,45.3119,247,0,1,0,29.9362,210.7462,gaze_adjust,delay,severe
M4,2,/speech_cmd,212.0,310.56546512707024,316.8733,36.5382,279,0,1,0,29.9362,210.7462,comfort_prompt,delay,severe
M4,2,/event_log,214.0,307.8168838875236,319.1735,38.0651,286,0,1,0,29.9362,210.7462,sync_tick,delay,severe
M4,2,/system_health,216.0,314.3042851958471,322.6647,39.8923,216,0,1,0,29.9362,210.7462,system_ok,delay,severe
M4,3,/camera/image_raw,302.3727,404.11257352338305,408.219,38.9036,267,0,1,0,28.5303,209.2174,rgb_frame,delay,severe
M4,3,/audio/stream,297.1356,394.006288824115,407.5173,42.6205,289,0,1,0,28.5303,209.2174,wav_chunk,delay,severe
M4,3,/robot_pose,297.7312,401.4963226545585,403.1434,38.6658,193,0,1,0,28.5303,209.2174,pose_state,delay,severe
M4,3,/head_cmd,310.0,408.361327296675,414.4716,37.2558,208,0,1,0,28.5303,209.2174,gaze_adjust,delay,severe
M4,3,/speech_cmd,312.0,408.45474448106256,418.4403,40.0127,156,0,1,0,28.5303,209.2174,comfort_prompt,delay,severe
M4,3,/event_log,314.0,444.16389127464174,423.7266,42.9061,205,0,1,0,28.5303,209.2174,sync_tick,delay,severe
M4,3,/system_health,316.0,422.0664589158627,418.7915,35.2531,338,0,1,0,28.5303,209.2174,system_ok,delay,severe
M4,4,/camera/image_raw,397.1785,506.5784287432786,511.9714,49.758,250,0,1,0,28.0085,214.5072,rgb_frame,delay,severe
M4,4,/audio/stream,398.2755,502.4233460315459,502.3694,37.1058,230,0,1,0,28.0085,214.5072,wav_chunk,delay,severe
M4,4,/robot_pose,405.3582,499.21131808517094,515.6967,43.2286,201,0,1,0,28.0085,214.5072,pose_state,delay,severe
M4,4,/head_cmd,410.0,508.17799750509977,516.9046000000001,39.2928,184,0,1,0,28.0085,214.5072,gaze_adjust,delay,severe
M4,4,/speech_cmd,412.0,505.9155156938645,514.1908000000001,33.3966,217,0,1,0,28.0085,214.5072,comfort_prompt,delay,severe
M4,4,/event_log,414.0,500.97698526126163,520.3139,39.4321,288,0,1,0,28.0085,214.5072,sync_tick,delay,severe
M4,4,/system_health,416.0,533.4956566719218,530.7366999999999,47.0727,164,0,1,0,28.0085,214.5072,system_ok,delay,severe
M4,5,/camera/image_raw,490.3111,583.8890221634203,594.3622,35.6564,365,0,1,0,28.1059,211.2942,rgb_frame,delay,severe
M4,5,/audio/stream,496.8083,595.8404666557363,603.3682,39.0087,182,0,1,0,28.1059,211.2942,wav_chunk,delay,severe
M4,5,/robot_pose,498.6588,598.193221972273,607.9567,42.4964,190,0,1,0,28.1059,211.2942,pose_state,delay,severe
M4,5,/head_cmd,510.0,655.2716682690034,615.6718,38.8444,236,0,1,0,28.1059,211.2942,gaze_adjust,delay,severe
M4,5,/speech_cmd,512.0,611.5237878975638,622.3722,43.8004,360,0,1,0,28.1059,211.2942,comfort_prompt,delay,severe
M4,5,/event_log,514.0,584.7400226455984,617.1938,34.7015,195,0,1,0,28.1059,211.2942,sync_tick,delay,severe
M4,5,/system_health,516.0,598.5986524065763,622.8055,39.9977,235,0,1,0,28.1059,211.2942,system_ok,delay,severe
M4,6,/camera/image_raw,605.6095,717.8781367177361,708.6546,36.6384,187,0,1,0,29.5547,209.5159,rgb_frame,delay,severe
M4,6,/audio/stream,611.9986,733.7253376835638,717.4147,38.0164,141,0,1,0,29.5547,209.5159,wav_chunk,delay,severe
M4,6,/robot_pose,605.9526,700.98873932078,713.9467,39.5813,323,0,1,0,29.5547,209.5159,pose_state,delay,severe
M4,6,/head_cmd,610.0,730.3312953748965,713.5085,37.426,283,0,1,0,29.5547,209.5159,gaze_adjust,delay,severe
M4,6,/speech_cmd,612.0,717.8792599977955,710.5851,30.497,243,0,1,0,29.5547,209.5159,comfort_prompt,delay,severe
M4,6,/event_log,614.0,723.4391781661948,726.9103,47.0919,311,0,1,0,29.5547,209.5159,sync_tick,delay,severe
M4,6,/system_health,616.0,716.7184520272125,722.2998,39.3647,173,0,1,0,29.5547,209.5159,system_ok,delay,severe
M4,7,/camera/image_raw,704.1702,807.2575831698192,805.8306,35.5552,344,0,1,0,31.1089,207.3371,rgb_frame,delay,severe
M4,7,/audio/stream,705.4091,819.151481510151,810.2512,36.458,287,0,1,0,31.1089,207.3371,wav_chunk,delay,severe
M4,7,/robot_pose,708.9256,820.3780239183303,816.7704,40.8903,295,0,1,0,31.1089,207.3371,pose_state,delay,severe
M4,7,/head_cmd,710.0,805.0334837748183,816.4134,39.5088,297,0,1,0,31.1089,207.3371,gaze_adjust,delay,severe
M4,7,/speech_cmd,712.0,813.5559013416317,817.5561,38.9948,291,0,1,0,31.1089,207.3371,comfort_prompt,delay,severe
M4,7,/event_log,714.0,846.0523883661069,820.9058,39.3147,228,0,1,0,31.1089,207.3371,sync_tick,delay,severe
M4,7,/system_health,716.0,819.2511931621467,819.3222,34.7342,348,0,1,0,31.1089,207.3371,system_ok,delay,severe
M4,8,/camera/image_raw,806.1865,920.9414559763566,912.4687,37.5845,253,0,1,0,31.5206,208.0093,rgb_frame,delay,severe
M4,8,/audio/stream,796.8975,916.6442898214893,910.1672,47.1884,287,0,1,0,31.5206,208.0093,wav_chunk,delay,severe
M4,8,/robot_pose,798.4984,915.7244084159678,914.1212,48.399,240,0,1,0,31.5206,208.0093,pose_state,delay,severe
M4,8,/head_cmd,810.0,911.965484600211,913.5095,35.4437,209,0,1,0,31.5206,208.0093,gaze_adjust,delay,severe
M4,8,/speech_cmd,812.0,929.2988687545497,917.9478,39.7354,349,0,1,0,31.5206,208.0093,comfort_prompt,delay,severe
M4,8,/event_log,814.0,933.7951912943496,925.909,44.7342,186,0,1,0,31.5206,208.0093,sync_tick,delay,severe
M4,8,/system_health,816.0,930.9528086921616,929.1656,46.2583,189,0,1,0,31.5206,208.0093,system_ok,delay,severe
M4,9,/camera/image_raw,887.6652,981.3109246423296,993.5082,38.3585,212,0,1,0,29.3149,211.0843,rgb_frame,delay,severe
M4,9,/audio/stream,894.8323,1005.3508232776786,1003.6897,40.1207,235,0,1,0,29.3149,211.0843,wav_chunk,delay,severe
M4,9,/robot_pose,892.7268,998.1864888894468,1000.0722,41.3978,347,0,1,0,29.3149,211.0843,pose_state,delay,severe
M4,9,/head_cmd,910.0,1008.6356172411689,1015.9917,37.9512,248,0,1,0,29.3149,211.0843,gaze_adjust,delay,severe
M4,9,/speech_cmd,912.0,1056.809263649525,1022.0432,42.3064,228,0,1,0,29.3149,211.0843,comfort_prompt,delay,severe
M4,9,/event_log,914.0,1001.6809816920904,1024.8205,44.2277,302,0,1,0,29.3149,211.0843,sync_tick,delay,severe
M4,9,/system_health,916.0,1032.7183800268049,1021.7789,38.2992,228,0,1,0,29.3149,211.0843,system_ok,delay,severe
M4,10,/camera/image_raw,1000.3498,1093.2326067804463,1107.6172,39.9601,219,0,1,0,30.0486,207.4876,rgb_frame,delay,severe
M4,10,/audio/stream,991.4025,1097.9044368508075,1097.4632,39.6652,396,0,1,0,30.0486,207.4876,wav_chunk,delay,severe
M4,10,/robot_pose,1001.2378,1146.6147252672627,1113.073,44.4167,326,0,1,0,30.0486,207.4876,pose_state,delay,severe
M4,10,/head_cmd,1010.0,1093.7900340724632,1107.4171,32.2632,232,0,1,0,30.0486,207.4876,gaze_adjust,delay,severe
M4,10,/speech_cmd,1012.0,1101.5317828324182,1113.6767,34.666,268,0,1,0,30.0486,207.4876,comfort_prompt,delay,severe
M4,10,/event_log,1014.0,1122.6167076798777,1124.1513,43.8619,279,0,1,0,30.0486,207.4876,sync_tick,delay,severe
M4,10,/system_health,1016.0,1109.376762593161,1123.7158,40.2378,224,0,1,0,30.0486,207.4876,system_ok,delay,severe
M4,11,/camera/image_raw,1109.6819,1227.0812889131644,1216.6423,40.0225,293,0,1,0,29.1306,211.0799,rgb_frame,delay,severe
M4,11,/audio/stream,1099.1719,1195.7529878951138,1203.3069,39.0645,72,0,1,0,29.1306,211.0799,wav_chunk,delay,severe
M4,11,/robot_pose,1108.8709,1228.3779349620906,1222.406,45.3509,369,0,1,0,29.1306,211.0799,pose_state,delay,severe
M4,11,/head_cmd,1110.0,1196.582452154799,1216.357,40.1911,230,0,1,0,29.1306,211.0799,gaze_adjust,delay,severe
M4,11,/speech_cmd,1112.0,1192.0112589698408,1218.7013,40.3069,354,0,1,0,29.1306,211.0799,comfort_prompt,delay,severe
M4,11,/event_log,1114.0,1225.0134102946572,1230.8018,49.2192,255,0,1,0,29.1306,211.0799,sync_tick,delay,severe
M4,11,/system_health,1116.0,1194.1221902674738,1219.5185,35.0813,260,0,1,0,29.1306,211.0799,system_ok,delay,severe
M4,12,/camera/image_raw,1197.9758,1328.3933647787164,1309.254,44.1617,325,0,1,0,30.1616,204.9611,rgb_frame,delay,severe
M4,12,/audio/stream,1203.8494,1286.44095113307,1309.9492,39.0088,183,0,1,0,30.1616,204.9611,wav_chunk,delay,severe
M4,12,/robot_pose,1197.0714,1290.3961863726104,1306.4232,42.8524,226,0,1,0,30.1616,204.9611,pose_state,delay,severe
M4,12,/head_cmd,1210.0,1320.6081783966447,1317.1145,39.8175,153,0,1,0,30.1616,204.9611,gaze_adjust,delay,severe
M4,12,/speech_cmd,1212.0,1307.681004699132,1318.7263,38.8901,233,0,1,0,30.1616,204.9611,comfort_prompt,delay,severe
M4,12,/event_log,1214.0,1296.6569684218534,1320.2444,38.9144,248,0,1,0,30.1616,204.9611,sync_tick,delay,severe
M4,12,/system_health,1216.0,1345.2507982410075,1318.8622,35.6913,315,0,1,0,30.1616,204.9611,system_ok,delay,severe
M4,13,/camera/image_raw,1292.6418,1379.741626755766,1396.0383,36.1227,183,0,1,0,31.0355,208.7414,rgb_frame,delay,severe
M4,13,/audio/stream,1297.0041,1394.6459906950483,1398.4255,35.3895,191,0,1,0,31.0355,208.7414,wav_chunk,delay,severe
M4,13,/robot_pose,1293.0918,1400.1160047185156,1404.6582,44.9528,283,0,1,0,31.0355,208.7414,pose_state,delay,severe
M4,13,/head_cmd,1310.0,1421.1226281275322,1413.9859,36.1783,194,0,1,0,31.0355,208.7414,gaze_adjust,delay,severe
M4,13,/speech_cmd,1312.0,1423.1533344493948,1418.9227,39.6804,395,0,1,0,31.0355,208.7414,comfort_prompt,delay,severe
M4,13,/event_log,1314.0,1409.469985471766,1422.7709,42.0452,297,0,1,0,31.0355,208.7414,sync_tick,delay,severe
M4,13,/system_health,1316.0,1424.5146189557936,1429.9725,48.0762,205,0,1,0,31.0355,208.7414,system_ok,delay,severe
M4,14,/camera/image_raw,1398.3417,1493.6757859304146,1498.8925,33.511,318,0,1,0,28.5653,212.9311,rgb_frame,delay,severe
M4,14,/audio/stream,1396.6633,1511.2294329747797,1502.1605,39.0807,175,0,1,0,28.5653,212.9311,wav_chunk,delay,severe
M4,14,/robot_pose,1398.3362,1485.2610931919796,1503.212,38.2814,268,0,1,0,28.5653,212.9311,pose_state,delay,severe
M4,14,/head_cmd,1410.0,1536.849147794581,1511.446,33.5956,262,0,1,0,28.5653,212.9311,gaze_adjust,delay,severe
M4,14,/speech_cmd,1412.0,1506.3322325755678,1520.3136,39.9608,229,0,1,0,28.5653,212.9311,comfort_prompt,delay,severe
M4,14,/event_log,1414.0,1515.1756084454078,1517.0599,36.2981,244,0,1,0,28.5653,212.9311,sync_tick,delay,severe
M4,14,/system_health,1416.0,1503.5977478442946,1521.373,38.8376,134,0,1,0,28.5653,212.9311,system_ok,delay,severe
M4,15,/camera/image_raw,1496.0735,1585.7531738370315,1607.2335,42.8539,302,0,1,0,31.3195,214.4754,rgb_frame,delay,severe
M4,15,/audio/stream,1502.8786,1602.2928022729131,1618.2155,46.6562,313,0,1,0,31.3195,214.4754,wav_chunk,delay,severe
M4,15,/robot_pose,1500.6813,1594.7360749527004,1610.3592,42.6421,253,0,1,0,31.3195,214.4754,pose_state,delay,severe
M4,15,/head_cmd,1510.0,1607.6657016618324,1616.1623,38.4653,212,0,1,0,31.3195,214.4754,gaze_adjust,delay,severe
M4,15,/speech_cmd,1512.0,1602.3466895973077,1616.3681,39.0522,359,0,1,0,31.3195,214.4754,comfort_prompt,delay,severe
M4,15,/event_log,1514.0,1627.672433898119,1620.4992,38.9347,343,0,1,0,31.3195,214.4754,sync_tick,delay,severe
M4,15,/system_health,1516.0,1611.056025465543,1625.3733,41.0178,181,0,1,0,31.3195,214.4754,system_ok,delay,severe
M4,16,/camera/image_raw,1616.7816,1709.002083091673,1724.8709,39.7338,143,0,1,0,31.5676,205.7278,rgb_frame,delay,severe
M4,16,/audio/stream,1608.6969,1711.3254359023583,1719.4527,43.1301,374,0,1,0,31.5676,205.7278,wav_chunk,delay,severe
M4,16,/robot_pose,1601.046,1714.502244301748,1704.0902,34.5565,222,0,1,0,31.5676,205.7278,pose_state,delay,severe
M4,16,/head_cmd,1610.0,1717.1084664305456,1715.3226,39.1002,190,0,1,0,31.5676,205.7278,gaze_adjust,delay,severe
M4,16,/speech_cmd,1612.0,1718.1067465815754,1720.8125,42.5024,300,0,1,0,31.5676,205.7278,comfort_prompt,delay,severe
M4,16,/event_log,1614.0,1697.1737732204385,1718.466,38.2364,224,0,1,0,31.5676,205.7278,sync_tick,delay,severe
M4,16,/system_health,1616.0,1707.237181561908,1725.2132,42.2351,258,0,1,0,31.5676,205.7278,system_ok,delay,severe
M4,17,/camera/image_raw,1704.8735,1794.0834608394453,1813.0127,42.1078,202,0,1,0,28.8514,209.2131,rgb_frame,delay,severe
M4,17,/audio/stream,1708.6594,1829.303717131413,1813.0415,37.3484,210,0,1,0,28.8514,209.2131,wav_chunk,delay,severe
M4,17,/robot_pose,1698.4495,1813.930783723843,1807.4188,43.0533,161,0,1,0,28.8514,209.2131,pose_state,delay,severe
M4,17,/head_cmd,1710.0,1801.8269128750612,1815.9491,38.8896,168,0,1,0,28.8514,209.2131,gaze_adjust,delay,severe
M4,17,/speech_cmd,1712.0,1806.8969969864409,1816.6774,37.7982,232,0,1,0,28.8514,209.2131,comfort_prompt,delay,severe
M4,17,/event_log,1714.0,1808.2786375326773,1821.5034,40.8327,344,0,1,0,28.8514,209.2131,sync_tick,delay,severe
M4,17,/system_health,1716.0,1810.7759429706703,1824.7323,42.178,261,0,1,0,28.8514,209.2131,system_ok,delay,severe
M4,18,/camera/image_raw,1800.8681,1918.8049144370266,1915.5934,46.4926,267,0,1,0,30.8441,209.1172,rgb_frame,delay,severe
M4,18,/audio/stream,1809.7178,1910.1694929090195,1916.8003,39.4772,245,0,1,0,30.8441,209.1172,wav_chunk,delay,severe
M4,18,/robot_pose,1796.9981,1938.3820484201644,1911.5085,47.2476,231,0,1,0,30.8441,209.1172,pose_state,delay,severe
M4,18,/head_cmd,1810.0,1931.1929375432378,1914.9175,38.6879,289,0,1,0,30.8441,209.1172,gaze_adjust,delay,severe
M4,18,/speech_cmd,1812.0,1932.579024766534,1917.3248,37.2463,178,0,1,0,30.8441,209.1172,comfort_prompt,delay,severe
M4,18,/event_log,1814.0,1929.4342976492737,1923.1555,41.0353,126,0,1,0,30.8441,209.1172,sync_tick,delay,severe
M4,18,/system_health,1816.0,1923.6821730128995,1931.4592,48.5994,264,0,1,0,30.8441,209.1172,system_ok,delay,severe
M4,19,/camera/image_raw,1904.0001,2023.9454723834142,2018.1943,46.5763,373,0,1,0,31.0971,210.4534,rgb_frame,delay,severe
M4,19,/audio/stream,1905.809,2009.0624422765986,2014.7015,43.1371,412,0,1,0,31.0971,210.4534,wav_chunk,delay,severe
M4,19,/robot_pose,1901.3694,2026.4286647101972,2007.0012,37.2354,257,0,1,0,31.0971,210.4534,pose_state,delay,severe
M4,19,/head_cmd,1910.0,2024.437011362699,2020.4263,43.7771,293,0,1,0,31.0971,210.4534,gaze_adjust,delay,severe
M4,19,/speech_cmd,1912.0,2019.1930450204422,2018.9832,38.52,282,0,1,0,31.0971,210.4534,comfort_prompt,delay,severe
M4,19,/event_log,1914.0,2024.055517274013,2022.7453,43.2765,250,0,1,0,31.0971,210.4534,sync_tick,delay,severe
M4,19,/system_health,1916.0,2046.538729983052,2024.5539,41.175,313,0,1,0,31.0971,210.4534,system_ok,delay,severe
M4,20,/camera/image_raw,1997.4387,2081.0466953262853,2102.5894,38.6806,276,0,1,0,27.4934,210.6502,rgb_frame,delay,severe
M4,20,/audio/stream,2000.3903,2136.0522295873625,2113.3475,44.9259,247,0,1,0,27.4934,210.6502,wav_chunk,delay,severe
M4,20,/robot_pose,2005.9061,2111.819046695642,2117.3196,43.5191,250,0,1,0,27.4934,210.6502,pose_state,delay,severe
M4,20,/head_cmd,2010.0,2092.5577143385813,2113.9356,37.2438,306,0,1,0,27.4934,210.6502,gaze_adjust,delay,severe
M4,20,/speech_cmd,2012.0,2106.316563756997,2118.2106,39.8475,154,0,1,0,27.4934,210.6502,comfort_prompt,delay,severe
M4,20,/event_log,2014.0,2099.23209832187,2124.106,43.3434,275,0,1,0,27.4934,210.6502,sync_tick,delay,severe
M4,20,/system_health,2016.0,2135.1260944381993,2127.1278,44.9749,253,0,1,0,27.4934,210.6502,system_ok,delay,severe
M4,21,/camera/image_raw,2098.8051,2193.2819986951486,2209.869,44.013,247,0,1,0,28.5376,210.5954,rgb_frame,delay,severe
M4,21,/audio/stream,2103.0379,2211.9599473268654,2212.0745,41.5607,290,0,1,0,28.5376,210.5954,wav_chunk,delay,severe
M4,21,/robot_pose,2106.1958,2229.206838422322,2214.7422,42.132,315,0,1,0,28.5376,210.5954,pose_state,delay,severe
M4,21,/head_cmd,2110.0,2210.145763000074,2221.9029,44.554,166,0,1,0,28.5376,210.5954,gaze_adjust,delay,severe
M4,21,/speech_cmd,2112.0,2212.6744482976587,2218.7834,39.4279,187,0,1,0,28.5376,210.5954,comfort_prompt,delay,severe
M4,21,/event_log,2114.0,2199.199167461176,2218.5188,38.4463,292,0,1,0,28.5376,210.5954,sync_tick,delay,severe
M4,21,/system_health,2116.0,2216.113700474683,2222.4341,40.5507,277,0,1,0,28.5376,210.5954,system_ok,delay,severe
M4,22,/camera/image_raw,2199.6044,2338.2187307538275,2304.3975,37.578,264,0,1,0,29.1184,206.8416,rgb_frame,delay,severe
M4,22,/audio/stream,2204.1313,2318.990164297546,2309.9605,38.9678,234,0,1,0,29.1184,206.8416,wav_chunk,delay,severe
M4,22,/robot_pose,2198.0423,2309.0976741354893,2314.3873,49.7616,222,0,1,0,29.1184,206.8416,pose_state,delay,severe
M4,22,/head_cmd,2210.0,2319.3424674934563,2330.4429,52.9061,173,0,1,0,29.1184,206.8416,gaze_adjust,delay,severe
M4,22,/speech_cmd,2212.0,2319.50453246081,2321.5734,43.1014,310,0,1,0,29.1184,206.8416,comfort_prompt,delay,severe
M4,22,/event_log,2214.0,2319.7075105307113,2319.735,38.8868,352,0,1,0,29.1184,206.8416,sync_tick,delay,severe
M4,22,/system_health,2216.0,2317.1293240999594,2325.9747,41.9963,282,0,1,0,29.1184,206.8416,system_ok,delay,severe
M4,23,/camera/image_raw,2296.8889,2412.810528740796,2407.7593,43.5008,271,0,1,0,30.1482,214.0446,rgb_frame,delay,severe
M4,23,/audio/stream,2304.8908,2397.1903351391543,2411.7377,40.6478,250,0,1,0,30.1482,214.0446,wav_chunk,delay,severe
M4,23,/robot_pose,2306.0461,2398.6122725502205,2413.8968,40.9836,276,0,1,0,30.1482,214.0446,pose_state,delay,severe
M4,23,/head_cmd,2310.0,2420.3668363987026,2418.003,40.1841,295,0,1,0,30.1482,214.0446,gaze_adjust,delay,severe
M4,23,/speech_cmd,2312.0,2401.406515450098,2418.8737,40.7675,363,0,1,0,30.1482,214.0446,comfort_prompt,delay,severe
M4,23,/event_log,2314.0,2428.7375415400757,2420.6666,39.5313,235,0,1,0,30.1482,214.0446,sync_tick,delay,severe
M4,23,/system_health,2316.0,2418.945271426443,2422.5805,38.1452,339,0,1,0,30.1482,214.0446,system_ok,delay,severe
M4,24,/camera/image_raw,2403.1108,2483.3489709379587,2510.7867,40.8289,271,0,1,0,30.0812,208.4674,rgb_frame,delay,severe
M4,24,/audio/stream,2399.14,2505.966387757853,2507.1157,40.2934,218,0,1,0,30.0812,208.4674,wav_chunk,delay,severe
M4,24,/robot_pose,2403.0956,2486.8205472557543,2511.8876,42.317,221,0,1,0,30.0812,208.4674,pose_state,delay,severe
M4,24,/head_cmd,2410.0,2522.067868135179,2513.7031,37.3608,316,0,1,0,30.0812,208.4674,gaze_adjust,delay,severe
M4,24,/speech_cmd,2412.0,2509.1182993904918,2514.2411,35.6003,331,0,1,0,30.0812,208.4674,comfort_prompt,delay,severe
M4,24,/event_log,2414.0,2542.109379031095,2518.2436,37.1942,195,0,1,0,30.0812,208.4674,sync_tick,delay,severe
M4,24,/system_health,2416.0,2538.8066798212167,2526.6857,42.8083,300,0,1,0,30.0812,208.4674,system_ok,delay,severe
M4,25,/camera/image_raw,2503.7627,2596.7384049127545,2613.2334,42.8254,258,0,1,0,29.1035,212.6117,rgb_frame,delay,severe
M4,25,/audio/stream,2500.5887,2575.86404190622,2605.4518,38.5657,266,0,1,0,29.1035,212.6117,wav_chunk,delay,severe
M4,25,/robot_pose,2497.3781,2589.910882404921,2601.9203,38.1042,167,0,1,0,29.1035,212.6117,pose_state,delay,severe
M4,25,/head_cmd,2510.0,2591.413279560375,2610.4138,33.5109,250,0,1,0,29.1035,212.6117,gaze_adjust,delay,severe
M4,25,/speech_cmd,2512.0,2638.8252332162792,2615.9855,36.2649,252,0,1,0,29.1035,212.6117,comfort_prompt,delay,severe
M4,25,/event_log,2514.0,2620.929294770078,2623.1274,42.0737,208,0,1,0,29.1035,212.6117,sync_tick,delay,severe
M4,25,/system_health,2516.0,2634.2904632585646,2622.4125,40.2226,288,0,1,0,29.1035,212.6117,system_ok,delay,severe
M4,26,/camera/image_raw,2593.44,2692.4071672242917,2698.9023,37.9576,326,0,1,0,31.1688,205.8567,rgb_frame,delay,severe
M4,26,/audio/stream,2607.3459,2717.165655164071,2721.9141,47.3351,366,0,1,0,31.1688,205.8567,wav_chunk,delay,severe
M4,26,/robot_pose,2598.3077,2702.361021684875,2705.8968,39.5101,199,0,1,0,31.1688,205.8567,pose_state,delay,severe
M4,26,/head_cmd,2610.0,2732.841050460294,2717.6762,42.3495,188,0,1,0,31.1688,205.8567,gaze_adjust,delay,severe
M4,26,/speech_cmd,2612.0,2723.8981465794445,2720.6855,42.5354,281,0,1,0,31.1688,205.8567,comfort_prompt,delay,severe
M4,26,/event_log,2614.0,2708.4918261913267,2725.0935,44.2945,197,0,1,0,31.1688,205.8567,sync_tick,delay,severe
M4,26,/system_health,2616.0,2742.4871979332097,2721.1993,38.772,249,0,1,0,31.1688,205.8567,system_ok,delay,severe
M4,27,/camera/image_raw,2700.7146,2797.7486830141916,2804.1063,36.1334,326,0,1,0,29.2087,212.896,rgb_frame,delay,severe
M4,27,/audio/stream,2697.5519,2800.998418265727,2809.2395,44.8238,289,0,1,0,29.2087,212.896,wav_chunk,delay,severe
M4,27,/robot_pose,2708.3718,2775.7418257685135,2817.1229,41.9831,292,0,1,0,29.2087,212.896,pose_state,delay,severe
M4,27,/head_cmd,2710.0,2831.6299942762585,2825.3257,47.7484,289,0,1,0,29.2087,212.896,gaze_adjust,delay,severe
M4,27,/speech_cmd,2712.0,2821.4011769552662,2821.0182,42.987,283,0,1,0,29.2087,212.896,comfort_prompt,delay,severe
M4,27,/event_log,2714.0,2816.6302591924264,2816.9594,36.2313,385,0,1,0,29.2087,212.896,sync_tick,delay,severe
M4,27,/system_health,2716.0,2814.6457546044485,2821.8932,39.2853,325,0,1,0,29.2087,212.896,system_ok,delay,severe
M4,28,/camera/image_raw,2793.3663,2893.0346502381412,2902.9705,42.7214,348,0,1,0,30.047,204.6275,rgb_frame,delay,severe
M4,28,/audio/stream,2796.4206,2894.367274024374,2902.5824,38.1207,362,0,1,0,30.047,204.6275,wav_chunk,delay,severe
M4,28,/robot_pose,2806.2453,2914.8712521957823,2910.4324,37.1417,279,0,1,0,30.047,204.6275,pose_state,delay,severe
M4,28,/head_cmd,2810.0,2921.063748822467,2914.5323,37.1161,242,0,1,0,30.047,204.6275,gaze_adjust,delay,severe
M4,28,/speech_cmd,2812.0,2913.3307577627556,2918.8044,39.5652,260,0,1,0,30.047,204.6275,comfort_prompt,delay,severe
M4,28,/event_log,2814.0,2933.4861249204346,2921.9219,41.201,222,0,1,0,30.047,204.6275,sync_tick,delay,severe
M4,28,/system_health,2816.0,2919.9654614657557,2923.2353,40.0711,229,0,1,0,30.047,204.6275,system_ok,delay,severe
M4,29,/camera/image_raw,2902.2676,3007.739530146269,3017.0137,47.5311,266,0,1,0,29.6921,206.6029,rgb_frame,delay,severe
M4,29,/audio/stream,2885.4819,2992.341118048703,2991.7506,39.0814,183,0,1,0,29.6921,206.6029,wav_chunk,delay,severe
M4,29,/robot_pose,2896.3477,2982.6512901410856,3003.1331,40.335,239,0,1,0,29.6921,206.6029,pose_state,delay,severe
M4,29,/head_cmd,2910.0,3009.0326563271096,3007.0722,30.7746,343,0,1,0,29.6921,206.6029,gaze_adjust,delay,severe
M4,29,/speech_cmd,2912.0,2999.745350522631,3024.5911,44.3359,339,0,1,0,29.6921,206.6029,comfort_prompt,delay,severe
M4,29,/event_log,2914.0,3008.3180225602273,3024.5439,43.7062,193,0,1,0,29.6921,206.6029,sync_tick,delay,severe
M4,29,/system_health,2916.0,2998.339620305967,3028.8529,45.6013,405,0,1,0,29.6921,206.6029,system_ok,delay,severe
M4,30,/camera/image_raw,2997.4443,3097.101562662599,3101.3652,37.1089,194,0,1,0,31.4697,213.7507,rgb_frame,delay,severe
M4,30,/audio/stream,3015.7832,3139.598971832327,3119.7977,36.2809,244,0,1,0,31.4697,213.7507,wav_chunk,delay,severe
M4,30,/robot_pose,2999.216,3103.9871267448602,3108.2712,41.4101,144,0,1,0,31.4697,213.7507,pose_state,delay,severe
M4,30,/head_cmd,3010.0,3130.3578953120636,3123.2685,46.3477,287,0,1,0,31.4697,213.7507,gaze_adjust,delay,severe
M4,30,/speech_cmd,3012.0,3153.6158945623733,3123.9802,43.6835,249,0,1,0,31.4697,213.7507,comfort_prompt,delay,severe
M4,30,/event_log,3014.0,3117.362881873681,3113.9518,32.7061,268,0,1,0,31.4697,213.7507,sync_tick,delay,severe
M4,30,/system_health,3016.0,3107.3506313757675,3120.3816,37.0636,234,0,1,0,31.4697,213.7507,system_ok,delay,severe
M4,31,/camera/image_raw,3090.6007,3192.5292395616984,3203.4824,45.7145,260,0,1,0,29.553,207.7048,rgb_frame,delay,severe
M4,31,/audio/stream,3105.3719,3209.3911149151218,3211.9522,39.01,336,0,1,0,29.553,207.7048,wav_chunk,delay,severe
M4,31,/robot_pose,3097.1814,3196.6848749663473,3208.2948,43.364,292,0,1,0,29.553,207.7048,pose_state,delay,severe
M4,31,/head_cmd,3110.0,3202.438382002612,3211.7507,35.2516,243,0,1,0,29.553,207.7048,gaze_adjust,delay,severe
M4,31,/speech_cmd,3112.0,3228.662654729633,3216.2175,37.8691,143,0,1,0,29.553,207.7048,comfort_prompt,delay,severe
M4,31,/event_log,3114.0,3228.752587930811,3216.3812,35.3864,251,0,1,0,29.553,207.7048,sync_tick,delay,severe
M4,31,/system_health,3116.0,3195.5438052513186,3220.8635,37.6003,229,0,1,0,29.553,207.7048,system_ok,delay,severe
M4,32,/camera/image_raw,3207.634,3300.888226749397,3313.5541,39.7086,249,0,1,0,30.2235,205.0742,rgb_frame,delay,severe
M4,32,/audio/stream,3198.707,3294.3016385832125,3303.3033,37.0907,175,0,1,0,30.2235,205.0742,wav_chunk,delay,severe
M4,32,/robot_pose,3203.4817,3316.9989452463133,3311.2696,40.13,310,0,1,0,30.2235,205.0742,pose_state,delay,severe
M4,32,/head_cmd,3210.0,3328.017658239079,3314.2288,37.0146,267,0,1,0,30.2235,205.0742,gaze_adjust,delay,severe
M4,32,/speech_cmd,3212.0,3361.0872510798345,3324.2747,46.2597,201,0,1,0,30.2235,205.0742,comfort_prompt,delay,severe
M4,32,/event_log,3214.0,3323.7696738520426,3332.2706,51.2891,142,0,1,0,30.2235,205.0742,sync_tick,delay,severe
M4,32,/system_health,3216.0,3312.9207979992116,3318.7259,37.741,270,0,1,0,30.2235,205.0742,system_ok,delay,severe
M4,33,/camera/image_raw,3305.6685,3414.177580218928,3407.9551,35.2691,210,0,1,0,31.016,204.0994,rgb_frame,delay,severe
M4,33,/audio/stream,3292.7067,3387.535565934632,3398.2756,39.3799,268,0,1,0,31.016,204.0994,wav_chunk,delay,severe
M4,33,/robot_pose,3297.6464,3400.6314339391324,3405.2442,39.9585,268,0,1,0,31.016,204.0994,pose_state,delay,severe
M4,33,/head_cmd,3310.0,3410.5716664770302,3417.4251,41.3822,285,0,1,0,31.016,204.0994,gaze_adjust,delay,severe
M4,33,/speech_cmd,3312.0,3379.5287450933415,3418.2987,39.2319,318,0,1,0,31.016,204.0994,comfort_prompt,delay,severe
M4,33,/event_log,3314.0,3418.402965222122,3419.9586,37.6777,342,0,1,0,31.016,204.0994,sync_tick,delay,severe
M4,33,/system_health,3316.0,3422.013546569761,3425.9821,43.5666,124,0,1,0,31.016,204.0994,system_ok,delay,severe
M4,34,/camera/image_raw,3407.5518,3529.0058347035965,3513.8285,38.6567,189,0,1,0,31.2909,206.5876,rgb_frame,delay,severe
M4,34,/audio/stream,3400.8911,3505.8833657055093,3508.8778,39.9154,268,0,1,0,31.2909,206.5876,wav_chunk,delay,severe
M4,34,/robot_pose,3396.274,3489.0506353036017,3509.7239,45.343,256,0,1,0,31.2909,206.5876,pose_state,delay,severe
M4,34,/head_cmd,3410.0,3502.393015778287,3507.3218,31.0064,301,0,1,0,31.2909,206.5876,gaze_adjust,delay,severe
M4,34,/speech_cmd,3412.0,3481.8771401960876,3513.091,34.1523,276,0,1,0,31.2909,206.5876,comfort_prompt,delay,severe
M4,34,/event_log,3414.0,3508.278750307205,3526.9716,46.2316,217,0,1,0,31.2909,206.5876,sync_tick,delay,severe
M4,34,/system_health,3416.0,3530.0406835541417,3523.6243,40.1436,246,0,1,0,31.2909,206.5876,system_ok,delay,severe
M4,35,/camera/image_raw,3507.3449,3612.8895338406487,3618.6714,44.0074,303,0,1,0,30.4897,207.8793,rgb_frame,delay,severe
M4,35,/audio/stream,3493.6068,3612.946915352973,3602.533,41.425,218,0,1,0,30.4897,207.8793,wav_chunk,delay,severe
M4,35,/robot_pose,3500.6008,3576.189808487707,3606.9058,38.1255,294,0,1,0,30.4897,207.8793,pose_state,delay,severe
M4,35,/head_cmd,3510.0,3608.1622404374675,3613.9014,36.5567,113,0,1,0,30.4897,207.8793,gaze_adjust,delay,severe
M4,35,/speech_cmd,3512.0,3608.695625022571,3618.3216,38.3528,248,0,1,0,30.4897,207.8793,comfort_prompt,delay,severe
M4,35,/event_log,3514.0,3633.5020801565847,3619.9071,41.1202,232,0,1,0,30.4897,207.8793,sync_tick,delay,severe
M4,35,/system_health,3516.0,3632.4203787543324,3625.5739,42.0017,313,0,1,0,30.4897,207.8793,system_ok,delay,severe
M4,36,/camera/image_raw,3598.5282,3704.768530101236,3697.1088,32.2488,346,0,1,0,29.775,205.4676,rgb_frame,delay,severe
M4,36,/audio/stream,3598.6748,3723.8124405331773,3704.6087,38.558,225,0,1,0,29.775,205.4676,wav_chunk,delay,severe
M4,36,/robot_pose,3593.3394,3685.664180469988,3693.7663,32.478,125,0,1,0,29.775,205.4676,pose_state,delay,severe
M4,36,/head_cmd,3610.0,3731.11223169421,3714.5774,37.4211,269,0,1,0,29.775,205.4676,gaze_adjust,delay,severe
M4,36,/speech_cmd,3612.0,3699.1155138876834,3714.464,36.7344,207,0,1,0,29.775,205.4676,comfort_prompt,delay,severe
M4,36,/event_log,3614.0,3700.51291150328,3717.2267,36.6452,314,0,1,0,29.775,205.4676,sync_tick,delay,severe
M4,36,/system_health,3616.0,3726.3242520009767,3718.2266,34.7858,265,0,1,0,29.775,205.4676,system_ok,delay,severe
M4,37,/camera/image_raw,3706.7232,3784.579629662277,3805.7354,33.9228,278,0,1,0,29.8106,210.2163,rgb_frame,delay,severe
M4,37,/audio/stream,3698.9349,3813.6130187978656,3808.1747,41.6593,224,0,1,0,29.8106,210.2163,wav_chunk,delay,severe
M4,37,/robot_pose,3703.9557,3816.2674847120984,3816.6812,45.8935,281,0,1,0,29.8106,210.2163,pose_state,delay,severe
M4,37,/head_cmd,3710.0,3832.319038201168,3820.8881,42.3131,236,0,1,0,29.8106,210.2163,gaze_adjust,delay,severe
M4,37,/speech_cmd,3712.0,3813.489584490632,3815.3233,37.3218,349,0,1,0,29.8106,210.2163,comfort_prompt,delay,severe
M4,37,/event_log,3714.0,3821.4048852481374,3823.1827,41.6202,443,0,1,0,29.8106,210.2163,sync_tick,delay,severe
M4,37,/system_health,3716.0,3829.364509900949,3823.3929,41.2348,244,0,1,0,29.8106,210.2163,system_ok,delay,severe
M4,38,/camera/image_raw,3793.1765,3894.846706299163,3906.5629,45.9473,242,0,1,0,29.3543,205.0988,rgb_frame,delay,severe
M4,38,/audio/stream,3796.8331,3894.554011695137,3907.0177,42.6078,272,0,1,0,29.3543,205.0988,wav_chunk,delay,severe
M4,38,/robot_pose,3797.9871,3911.946312157808,3907.6115,42.3173,296,0,1,0,29.3543,205.0988,pose_state,delay,severe
M4,38,/head_cmd,3810.0,3917.179670672171,3919.9199,42.5897,242,0,1,0,29.3543,205.0988,gaze_adjust,delay,severe
M4,38,/speech_cmd,3812.0,3916.99650515774,3924.5165,45.6989,279,0,1,0,29.3543,205.0988,comfort_prompt,delay,severe
M4,38,/event_log,3814.0,3919.073922604233,3921.9453,41.2329,207,0,1,0,29.3543,205.0988,sync_tick,delay,severe
M4,38,/system_health,3816.0,3941.485733109737,3920.9681,38.1619,168,0,1,0,29.3543,205.0988,system_ok,delay,severe
M4,39,/camera/image_raw,3895.4395,3997.1093423056413,4005.065,42.872,283,0,1,0,30.6098,201.7213,rgb_frame,delay,severe
M4,39,/audio/stream,3902.1298,4000.771825414052,4009.4259,40.2503,249,0,1,0,30.6098,201.7213,wav_chunk,delay,severe
M4,39,/robot_pose,3906.3297,3987.642580854725,4014.8224,40.2171,254,0,1,0,30.6098,201.7213,pose_state,delay,severe
M4,39,/head_cmd,3910.0,4019.0560588658004,4022.6009,44.649,296,0,1,0,30.6098,201.7213,gaze_adjust,delay,severe
M4,39,/speech_cmd,3912.0,4019.3566691573656,4013.2537,33.1603,228,0,1,0,30.6098,201.7213,comfort_prompt,delay,severe
M4,39,/event_log,3914.0,4033.876473619532,4023.5917,43.1697,184,0,1,0,30.6098,201.7213,sync_tick,delay,severe
M4,39,/system_health,3916.0,4030.727446422827,4030.6468,48.2124,324,0,1,0,30.6098,201.7213,system_ok,delay,severe
M4,40,/camera/image_raw,4000.8289,4114.382470023133,4102.8844,35.1718,311,0,1,0,28.5688,208.9615,rgb_frame,delay,severe
M4,40,/audio/stream,3996.639,4112.395825626324,4103.1729,40.5196,307,0,1,0,28.5688,208.9615,wav_chunk,delay,severe
M4,40,/robot_pose,3999.7759,4119.8315032156925,4106.0165,39.4744,300,0,1,0,28.5688,208.9615,pose_state,delay,severe
M4,40,/head_cmd,4010.0,4127.6142371766855,4115.1014,38.834,366,0,1,0,28.5688,208.9615,gaze_adjust,delay,severe
M4,40,/speech_cmd,4012.0,4138.413294745502,4118.568499999999,39.4336,231,0,1,0,28.5688,208.9615,comfort_prompt,delay,severe
M4,40,/event_log,4014.0,4120.846995668073,4125.0027,44.2227,163,0,1,0,28.5688,208.9615,sync_tick,delay,severe
M4,40,/system_health,4016.0,4099.2092874069385,4121.0495,36.7881,305,0,1,0,28.5688,208.9615,system_ok,delay,severe
M4,41,/camera/image_raw,4098.2149,4214.356762411596,4206.5992,41.8498,256,0,1,0,29.7068,208.5355,rgb_frame,delay,severe
M4,41,/audio/stream,4110.986,4228.680344650518,4218.6031,41.7666,244,0,1,0,29.7068,208.5355,wav_chunk,delay,severe
M4,41,/robot_pose,4103.7397,4230.039935507336,4211.0825,39.3203,145,0,1,0,29.7068,208.5355,pose_state,delay,severe
M4,41,/head_cmd,4110.0,4231.9445649863765,4215.8211,39.0065,313,0,1,0,29.7068,208.5355,gaze_adjust,delay,severe
M4,41,/speech_cmd,4112.0,4244.595014382104,4220.9952,40.3584,295,0,1,0,29.7068,208.5355,comfort_prompt,delay,severe
M4,41,/event_log,4114.0,4226.569555724572,4220.2834,38.8916,234,0,1,0,29.7068,208.5355,sync_tick,delay,severe
M4,41,/system_health,4116.0,4228.173448287141,4226.1044,43.9701,206,0,1,0,29.7068,208.5355,system_ok,delay,severe
M4,42,/camera/image_raw,4203.1898,4282.76243630144,4301.9509,33.9624,164,0,1,0,31.5119,208.6076,rgb_frame,delay,severe
M4,42,/audio/stream,4209.8061,4320.538451483197,4318.3724,41.4191,293,0,1,0,31.5119,208.6076,wav_chunk,delay,severe
M4,42,/robot_pose,4188.9902,4285.555053003802,4294.6037,39.3,231,0,1,0,31.5119,208.6076,pose_state,delay,severe
M4,42,/head_cmd,4210.0,4319.593440188055,4319.017,41.6323,208,0,1,0,31.5119,208.6076,gaze_adjust,delay,severe
M4,42,/speech_cmd,4212.0,4322.866884608335,4323.8066,45.1037,203,0,1,0,31.5119,208.6076,comfort_prompt,delay,severe
M4,42,/event_log,4214.0,4324.932570243902,4321.3882,39.3283,248,0,1,0,31.5119,208.6076,sync_tick,delay,severe
M4,42,/system_health,4216.0,4318.357270066461,4322.6607,38.7199,384,0,1,0,31.5119,208.6076,system_ok,delay,severe
M4,43,/camera/image_raw,4301.4678,4414.436282670255,4403.382,34.8782,218,0,1,0,29.3338,209.0746,rgb_frame,delay,severe
M4,43,/audio/stream,4309.8707,4375.143439619749,4414.8676,38.3968,238,0,1,0,29.3338,209.0746,wav_chunk,delay,severe
M4,43,/robot_pose,4305.1804,4414.9776100522095,4414.4221,42.1373,144,0,1,0,29.3338,209.0746,pose_state,delay,severe
M4,43,/head_cmd,4310.0,4428.8587569081365,4413.0084,37.0239,270,0,1,0,29.3338,209.0746,gaze_adjust,delay,severe
M4,43,/speech_cmd,4312.0,4445.202279118387,4421.4269,42.0216,208,0,1,0,29.3338,209.0746,comfort_prompt,delay,severe
M4,43,/event_log,4314.0,4430.2432587373905,4421.8197,40.9958,187,0,1,0,29.3338,209.0746,sync_tick,delay,severe
M4,43,/system_health,4316.0,4447.564462316155,4426.8305,42.9761,312,0,1,0,29.3338,209.0746,system_ok,delay,severe
M4,44,/camera/image_raw,4395.7416,4502.853903940622,4500.7519,39.7473,237,0,1,0,30.7189,207.5694,rgb_frame,delay,severe
M4,44,/audio/stream,4409.4349,4515.482576062979,4517.3144,41.0076,361,0,1,0,30.7189,207.5694,wav_chunk,delay,severe
M4,44,/robot_pose,4397.5321,4505.937219005189,4500.2746,35.9933,201,0,1,0,30.7189,207.5694,pose_state,delay,severe
M4,44,/head_cmd,4410.0,4513.343380039525,4516.4132,38.3881,344,0,1,0,30.7189,207.5694,gaze_adjust,delay,severe
M4,44,/speech_cmd,4412.0,4503.886995447757,4516.4616,37.84,186,0,1,0,30.7189,207.5694,comfort_prompt,delay,severe
M4,44,/event_log,4414.0,4517.654936582154,4527.9651,45.8683,249,0,1,0,30.7189,207.5694,sync_tick,delay,severe
M4,44,/system_health,4416.0,4500.488659314934,4517.2135,35.0588,266,0,1,0,30.7189,207.5694,system_ok,delay,severe
M4,45,/camera/image_raw,4503.8454,4623.646179328113,4618.9681,47.4035,190,0,1,0,31.7801,208.391,rgb_frame,delay,severe
M4,45,/audio/stream,4483.4708,4588.904585375007,4590.8421,40.2743,198,0,1,0,31.7801,208.391,wav_chunk,delay,severe
M4,45,/robot_pose,4498.3935,4595.914894365386,4604.3643,37.5655,197,0,1,0,31.7801,208.391,pose_state,delay,severe
M4,45,/head_cmd,4510.0,4612.825127404279,4622.6095,45.7587,254,0,1,0,31.7801,208.391,gaze_adjust,delay,severe
M4,45,/speech_cmd,4512.0,4627.763088846795,4622.4135,43.6923,290,0,1,0,31.7801,208.391,comfort_prompt,delay,severe
M4,45,/event_log,4514.0,4623.185474528542,4614.811,33.2592,107,0,1,0,31.7801,208.391,sync_tick,delay,severe
M4,45,/system_health,4516.0,4605.710404048927,4624.421,40.5376,293,0,1,0,31.7801,208.391,system_ok,delay,severe
M4,46,/camera/image_raw,4590.9111,4677.540314623141,4698.0171,39.6568,239,0,1,0,30.2048,203.3106,rgb_frame,delay,severe
M4,46,/audio/stream,4590.6427,4710.816739378694,4699.8326,41.811,223,0,1,0,30.2048,203.3106,wav_chunk,delay,severe
M4,46,/robot_pose,4596.5566,4674.269734661159,4695.8283,31.9649,198,0,1,0,30.2048,203.3106,pose_state,delay,severe
M4,46,/head_cmd,4610.0,4720.061115673515,4714.9796,37.3963,341,0,1,0,30.2048,203.3106,gaze_adjust,delay,severe
M4,46,/speech_cmd,4612.0,4739.194128782556,4719.2007,39.5574,169,0,1,0,30.2048,203.3106,comfort_prompt,delay,severe
M4,46,/event_log,4614.0,4742.361087247504,4721.8438,40.6918,329,0,1,0,30.2048,203.3106,sync_tick,delay,severe
M4,46,/system_health,4616.0,4728.87801626885,4720.5545,37.5478,319,0,1,0,30.2048,203.3106,system_ok,delay,severe
M4,47,/camera/image_raw,4699.3558,4817.261333214509,4809.7521,42.9822,244,0,1,0,28.8135,208.8188,rgb_frame,delay,severe
M4,47,/audio/stream,4691.1293,4828.512404302751,4798.9977,40.8564,189,0,1,0,28.8135,208.8188,wav_chunk,delay,severe
M4,47,/robot_pose,4712.7582,4795.272960719487,4829.9785,50.1963,291,0,1,0,28.8135,208.8188,pose_state,delay,severe
M4,47,/head_cmd,4710.0,4808.756200534872,4817.173,40.2569,228,0,1,0,28.8135,208.8188,gaze_adjust,delay,severe
M4,47,/speech_cmd,4712.0,4824.274985887072,4814.4676,35.3961,231,0,1,0,28.8135,208.8188,comfort_prompt,delay,severe
M4,47,/event_log,4714.0,4820.559581890213,4826.5242,46.2816,221,0,1,0,28.8135,208.8188,sync_tick,delay,severe
M4,47,/system_health,4716.0,4836.358596320499,4822.3557,38.0017,203,0,1,0,28.8135,208.8188,system_ok,delay,severe
M4,48,/camera/image_raw,4803.9361,4911.843243155657,4913.5857,43.4581,279,0,1,0,28.4855,205.1804,rgb_frame,delay,severe
M4,48,/audio/stream,4807.7613,4915.082114044726,4915.7394,40.4764,284,0,1,0,28.4855,205.1804,wav_chunk,delay,severe
M4,48,/robot_pose,4799.2694,4896.7082547005575,4901.9733,36.2843,298,0,1,0,28.4855,205.1804,pose_state,delay,severe
M4,48,/head_cmd,4810.0,4905.186546576687,4912.5015,37.5017,294,0,1,0,28.4855,205.1804,gaze_adjust,delay,severe
M4,48,/speech_cmd,4812.0,4905.214460515933,4915.4477,35.874,339,0,1,0,28.4855,205.1804,comfort_prompt,delay,severe
M4,48,/event_log,4814.0,4922.882428155715,4922.0827,40.0861,265,0,1,0,28.4855,205.1804,sync_tick,delay,severe
M4,48,/system_health,4816.0,4916.52479047848,4928.7191,46.3687,255,0,1,0,28.4855,205.1804,system_ok,delay,severe
M4,49,/camera/image_raw,4904.7121,5031.419868368878,5020.5007,48.3629,289,0,1,0,29.5248,214.7942,rgb_frame,delay,severe
M4,49,/audio/stream,4898.4767,5017.262662944439,5009.3678,44.6408,177,0,1,0,29.5248,214.7942,wav_chunk,delay,severe
M4,49,/robot_pose,4905.7611,5031.052730173577,5018.0801,44.8998,242,0,1,0,29.5248,214.7942,pose_state,delay,severe
M4,49,/head_cmd,4910.0,4999.113659016098,5015.2098,39.9186,244,0,1,0,29.5248,214.7942,gaze_adjust,delay,severe
M4,49,/speech_cmd,4912.0,4990.06922834499,5016.7964,36.8619,315,0,1,0,29.5248,214.7942,comfort_prompt,delay,severe
M4,49,/event_log,4914.0,5021.1221994211555,5023.6972,42.1808,166,0,1,0,29.5248,214.7942,sync_tick,delay,severe
M4,49,/system_health,4916.0,5063.819908589834,5025.9402,42.2367,330,0,1,0,29.5248,214.7942,system_ok,delay,severe
M4,50,/camera/image_raw,5014.8275,5140.012122893324,5124.298,42.4578,317,0,1,0,29.1835,209.483,rgb_frame,delay,severe
M4,50,/audio/stream,4986.4595,5081.695751680905,5090.8251,37.9985,194,0,1,0,29.1835,209.483,wav_chunk,delay,severe
M4,50,/robot_pose,4998.0576,5109.963669882039,5105.2376,40.9628,253,0,1,0,29.1835,209.483,pose_state,delay,severe
M4,50,/head_cmd,5010.0,5126.9284167042115,5118.313,41.7422,308,0,1,0,29.1835,209.483,gaze_adjust,delay,severe
M4,50,/speech_cmd,5012.0,5100.00876462974,5122.2163,42.1662,244,0,1,0,29.1835,209.483,comfort_prompt,delay,severe
M4,50,/event_log,5014.0,5140.482162166484,5123.0571,42.3074,255,0,1,0,29.1835,209.483,sync_tick,delay,severe
M4,50,/system_health,5016.0,5123.909162224507,5128.124,45.2531,287,0,1,0,29.1835,209.483,system_ok,delay,severe
M4,51,/camera/image_raw,5094.3108,5204.53646817549,5207.0827,46.4952,167,0,1,0,30.9368,209.1707,rgb_frame,delay,severe
M4,51,/audio/stream,5106.0724,5209.351885232074,5210.1112,37.9465,173,0,1,0,30.9368,209.1707,wav_chunk,delay,severe
M4,51,/robot_pose,5097.1005,5221.021661950311,5207.1947,42.8976,227,0,1,0,30.9368,209.1707,pose_state,delay,severe
M4,51,/head_cmd,5110.0,5203.290949785181,5215.5858,38.8635,355,0,1,0,30.9368,209.1707,gaze_adjust,delay,severe
M4,51,/speech_cmd,5112.0,5190.571819933018,5215.6117,37.4694,303,0,1,0,30.9368,209.1707,comfort_prompt,delay,severe
M4,51,/event_log,5114.0,5223.069774100601,5222.3794,39.5484,224,0,1,0,30.9368,209.1707,sync_tick,delay,severe
M4,51,/system_health,5116.0,5196.184086793576,5227.8611,43.7953,224,0,1,0,30.9368,209.1707,system_ok,delay,severe
M4,52,/camera/image_raw,5194.7996,5285.774149668102,5292.6659,30.19,240,0,1,0,28.4483,205.8404,rgb_frame,delay,severe
M4,52,/audio/stream,5205.9309,5327.234340058023,5311.4649,39.6872,190,0,1,0,28.4483,205.8404,wav_chunk,delay,severe
M4,52,/robot_pose,5202.8745,5314.405714649122,5307.9605,38.4239,263,0,1,0,28.4483,205.8404,pose_state,delay,severe
M4,52,/head_cmd,5210.0,5332.262584920154,5321.6853,42.6696,254,0,1,0,28.4483,205.8404,gaze_adjust,delay,severe
M4,52,/speech_cmd,5212.0,5330.48231911284,5323.3334,44.7974,155,0,1,0,28.4483,205.8404,comfort_prompt,delay,severe
M4,52,/event_log,5214.0,5351.671282842967,5318.8484,38.9266,256,0,1,0,28.4483,205.8404,sync_tick,delay,severe
M4,52,/system_health,5216.0,5309.978545212804,5318.8505,37.2139,360,0,1,0,28.4483,205.8404,system_ok,delay,severe
M4,53,/camera/image_raw,5296.2371,5404.988343478117,5401.1818,38.1774,276,0,1,0,29.1985,212.0525,rgb_frame,delay,severe
M4,53,/audio/stream,5286.899,5389.249213403023,5398.1977,43.4839,250,0,1,0,29.1985,212.0525,wav_chunk,delay,severe
M4,53,/robot_pose,5304.4909,5426.111517778808,5415.5128,43.2255,268,0,1,0,29.1985,212.0525,pose_state,delay,severe
M4,53,/head_cmd,5310.0,5414.678351735293,5416.5841,40.5404,291,0,1,0,29.1985,212.0525,gaze_adjust,delay,severe
M4,53,/speech_cmd,5312.0,5442.343528312217,5420.1488,41.2797,332,0,1,0,29.1985,212.0525,comfort_prompt,delay,severe
M4,53,/event_log,5314.0,5406.968276624372,5417.9149,35.3997,254,0,1,0,29.1985,212.0525,sync_tick,delay,severe
M4,53,/system_health,5316.0,5443.080871360037,5425.2651,42.3811,155,0,1,0,29.1985,212.0525,system_ok,delay,severe
M4,54,/camera/image_raw,5399.0227,5505.683053427616,5501.2207,33.3564,190,0,1,0,29.7822,202.8609,rgb_frame,delay,severe
M4,54,/audio/stream,5402.678,5512.454745032783,5514.3619,45.2312,245,0,1,0,29.7822,202.8609,wav_chunk,delay,severe
M4,54,/robot_pose,5403.3811,5517.999192730039,5511.9488,42.0238,351,0,1,0,29.7822,202.8609,pose_state,delay,severe
M4,54,/head_cmd,5410.0,5518.483601425409,5517.3946,39.8259,239,0,1,0,29.7822,202.8609,gaze_adjust,delay,severe
M4,54,/speech_cmd,5412.0,5524.141265523525,5522.6209,42.1579,248,0,1,0,29.7822,202.8609,comfort_prompt,delay,severe
M4,54,/event_log,5414.0,5522.545704976678,5527.1526,46.4419,301,0,1,0,29.7822,202.8609,sync_tick,delay,severe
M4,54,/system_health,5416.0,5512.657260894231,5523.8246,41.4795,268,0,1,0,29.7822,202.8609,system_ok,delay,severe
M4,55,/camera/image_raw,5500.0516,5600.120104320525,5606.9391,39.7596,233,0,1,0,30.1609,208.7968,rgb_frame,delay,severe
M4,55,/audio/stream,5493.1745,5575.203670308725,5600.4525,40.5932,415,0,1,0,30.1609,208.7968,wav_chunk,delay,severe
M4,55,/robot_pose,5501.79,5612.973776655456,5602.9188,34.3965,225,0,1,0,30.1609,208.7968,pose_state,delay,severe
M4,55,/head_cmd,5510.0,5605.903504389544,5624.3397,48.1958,281,0,1,0,30.1609,208.7968,gaze_adjust,delay,severe
M4,55,/speech_cmd,5512.0,5614.9803412267,5620.4943,41.0274,330,0,1,0,30.1609,208.7968,comfort_prompt,delay,severe
M4,55,/event_log,5514.0,5632.969830580735,5625.7364,44.8972,267,0,1,0,30.1609,208.7968,sync_tick,delay,severe
M4,55,/system_health,5516.0,5625.329054039399,5615.8567,32.5775,208,0,1,0,30.1609,208.7968,system_ok,delay,severe
M4,56,/camera/image_raw,5598.6953,5674.805072884279,5701.1705,35.9549,325,0,1,0,28.1338,209.4152,rgb_frame,delay,severe
M4,56,/audio/stream,5586.517,5693.443726946849,5697.8489,43.2126,349,0,1,0,28.1338,209.4152,wav_chunk,delay,severe
M4,56,/robot_pose,5602.0244,5711.230325792283,5708.1931,37.7695,168,0,1,0,28.1338,209.4152,pose_state,delay,severe
M4,56,/head_cmd,5610.0,5719.573525529672,5720.6506,43.8453,200,0,1,0,28.1338,209.4152,gaze_adjust,delay,severe
M4,56,/speech_cmd,5612.0,5739.135849407429,5723.2747,43.3188,310,0,1,0,28.1338,209.4152,comfort_prompt,delay,severe
M4,56,/event_log,5614.0,5709.215003401196,5723.0259,41.7203,287,0,1,0,28.1338,209.4152,sync_tick,delay,severe
M4,56,/system_health,5616.0,5694.389324177337,5725.709,42.0759,268,0,1,0,28.1338,209.4152,system_ok,delay,severe
M4,57,/camera/image_raw,5705.8995,5830.081864234759,5820.558,47.8378,263,0,1,0,28.4778,209.7748,rgb_frame,delay,severe
M4,57,/audio/stream,5686.9823,5788.759094325341,5796.8242,44.296,224,0,1,0,28.4778,209.7748,wav_chunk,delay,severe
M4,57,/robot_pose,5699.3436,5782.452231633796,5806.9542,42.7281,197,0,1,0,28.4778,209.7748,pose_state,delay,severe
M4,57,/head_cmd,5710.0,5818.454326532069,5823.6759,45.6735,278,0,1,0,28.4778,209.7748,gaze_adjust,delay,severe
M4,57,/speech_cmd,5712.0,5839.026611663044,5824.1709,44.7988,289,0,1,0,28.4778,209.7748,comfort_prompt,delay,severe
M4,57,/event_log,5714.0,5801.321863350623,5821.3001,40.0074,218,0,1,0,28.4778,209.7748,sync_tick,delay,severe
M4,57,/system_health,5716.0,5860.027943355261,5830.7412,46.324,338,0,1,0,28.4778,209.7748,system_ok,delay,severe
M4,58,/camera/image_raw,5797.1432,5888.560157676487,5902.831,38.1473,190,0,1,0,30.5983,209.92,rgb_frame,delay,severe
M4,58,/audio/stream,5792.3698,5901.806051957761,5903.891,43.2181,353,0,1,0,30.5983,209.92,wav_chunk,delay,severe
M4,58,/robot_pose,5806.3849,5897.8329461501335,5915.9952,43.5159,267,0,1,0,30.5983,209.92,pose_state,delay,severe
M4,58,/head_cmd,5810.0,5924.823044881744,5925.7456,49.2405,252,0,1,0,30.5983,209.92,gaze_adjust,delay,severe
M4,58,/speech_cmd,5812.0,5921.463430495379,5926.0296,46.3359,404,0,1,0,30.5983,209.92,comfort_prompt,delay,severe
M4,58,/event_log,5814.0,5895.897385367364,5918.1585,37.7503,329,0,1,0,30.5983,209.92,sync_tick,delay,severe
M4,58,/system_health,5816.0,5956.459877565312,5918.9409,35.8983,252,0,1,0,30.5983,209.92,system_ok,delay,severe
M4,59,/camera/image_raw,5907.2519,6021.0164796337385,6030.7042,55.6993,261,0,1,0,29.5573,212.402,rgb_frame,delay,severe
M4,59,/audio/stream,5904.9141,5997.396224197715,6006.0087,34.4045,243,0,1,0,29.5573,212.402,wav_chunk,delay,severe
M4,59,/robot_pose,5902.2853,6018.309402310952,6006.9301,37.4576,362,0,1,0,29.5573,212.402,pose_state,delay,severe
M4,59,/head_cmd,5910.0,6044.9842683668785,6021.6576,44.5847,183,0,1,0,29.5573,212.402,gaze_adjust,delay,severe
M4,59,/speech_cmd,5912.0,6037.71561615206,6024.1062,44.9455,152,0,1,0,29.5573,212.402,comfort_prompt,delay,severe
M4,59,/event_log,5914.0,6004.629178277628,6024.4663,42.4457,110,0,1,0,29.5573,212.402,sync_tick,delay,severe
M4,59,/system_health,5916.0,6020.292526132926,6019.4094,36.2978,300,0,1,0,29.5573,212.402,system_ok,delay,severe
M4,60,/camera/image_raw,5996.3898,6070.83968524661,6098.297,35.7891,301,0,1,0,29.4848,210.5178,rgb_frame,delay,severe
M4,60,/audio/stream,5993.3429,6112.211971138513,6102.5261,41.2452,224,0,1,0,29.4848,210.5178,wav_chunk,delay,severe
M4,60,/robot_pose,6003.6358,6082.797966060573,6108.9792,37.0547,164,0,1,0,29.4848,210.5178,pose_state,delay,severe
M4,60,/head_cmd,6010.0,6108.996181469471,6123.4974,45.241,307,0,1,0,29.4848,210.5178,gaze_adjust,delay,severe
M4,60,/speech_cmd,6012.0,6114.439078943562,6116.0307,37.4839,243,0,1,0,29.4848,210.5178,comfort_prompt,delay,severe
M4,60,/event_log,6014.0,6120.285091855974,6115.4856,35.055,294,0,1,0,29.4848,210.5178,sync_tick,delay,severe
M4,60,/system_health,6016.0,6120.179515272465,6125.1929,42.8326,296,0,1,0,29.4848,210.5178,system_ok,delay,severe
M4,61,/camera/image_raw,6103.1801,6233.47497147426,6213.3782,44.0277,248,0,1,0,31.1644,210.3358,rgb_frame,delay,severe
M4,61,/audio/stream,6112.0791,6227.1565541506925,6219.0362,39.9521,282,0,1,0,31.1644,210.3358,wav_chunk,delay,severe
M4,61,/robot_pose,6102.8457,6219.5173465569,6213.005,42.6455,245,0,1,0,31.1644,210.3358,pose_state,delay,severe
M4,61,/head_cmd,6110.0,6194.953487372215,6215.2428,37.1651,276,0,1,0,31.1644,210.3358,gaze_adjust,delay,severe
M4,61,/speech_cmd,6112.0,6236.824750565635,6215.0786,36.0336,151,0,1,0,31.1644,210.3358,comfort_prompt,delay,severe
M4,61,/event_log,6114.0,6208.0065879801,6221.2908,40.2495,221,0,1,0,31.1644,210.3358,sync_tick,delay,severe
M4,61,/system_health,6116.0,6251.771994061819,6228.7215,46.4464,298,0,1,0,31.1644,210.3358,system_ok,delay,severe
M4,62,/camera/image_raw,6215.307,6347.827230796957,6321.1669,39.2096,212,0,1,0,28.7525,205.1862,rgb_frame,delay,severe
M4,62,/audio/stream,6208.6181,6320.345791453093,6315.2868,39.5505,285,0,1,0,28.7525,205.1862,wav_chunk,delay,severe
M4,62,/robot_pose,6199.8423,6315.195083367512,6302.4011,35.9046,246,0,1,0,28.7525,205.1862,pose_state,delay,severe
M4,62,/head_cmd,6210.0,6271.912923317204,6318.743,40.0738,269,0,1,0,28.7525,205.1862,gaze_adjust,delay,severe
M4,62,/speech_cmd,6212.0,6308.6713661831345,6313.9359,34.4014,288,0,1,0,28.7525,205.1862,comfort_prompt,delay,severe
M4,62,/event_log,6214.0,6334.785518958874,6320.5845,40.3552,361,0,1,0,28.7525,205.1862,sync_tick,delay,severe
M4,62,/system_health,6216.0,6330.519343756398,6320.3048,36.5762,268,0,1,0,28.7525,205.1862,system_ok,delay,severe
M4,63,/camera/image_raw,6304.2057,6389.906773266602,6409.3137,37.7772,178,0,1,0,29.3855,212.0968,rgb_frame,delay,severe
M4,63,/audio/stream,6313.6549,6410.71119144185,6417.0644,36.1685,278,0,1,0,29.3855,212.0968,wav_chunk,delay,severe
M4,63,/robot_pose,6302.8082,6365.791082927183,6403.8981,33.492,206,0,1,0,29.3855,212.0968,pose_state,delay,severe
M4,63,/head_cmd,6310.0,6426.202299762418,6422.3388,45.4204,188,0,1,0,29.3855,212.0968,gaze_adjust,delay,severe
M4,63,/speech_cmd,6312.0,6391.238202382825,6419.0718,40.6048,332,0,1,0,29.3855,212.0968,comfort_prompt,delay,severe
M4,63,/event_log,6314.0,6435.1303897990265,6421.3824,40.3037,291,0,1,0,29.3855,212.0968,sync_tick,delay,severe
M4,63,/system_health,6316.0,6433.839948050044,6418.4505,36.2818,280,0,1,0,29.3855,212.0968,system_ok,delay,severe
M4,64,/camera/image_raw,6392.3023,6488.742664598309,6496.8608,38.0815,362,0,1,0,30.5776,205.4893,rgb_frame,delay,severe
M4,64,/audio/stream,6391.1999,6507.6798630263565,6502.2453,44.1821,290,0,1,0,30.5776,205.4893,wav_chunk,delay,severe
M4,64,/robot_pose,6404.1838,6501.277717863153,6505.979,35.1333,262,0,1,0,30.5776,205.4893,pose_state,delay,severe
M4,64,/head_cmd,6410.0,6520.753717530209,6519.489,42.367,270,0,1,0,30.5776,205.4893,gaze_adjust,delay,severe
M4,64,/speech_cmd,6412.0,6501.809768074596,6519.9405,40.8714,238,0,1,0,30.5776,205.4893,comfort_prompt,delay,severe
M4,64,/event_log,6414.0,6526.567896725359,6520.2386,38.853,280,0,1,0,30.5776,205.4893,sync_tick,delay,severe
M4,64,/system_health,6416.0,6499.374906776858,6523.6086,41.3515,196,0,1,0,30.5776,205.4893,system_ok,delay,severe
M4,65,/camera/image_raw,6502.7922,6577.947177727388,6606.8134,35.7741,267,0,1,0,29.5472,209.6282,rgb_frame,delay,severe
M4,65,/audio/stream,6511.7734,6612.709903566662,6616.4835,37.6435,224,0,1,0,29.5472,209.6282,wav_chunk,delay,severe
M4,65,/robot_pose,6500.7621,6608.372694085442,6613.3683,45.568,265,0,1,0,29.5472,209.6282,pose_state,delay,severe
M4,65,/head_cmd,6510.0,6621.428524227724,6619.2236,42.6163,267,0,1,0,29.5472,209.6282,gaze_adjust,delay,severe
M4,65,/speech_cmd,6512.0,6609.325995136692,6619.3758,41.4191,271,0,1,0,29.5472,209.6282,comfort_prompt,delay,severe
M4,65,/event_log,6514.0,6645.537983320998,6621.4423,40.1383,258,0,1,0,29.5472,209.6282,sync_tick,delay,severe
M4,65,/system_health,6516.0,6624.606469851313,6625.6279,41.358,185,0,1,0,29.5472,209.6282,system_ok,delay,severe
M4,66,/camera/image_raw,6597.6049,6708.249144899227,6708.0936,42.3839,237,0,1,0,30.5053,216.71,rgb_frame,delay,severe
M4,66,/audio/stream,6605.3329,6709.049974283698,6708.2372,35.9557,298,0,1,0,30.5053,216.71,wav_chunk,delay,severe
M4,66,/robot_pose,6602.4046,6723.0000381652735,6711.4819,41.5547,243,0,1,0,30.5053,216.71,pose_state,delay,severe
M4,66,/head_cmd,6610.0,6721.496443802783,6715.4883,38.4322,299,0,1,0,30.5053,216.71,gaze_adjust,delay,severe
M4,66,/speech_cmd,6612.0,6726.478550595915,6721.6853,43.2903,301,0,1,0,30.5053,216.71,comfort_prompt,delay,severe
M4,66,/event_log,6614.0,6726.628277468118,6718.8996,37.3245,244,0,1,0,30.5053,216.71,sync_tick,delay,severe
M4,66,/system_health,6616.0,6701.645895081339,6729.0561,46.1905,266,0,1,0,30.5053,216.71,system_ok,delay,severe
M4,67,/camera/image_raw,6704.2462,6782.819932891799,6810.9254,38.5896,220,0,1,0,29.7068,207.5613,rgb_frame,delay,severe
M4,67,/audio/stream,6693.0083,6799.55767756578,6803.0742,42.6142,172,0,1,0,29.7068,207.5613,wav_chunk,delay,severe
M4,67,/robot_pose,6699.6357,6804.293465642454,6808.1301,42.4252,293,0,1,0,29.7068,207.5613,pose_state,delay,severe
M4,67,/head_cmd,6710.0,6821.437137816675,6815.5265,38.3198,178,0,1,0,29.7068,207.5613,gaze_adjust,delay,severe
M4,67,/speech_cmd,6712.0,6818.118336630569,6820.7796,40.8381,207,0,1,0,29.7068,207.5613,comfort_prompt,delay,severe
M4,67,/event_log,6714.0,6825.0660090823585,6819.4836,37.9199,284,0,1,0,29.7068,207.5613,sync_tick,delay,severe
M4,67,/system_health,6716.0,6794.1734662261415,6815.4241,30.6118,287,0,1,0,29.7068,207.5613,system_ok,delay,severe
M4,68,/camera/image_raw,6804.8784,6912.602376014279,6914.7777,42.8744,270,0,1,0,30.7422,207.4175,rgb_frame,delay,severe
M4,68,/audio/stream,6798.8517,6882.6755056685915,6904.3418,37.5986,184,0,1,0,30.7422,207.4175,wav_chunk,delay,severe
M4,68,/robot_pose,6790.7232,6910.8201110812,6909.3945,49.6809,353,0,1,0,30.7422,207.4175,pose_state,delay,severe
M4,68,/head_cmd,6810.0,6894.504509406914,6922.9329,45.8005,325,0,1,0,30.7422,207.4175,gaze_adjust,delay,severe
M4,68,/speech_cmd,6812.0,6922.190241379572,6918.2711,40.3139,346,0,1,0,30.7422,207.4175,comfort_prompt,delay,severe
M4,68,/event_log,6814.0,6903.64790866744,6926.3889,45.2139,182,0,1,0,30.7422,207.4175,sync_tick,delay,severe
M4,68,/system_health,6816.0,6913.984410894895,6920.0969,38.3538,312,0,1,0,30.7422,207.4175,system_ok,delay,severe
M4,69,/camera/image_raw,6888.7768,7005.59278768029,6995.9343,39.2869,179,0,1,0,28.4306,209.6674,rgb_frame,delay,severe
M4,69,/audio/stream,6902.2946,7008.070819840377,7005.1774,37.5929,124,0,1,0,28.4306,209.6674,wav_chunk,delay,severe
M4,69,/robot_pose,6895.7815,6985.55715686786,7012.4633,47.8149,261,0,1,0,28.4306,209.6674,pose_state,delay,severe
M4,69,/head_cmd,6910.0,7002.913286174284,7014.2881,37.3268,308,0,1,0,28.4306,209.6674,gaze_adjust,delay,severe
M4,69,/speech_cmd,6912.0,6994.5453006433245,7017.9547,38.5646,255,0,1,0,28.4306,209.6674,comfort_prompt,delay,severe
M4,69,/event_log,6914.0,6993.6202810055265,7019.1259,38.3469,273,0,1,0,28.4306,209.6674,sync_tick,delay,severe
M4,69,/system_health,6916.0,7019.361884465876,7020.276,36.7146,227,0,1,0,28.4306,209.6674,system_ok,delay,severe
M4,70,/camera/image_raw,7000.8916,7112.283776809842,7106.6618,38.5481,371,0,1,0,31.0118,203.9823,rgb_frame,delay,severe
M4,70,/audio/stream,7011.0717,7114.82988289002,7110.7844,32.5897,343,0,1,0,31.0118,203.9823,wav_chunk,delay,severe
M4,70,/robot_pose,6999.159,7109.885275408317,7103.4782,37.2894,275,0,1,0,31.0118,203.9823,pose_state,delay,severe
M4,70,/head_cmd,7010.0,7116.000848087599,7119.6202,41.1676,282,0,1,0,31.0118,203.9823,gaze_adjust,delay,severe
M4,70,/speech_cmd,7012.0,7118.913136937501,7124.6526,45.7406,211,0,1,0,31.0118,203.9823,comfort_prompt,delay,severe
M4,70,/event_log,7014.0,7103.503629421128,7119.7993,39.5266,285,0,1,0,31.0118,203.9823,sync_tick,delay,severe
M4,70,/system_health,7016.0,7113.724884595494,7121.5486,38.886,285,0,1,0,31.0118,203.9823,system_ok,delay,severe
M4,71,/camera/image_raw,7091.994,7181.723122605434,7202.5657,43.228,300,0,1,0,31.275,207.9003,rgb_frame,delay,severe
M4,71,/audio/stream,7106.164,7200.4718826202225,7213.1735,41.1402,316,0,1,0,31.275,207.9003,wav_chunk,delay,severe
M4,71,/robot_pose,7097.6083,7204.202976186132,7205.7896,40.3497,297,0,1,0,31.275,207.9003,pose_state,delay,severe
M4,71,/head_cmd,7110.0,7210.957914774427,7214.0754,37.6072,295,0,1,0,31.275,207.9003,gaze_adjust,delay,severe
M4,71,/speech_cmd,7112.0,7259.393592530527,7219.4366,39.4874,245,0,1,0,31.275,207.9003,comfort_prompt,delay,severe
M4,71,/event_log,7114.0,7204.95286163493,7226.3327,44.794,273,0,1,0,31.275,207.9003,sync_tick,delay,severe
M4,71,/system_health,7116.0,7218.453017908355,7222.5903,39.2044,327,0,1,0,31.275,207.9003,system_ok,delay,severe
M4,72,/camera/image_raw,7199.6205,7289.050650443148,7311.2464,44.3624,268,0,1,0,30.1371,213.8256,rgb_frame,delay,severe
M4,72,/audio/stream,7204.2494,7300.568397736421,7308.059,36.748,274,0,1,0,30.1371,213.8256,wav_chunk,delay,severe
M4,72,/robot_pose,7200.2318,7303.330395450387,7310.9891,42.9579,189,0,1,0,30.1371,213.8256,pose_state,delay,severe
M4,72,/head_cmd,7210.0,7330.291720367263,7320.5924,43.4634,196,0,1,0,30.1371,213.8256,gaze_adjust,delay,severe
M4,72,/speech_cmd,7212.0,7315.6056684509485,7325.2716,44.901,271,0,1,0,30.1371,213.8256,comfort_prompt,delay,severe
M4,72,/event_log,7214.0,7318.712125599213,7324.2046,42.3906,339,0,1,0,30.1371,213.8256,sync_tick,delay,severe
M4,72,/system_health,7216.0,7317.443248525389,7324.6056,42.4677,376,0,1,0,30.1371,213.8256,system_ok,delay,severe
M4,73,/camera/image_raw,7307.4596,7394.677775583199,7417.0872,41.8329,222,0,1,0,30.5553,208.2209,rgb_frame,delay,severe
M4,73,/audio/stream,7295.9238,7387.8428667948965,7399.481,36.0485,223,0,1,0,30.5553,208.2209,wav_chunk,delay,severe
M4,73,/robot_pose,7294.8519,7395.602085988827,7402.0745,41.0973,240,0,1,0,30.5553,208.2209,pose_state,delay,severe
M4,73,/head_cmd,7310.0,7419.406262367689,7421.0575,43.3727,208,0,1,0,30.5553,208.2209,gaze_adjust,delay,severe
M4,73,/speech_cmd,7312.0,7420.665162021148,7415.0525,35.8399,289,0,1,0,30.5553,208.2209,comfort_prompt,delay,severe
M4,73,/event_log,7314.0,7417.849248864046,7422.9239,42.1336,273,0,1,0,30.5553,208.2209,sync_tick,delay,severe
M4,73,/system_health,7316.0,7423.991832304261,7429.8865,46.5223,158,0,1,0,30.5553,208.2209,system_ok,delay,severe
M4,74,/camera/image_raw,7401.4224,7484.449215781182,7510.896,42.1182,324,0,1,0,30.0327,208.3663,rgb_frame,delay,severe
M4,74,/audio/stream,7416.3517,7530.981683241589,7526.6472,42.0738,248,0,1,0,30.0327,208.3663,wav_chunk,delay,severe
M4,74,/robot_pose,7393.563,7489.1545295799,7500.5618,40.3341,146,0,1,0,30.0327,208.3663,pose_state,delay,severe
M4,74,/head_cmd,7410.0,7528.297525335217,7521.681,42.8378,283,0,1,0,30.0327,208.3663,gaze_adjust,delay,severe
M4,74,/speech_cmd,7412.0,7539.911759269959,7523.3512,44.4816,241,0,1,0,30.0327,208.3663,comfort_prompt,delay,severe
M4,74,/event_log,7414.0,7522.042389626298,7528.4802,45.6732,345,0,1,0,30.0327,208.3663,sync_tick,delay,severe
M4,74,/system_health,7416.0,7511.629242069278,7528.1837,44.9556,268,0,1,0,30.0327,208.3663,system_ok,delay,severe
M4,75,/camera/image_raw,7494.7254,7593.371219416791,7595.7751,33.8795,236,0,1,0,30.0548,208.1824,rgb_frame,delay,severe
M4,75,/audio/stream,7488.4147,7593.362427972261,7590.3844,35.0659,236,0,1,0,30.0548,208.1824,wav_chunk,delay,severe
M4,75,/robot_pose,7494.366,7592.239519982546,7599.5981,37.2907,141,0,1,0,30.0548,208.1824,pose_state,delay,severe
M4,75,/head_cmd,7510.0,7598.917562268689,7609.0167,31.8141,261,0,1,0,30.0548,208.1824,gaze_adjust,delay,severe
M4,75,/speech_cmd,7512.0,7626.263650949764,7620.143,41.3742,200,0,1,0,30.0548,208.1824,comfort_prompt,delay,severe
M4,75,/event_log,7514.0,7625.694095845719,7620.5748,39.728,349,0,1,0,30.0548,208.1824,sync_tick,delay,severe
M4,75,/system_health,7516.0,7614.61234503542,7621.6178,38.4604,404,0,1,0,30.0548,208.1824,system_ok,delay,severe
M4,76,/camera/image_raw,7598.6367,7680.95267368635,7706.3898,40.4729,221,0,1,0,30.8045,209.8106,rgb_frame,delay,severe
M4,76,/audio/stream,7604.4493,7716.838094595312,7714.2718,40.9996,328,0,1,0,30.8045,209.8106,wav_chunk,delay,severe
M4,76,/robot_pose,7603.2315,7698.402119291821,7712.0294,40.9132,203,0,1,0,30.8045,209.8106,pose_state,delay,severe
M4,76,/head_cmd,7610.0,7716.656275055184,7716.6137,38.6555,345,0,1,0,30.8045,209.8106,gaze_adjust,delay,severe
M4,76,/speech_cmd,7612.0,7715.730201243506,7715.4272,36.614,386,0,1,0,30.8045,209.8106,comfort_prompt,delay,severe
M4,76,/event_log,7614.0,7692.637336021402,7722.7412,40.0826,268,0,1,0,30.8045,209.8106,sync_tick,delay,severe
M4,76,/system_health,7616.0,7722.8173435817625,7723.6378,40.6822,312,0,1,0,30.8045,209.8106,system_ok,delay,severe
M4,77,/camera/image_raw,7709.5044,7820.868455355242,7816.6727,39.1606,322,0,1,0,31.0066,208.6373,rgb_frame,delay,severe
M4,77,/audio/stream,7691.72,7804.975633814347,7798.4254,39.3356,183,0,1,0,31.0066,208.6373,wav_chunk,delay,severe
M4,77,/robot_pose,7698.2377,7802.4331205153485,7803.0893,37.5522,257,0,1,0,31.0066,208.6373,pose_state,delay,severe
M4,77,/head_cmd,7710.0,7784.585995384706,7813.8939,37.2666,192,0,1,0,31.0066,208.6373,gaze_adjust,delay,severe
M4,77,/speech_cmd,7712.0,7837.833534870612,7820.5803,42.9544,195,0,1,0,31.0066,208.6373,comfort_prompt,delay,severe
M4,77,/event_log,7714.0,7818.436717345596,7815.2176,33.6824,147,0,1,0,31.0066,208.6373,sync_tick,delay,severe
M4,77,/system_health,7716.0,7805.414629388813,7825.7727,41.2611,356,0,1,0,31.0066,208.6373,system_ok,delay,severe
M4,78,/camera/image_raw,7787.3586,7887.046517437784,7900.755,45.7166,213,0,1,0,28.6876,208.6823,rgb_frame,delay,severe
M4,78,/audio/stream,7802.3873,7914.247938930123,7911.4159,43.6236,210,0,1,0,28.6876,208.6823,wav_chunk,delay,severe
M4,78,/robot_pose,7795.0551,7907.079978706176,7899.8257,37.5079,243,0,1,0,28.6876,208.6823,pose_state,delay,severe
M4,78,/head_cmd,7810.0,7908.406120011133,7917.2978,40.2376,257,0,1,0,28.6876,208.6823,gaze_adjust,delay,severe
M4,78,/speech_cmd,7812.0,7931.521355703307,7922.2834,42.964,238,0,1,0,28.6876,208.6823,comfort_prompt,delay,severe
M4,78,/event_log,7814.0,7896.311664392597,7924.2713,42.4104,222,0,1,0,28.6876,208.6823,sync_tick,delay,severe
M4,78,/system_health,7816.0,7906.971373844687,7924.6953,40.5658,189,0,1,0,28.6876,208.6823,system_ok,delay,severe
M4,79,/camera/image_raw,7912.6329,7988.520003862211,8019.2204,39.7881,233,0,1,0,28.9548,215.1262,rgb_frame,delay,severe
M4,79,/audio/stream,7889.2868,7983.907027999824,7998.408,42.1839,248,0,1,0,28.9548,215.1262,wav_chunk,delay,severe
M4,79,/robot_pose,7898.2732,8012.070980583618,7993.2036,27.6847,257,0,1,0,28.9548,215.1262,pose_state,delay,severe
M4,79,/head_cmd,7910.0,8049.765031284195,8024.2031,45.9558,244,0,1,0,28.9548,215.1262,gaze_adjust,delay,severe
M4,79,/speech_cmd,7912.0,8025.350766555226,8023.3852,45.0665,302,0,1,0,28.9548,215.1262,comfort_prompt,delay,severe
M4,79,/event_log,7914.0,8009.57359109824,8019.7639,39.5116,244,0,1,0,28.9548,215.1262,sync_tick,delay,severe
M4,79,/system_health,7916.0,8025.300441388087,8030.7482,47.4034,345,0,1,0,28.9548,215.1262,system_ok,delay,severe
M4,80,/camera/image_raw,7994.7589,8109.666458471663,8105.4403,43.2808,211,0,1,0,30.2479,209.6067,rgb_frame,delay,severe
M4,80,/audio/stream,8008.3828,8095.657168077052,8121.1242,44.1561,220,0,1,0,30.2479,209.6067,wav_chunk,delay,severe
M4,80,/robot_pose,7996.7392,8087.018111536263,8097.6326,33.2939,236,0,1,0,30.2479,209.6067,pose_state,delay,severe
M4,80,/head_cmd,8010.0,8135.199003042303,8117.7554,40.1105,228,0,1,0,30.2479,209.6067,gaze_adjust,delay,severe
M4,80,/speech_cmd,8012.0,8101.919559029403,8118.6794,39.5595,344,0,1,0,30.2479,209.6067,comfort_prompt,delay,severe
M4,80,/event_log,8014.0,8109.268851410338,8120.9666,40.7552,184,0,1,0,30.2479,209.6067,sync_tick,delay,severe
M4,80,/system_health,8016.0,8122.37651118374,8123.4882,41.1918,162,0,1,0,30.2479,209.6067,system_ok,delay,severe
M4,81,/camera/image_raw,8104.4488,8215.700391633065,8214.4202,42.2877,99,0,1,0,30.323,209.5267,rgb_frame,delay,severe
M4,81,/audio/stream,8105.476,8200.641943353206,8212.006300000001,38.916,231,0,1,0,30.323,209.5267,wav_chunk,delay,severe
M4,81,/robot_pose,8098.1593,8204.259601365527,8205.9827,40.0228,260,0,1,0,30.323,209.5267,pose_state,delay,severe
M4,81,/head_cmd,8110.0,8229.420853472353,8224.0113,45.9097,248,0,1,0,30.323,209.5267,gaze_adjust,delay,severe
M4,81,/speech_cmd,8112.0,8243.546125532692,8216.0056,39.0858,236,0,1,0,30.323,209.5267,comfort_prompt,delay,severe
M4,81,/event_log,8114.0,8211.697478687913,8215.8419,34.4649,265,0,1,0,30.323,209.5267,sync_tick,delay,severe
M4,81,/system_health,8116.0,8223.083237585233,8226.9788,42.6614,254,0,1,0,30.323,209.5267,system_ok,delay,severe
M4,82,/camera/image_raw,8215.9629,8346.417432843713,8326.4753,44.0702,238,0,1,0,29.3817,207.9563,rgb_frame,delay,severe
M4,82,/audio/stream,8201.8596,8300.228777983828,8309.7586,41.0575,304,0,1,0,29.3817,207.9563,wav_chunk,delay,severe
M4,82,/robot_pose,8193.4489,8284.174957541329,8305.8491,44.267,236,0,1,0,29.3817,207.9563,pose_state,delay,severe
M4,82,/head_cmd,8210.0,8325.015285659225,8322.6206,46.5118,172,0,1,0,29.3817,207.9563,gaze_adjust,delay,severe
M4,82,/speech_cmd,8212.0,8328.91295035123,8316.0538,36.8465,328,0,1,0,29.3817,207.9563,comfort_prompt,delay,severe
M4,82,/event_log,8214.0,8323.347759892797,8320.1118,39.2931,243,0,1,0,29.3817,207.9563,sync_tick,delay,severe
M4,82,/system_health,8216.0,8323.634780794338,8326.8109,43.993,223,0,1,0,29.3817,207.9563,system_ok,delay,severe
M4,83,/camera/image_raw,8290.5822,8381.085892776113,8403.0952,45.7812,341,0,1,0,30.1,206.9284,rgb_frame,delay,severe
M4,83,/audio/stream,8295.4262,8406.060130566242,8409.1221,46.451,166,0,1,0,30.1,206.9284,wav_chunk,delay,severe
M4,83,/robot_pose,8305.8873,8438.146068968428,8423.3917,49.9946,236,0,1,0,30.1,206.9284,pose_state,delay,severe
M4,83,/head_cmd,8310.0,8402.383460858451,8422.423,44.6611,334,0,1,0,30.1,206.9284,gaze_adjust,delay,severe
M4,83,/speech_cmd,8312.0,8411.760739566755,8417.642,38.1872,184,0,1,0,30.1,206.9284,comfort_prompt,delay,severe
M4,83,/event_log,8314.0,8417.077113749781,8424.6836,43.5019,272,0,1,0,30.1,206.9284,sync_tick,delay,severe
M4,83,/system_health,8316.0,8411.483336011072,8423.2504,40.2512,203,0,1,0,30.1,206.9284,system_ok,delay,severe
M4,0,/camera/image_raw,-1.8082,38.503684036152045,38.3577,38.3285,246,0,1,0,30.0709,210.7588,rgb_frame,dropout,mild
M4,0,/audio/stream,-1.0086,41.78164193004806,39.043,39.2438,283,0,1,0,30.0709,210.7588,wav_chunk,dropout,mild
M4,0,/robot_pose,-3.2884,37.6437152383475,37.3904,37.4696,291,0,1,0,30.0709,210.7588,pose_state,dropout,mild
M4,0,/head_cmd,10.0,46.139321891079,55.345,43.9538,233,0,1,0,30.0709,210.7588,gaze_adjust,dropout,mild
M4,0,/speech_cmd,12.0,33.13583044533054,47.9396,34.3037,331,0,1,0,30.0709,210.7588,comfort_prompt,dropout,mild
M4,0,/event_log,14.0,61.32260749224583,60.505,45.2235,228,0,1,0,30.0709,210.7588,sync_tick,dropout,mild
M4,0,/system_health,16.0,50.92144766813879,57.6373,38.9688,150,0,1,0,30.0709,210.7588,system_ok,dropout,mild
M4,1,/camera/image_raw,88.779,145.96469903749428,133.3448,42.4792,234,0,1,0,29.5085,209.4539,rgb_frame,dropout,mild
M4,1,/audio/stream,103.917,163.18797756811955,150.54,44.1948,217,0,1,0,29.5085,209.4539,wav_chunk,dropout,mild
M4,1,/robot_pose,90.2548,147.1478183551683,133.7288,40.9675,359,0,1,0,29.5085,209.4539,pose_state,dropout,mild
M4,1,/head_cmd,110.0,146.4410127917223,157.1335,43.9619,219,0,1,0,29.5085,209.4539,gaze_adjust,dropout,mild
M4,1,/speech_cmd,112.0,155.27475269393673,152.7315,38.7198,247,0,1,0,29.5085,209.4539,comfort_prompt,dropout,mild
M4,1,/event_log,114.0,157.7521201380119,153.9972,36.7845,309,0,1,0,29.5085,209.4539,sync_tick,dropout,mild
M4,1,/system_health,116.0,161.6606338683552,158.3072,39.5938,269,0,1,0,29.5085,209.4539,system_ok,dropout,mild
M4,2,/camera/image_raw,205.0388,240.58501644644912,243.6203,38.3814,191,0,1,0,29.9362,210.7462,rgb_frame,dropout,mild
M4,2,/audio/stream,189.2455,240.12981922372262,232.1476,40.651,357,0,1,0,29.9362,210.7462,wav_chunk,dropout,mild
M4,2,/robot_pose,199.2717,242.50169989093217,244.7631,43.2262,254,0,1,0,29.9362,210.7462,pose_state,dropout,mild
M4,2,/head_cmd,210.0,256.3367489994835,257.0398,45.3119,247,0,1,0,29.9362,210.7462,gaze_adjust,dropout,mild
M4,2,/speech_cmd,212.0,236.23553238578285,251.8733,36.5382,279,0,1,0,29.9362,210.7462,comfort_prompt,dropout,mild
M4,2,/event_log,214.0,257.2232197565839,254.1735,38.0651,286,0,1,0,29.9362,210.7462,sync_tick,dropout,mild
M4,2,/system_health,216.0,253.80900629142073,257.6647,39.8923,216,0,1,0,29.9362,210.7462,system_ok,dropout,mild
M4,3,/camera/image_raw,302.3727,344.9945308968042,343.219,38.9036,267,0,1,0,28.5303,209.2174,rgb_frame,dropout,mild
M4,3,/audio/stream,297.1356,341.63690959843694,342.5173,42.6205,289,1,0,0,28.5303,209.2174,wav_chunk,dropout,mild
M4,3,/robot_pose,297.7312,337.84449261331014,338.1434,38.6658,193,0,1,0,28.5303,209.2174,pose_state,dropout,mild
M4,3,/head_cmd,310.0,346.8900914202666,349.4716,37.2558,208,0,1,0,28.5303,209.2174,gaze_adjust,dropout,mild
M4,3,/speech_cmd,312.0,358.30549787728364,353.4403,40.0127,156,0,1,0,28.5303,209.2174,comfort_prompt,dropout,mild
M4,3,/event_log,314.0,355.31495970491943,358.7266,42.9061,205,0,1,0,28.5303,209.2174,sync_tick,dropout,mild
M4,3,/system_health,316.0,339.6115206443761,353.7915,35.2531,338,0,1,0,28.5303,209.2174,system_ok,dropout,mild
M4,4,/camera/image_raw,397.1785,451.48804485099146,446.9714,49.758,250,0,1,0,28.0085,214.5072,rgb_frame,dropout,mild
M4,4,/audio/stream,398.2755,428.9092558007069,437.3694,37.1058,230,0,1,1,28.0085,214.5072,wav_chunk,dropout,mild
M4,4,/robot_pose,405.3582,437.99270525854286,450.6967,43.2286,201,0,1,0,28.0085,214.5072,pose_state,dropout,mild
M4,4,/head_cmd,410.0,441.1148533268592,451.9046,39.2928,184,0,1,0,28.0085,214.5072,gaze_adjust,dropout,mild
M4,4,/speech_cmd,412.0,447.66325903485534,449.1908,33.3966,217,0,1,0,28.0085,214.5072,comfort_prompt,dropout,mild
M4,4,/event_log,414.0,452.65994957524117,455.3139,39.4321,288,0,1,0,28.0085,214.5072,sync_tick,dropout,mild
M4,4,/system_health,416.0,446.0112357626172,465.7367,47.0727,164,0,1,0,28.0085,214.5072,system_ok,dropout,mild
M4,5,/camera/image_raw,490.3111,522.8983524555786,529.3622,35.6564,365,0,1,0,28.1059,211.2942,rgb_frame,dropout,mild
M4,5,/audio/stream,496.8083,545.1708497997981,538.3682,39.0087,182,0,1,0,28.1059,211.2942,wav_chunk,dropout,mild
M4,5,/robot_pose,498.6588,537.544934632533,542.9567,42.4964,190,0,1,0,28.1059,211.2942,pose_state,dropout,mild
M4,5,/head_cmd,510.0,547.5205875725792,550.6718,38.8444,236,0,1,0,28.1059,211.2942,gaze_adjust,dropout,mild
M4,5,/speech_cmd,512.0,564.1443314986171,557.3722,43.8004,360,0,1,0,28.1059,211.2942,comfort_prompt,dropout,mild
M4,5,/event_log,514.0,555.0654140656363,552.1938,34.7015,195,1,0,0,28.1059,211.2942,sync_tick,dropout,mild
M4,5,/system_health,516.0,564.1717087012137,557.8055,39.9977,235,0,1,0,28.1059,211.2942,system_ok,dropout,mild
M4,6,/camera/image_raw,605.6095,620.0674711195703,643.6546,36.6384,187,0,1,0,29.5547,209.5159,rgb_frame,dropout,mild
M4,6,/audio/stream,611.9986,663.8831843075369,652.4147,38.0164,141,0,1,0,29.5547,209.5159,wav_chunk,dropout,mild
M4,6,/robot_pose,605.9526,650.6251034834235,648.9467,39.5813,323,0,1,0,29.5547,209.5159,pose_state,dropout,mild
M4,6,/head_cmd,610.0,667.1178113121932,648.5085,37.426,283,0,1,0,29.5547,209.5159,gaze_adjust,dropout,mild
M4,6,/speech_cmd,612.0,636.2383917538057,645.5851,30.497,243,0,1,0,29.5547,209.5159,comfort_prompt,dropout,mild
M4,6,/event_log,614.0,646.9842951548087,661.9103,47.0919,311,0,1,1,29.5547,209.5159,sync_tick,dropout,mild
M4,6,/system_health,616.0,655.4224476538013,657.2998,39.3647,173,0,1,0,29.5547,209.5159,system_ok,dropout,mild
M4,7,/camera/image_raw,704.1702,737.5224213619427,740.8306,35.5552,344,0,1,0,31.1089,207.3371,rgb_frame,dropout,mild
M4,7,/audio/stream,705.4091,747.0964118689186,745.2512,36.458,287,0,1,0,31.1089,207.3371,wav_chunk,dropout,mild
M4,7,/robot_pose,708.9256,758.4153267566909,751.7704,40.8903,295,0,1,0,31.1089,207.3371,pose_state,dropout,mild
M4,7,/head_cmd,710.0,748.810446840964,751.4134,39.5088,297,0,1,0,31.1089,207.3371,gaze_adjust,dropout,mild
M4,7,/speech_cmd,712.0,749.0691356334983,752.5561,38.9948,291,0,1,0,31.1089,207.3371,comfort_prompt,dropout,mild
M4,7,/event_log,714.0,757.496458556129,755.9058,39.3147,228,0,1,0,31.1089,207.3371,sync_tick,dropout,mild
M4,7,/system_health,716.0,748.68357067446,754.3222,34.7342,348,1,0,0,31.1089,207.3371,system_ok,dropout,mild
M4,8,/camera/image_raw,806.1865,841.0510431928257,847.4687,37.5845,253,0,1,0,31.5206,208.0093,rgb_frame,dropout,mild
M4,8,/audio/stream,796.8975,852.3829795094023,845.1672,47.1884,287,0,1,0,31.5206,208.0093,wav_chunk,dropout,mild
M4,8,/robot_pose,798.4984,856.9756228552285,849.1212,48.399,240,0,1,0,31.5206,208.0093,pose_state,dropout,mild
M4,8,/head_cmd,810.0,854.1154299509047,848.5095,35.4437,209,0,1,0,31.5206,208.0093,gaze_adjust,dropout,mild
M4,8,/speech_cmd,812.0,850.3895622981959,852.9478,39.7354,349,0,1,0,31.5206,208.0093,comfort_prompt,dropout,mild
M4,8,/event_log,814.0,841.6158880979746,860.909,44.7342,186,0,1,0,31.5206,208.0093,sync_tick,dropout,mild
M4,8,/system_health,816.0,861.0726513088572,864.1656,46.2583,189,0,1,1,31.5206,208.0093,system_ok,dropout,mild
M4,9,/camera/image_raw,887.6652,919.9597598985836,928.5082,38.3585,212,0,1,0,29.3149,211.0843,rgb_frame,dropout,mild
M4,9,/audio/stream,894.8323,933.9151998479152,938.6897,40.1207,235,0,1,0,29.3149,211.0843,wav_chunk,dropout,mild
M4,9,/robot_pose,892.7268,928.7558728582591,935.0722,41.3978,347,0,1,0,29.3149,211.0843,pose_state,dropout,mild
M4,9,/head_cmd,910.0,947.7852811562751,950.9917,37.9512,248,0,1,0,29.3149,211.0843,gaze_adjust,dropout,mild
M4,9,/speech_cmd,912.0,945.9921949661475,957.0432,42.3064,228,1,0,0,29.3149,211.0843,comfort_prompt,dropout,mild
M4,9,/event_log,914.0,947.981960506253,959.8205,44.2277,302,0,1,0,29.3149,211.0843,sync_tick,dropout,mild
M4,9,/system_health,916.0,964.0807318605672,956.7789,38.2992,228,0,1,0,29.3149,211.0843,system_ok,dropout,mild
M4,10,/camera/image_raw,1000.3498,1032.5527390930588,1042.6172,39.9601,219,0,1,0,30.0486,207.4876,rgb_frame,dropout,mild
M4,10,/audio/stream,991.4025,1031.070353002051,1032.4632,39.6652,396,0,1,0,30.0486,207.4876,wav_chunk,dropout,mild
M4,10,/robot_pose,1001.2378,1053.2906187728229,1048.073,44.4167,326,0,1,0,30.0486,207.4876,pose_state,dropout,mild
M4,10,/head_cmd,1010.0,1049.5776330098367,1042.4171,32.2632,232,0,1,0,30.0486,207.4876,gaze_adjust,dropout,mild
M4,10,/speech_cmd,1012.0,1053.0247856393228,1048.6767,34.666,268,0,1,1,30.0486,207.4876,comfort_prompt,dropout,mild
M4,10,/event_log,1014.0,1060.2848321160125,1059.1513,43.8619,279,0,1,0,30.0486,207.4876,sync_tick,dropout,mild
M4,10,/system_health,1016.0,1062.029826468295,1058.7158,40.2378,224,0,1,0,30.0486,207.4876,system_ok,dropout,mild
M4,11,/camera/image_raw,1109.6819,1160.6892050608492,1151.6423,40.0225,293,0,1,0,29.1306,211.0799,rgb_frame,dropout,mild
M4,11,/audio/stream,1099.1719,1141.636580751963,1138.3069,39.0645,72,0,1,0,29.1306,211.0799,wav_chunk,dropout,mild
M4,11,/robot_pose,1108.8709,1139.5241812254865,1157.406,45.3509,369,0,1,0,29.1306,211.0799,pose_state,dropout,mild
M4,11,/head_cmd,1110.0,1145.9628343507993,1151.357,40.1911,230,0,1,0,29.1306,211.0799,gaze_adjust,dropout,mild
M4,11,/speech_cmd,1112.0,1157.8778605737768,1153.7013,40.3069,354,0,1,0,29.1306,211.0799,comfort_prompt,dropout,mild
M4,11,/event_log,1114.0,1158.2024325303248,1165.8018,49.2192,255,0,1,0,29.1306,211.0799,sync_tick,dropout,mild
M4,11,/system_health,1116.0,1164.0421491156692,1154.5185,35.0813,260,1,0,0,29.1306,211.0799,system_ok,dropout,mild
M4,12,/camera/image_raw,1197.9758,1241.6321613746686,1244.254,44.1617,325,0,1,0,30.1616,204.9611,rgb_frame,dropout,mild
M4,12,/audio/stream,1203.8494,1243.5401901708753,1244.9492,39.0088,183,0,1,0,30.1616,204.9611,wav_chunk,dropout,mild
M4,12,/robot_pose,1197.0714,1248.921753591214,1241.4232,42.8524,226,0,1,0,30.1616,204.9611,pose_state,dropout,mild
M4,12,/head_cmd,1210.0,1248.3547008215257,1252.1145,39.8175,153,1,0,0,30.1616,204.9611,gaze_adjust,dropout,mild
M4,12,/speech_cmd,1212.0,1252.3003162858256,1253.7263,38.8901,233,0,1,0,30.1616,204.9611,comfort_prompt,dropout,mild
M4,12,/event_log,1214.0,1260.1073878719928,1255.2444,38.9144,248,0,1,0,30.1616,204.9611,sync_tick,dropout,mild
M4,12,/system_health,1216.0,1239.9131350733305,1253.8622,35.6913,315,0,1,1,30.1616,204.9611,system_ok,dropout,mild
M4,13,/camera/image_raw,1292.6418,1326.4821147008995,1331.0383,36.1227,183,0,1,0,31.0355,208.7414,rgb_frame,dropout,mild
M4,13,/audio/stream,1297.0041,1339.026826363033,1333.4255,35.3895,191,0,1,0,31.0355,208.7414,wav_chunk,dropout,mild
M4,13,/robot_pose,1293.0918,1338.5695011867406,1339.6582,44.9528,283,0,1,0,31.0355,208.7414,pose_state,dropout,mild
M4,13,/head_cmd,1310.0,1357.9169704966198,1348.9859,36.1783,194,0,1,1,31.0355,208.7414,gaze_adjust,dropout,mild
M4,13,/speech_cmd,1312.0,1339.0730131345047,1353.9227,39.6804,395,0,1,0,31.0355,208.7414,comfort_prompt,dropout,mild
M4,13,/event_log,1314.0,1342.5251858564309,1357.7709,42.0452,297,0,1,0,31.0355,208.7414,sync_tick,dropout,mild
M4,13,/system_health,1316.0,1370.2336921329818,1364.9725,48.0762,205,0,1,0,31.0355,208.7414,system_ok,dropout,mild
M4,14,/camera/image_raw,1398.3417,1438.779157719462,1433.8925,33.511,318,0,1,0,28.5653,212.9311,rgb_frame,dropout,mild
M4,14,/audio/stream,1396.6633,1434.1979999453451,1437.1605,39.0807,175,1,0,0,28.5653,212.9311,wav_chunk,dropout,mild
M4,14,/robot_pose,1398.3362,1439.8207552003657,1438.212,38.2814,268,0,1,0,28.5653,212.9311,pose_state,dropout,mild
M4,14,/head_cmd,1410.0,1449.5572558210513,1446.446,33.5956,262,0,1,0,28.5653,212.9311,gaze_adjust,dropout,mild
M4,14,/speech_cmd,1412.0,1445.449894353186,1455.3136,39.9608,229,0,1,0,28.5653,212.9311,comfort_prompt,dropout,mild
M4,14,/event_log,1414.0,1444.6433129996055,1452.0599,36.2981,244,0,1,0,28.5653,212.9311,sync_tick,dropout,mild
M4,14,/system_health,1416.0,1456.355409433589,1456.373,38.8376,134,0,1,0,28.5653,212.9311,system_ok,dropout,mild
M4,15,/camera/image_raw,1496.0735,1546.1601116791498,1542.2335,42.8539,302,0,1,0,31.3195,214.4754,rgb_frame,dropout,mild
M4,15,/audio/stream,1502.8786,1540.207144589136,1553.2155,46.6562,313,0,1,1,31.3195,214.4754,wav_chunk,dropout,mild
M4,15,/robot_pose,1500.6813,1541.7398189445198,1545.3592,42.6421,253,0,1,0,31.3195,214.4754,pose_state,dropout,mild
M4,15,/head_cmd,1510.0,1546.5114069463646,1551.1623,38.4653,212,0,1,0,31.3195,214.4754,gaze_adjust,dropout,mild
M4,15,/speech_cmd,1512.0,1554.3958728403422,1551.3681,39.0522,359,0,1,0,31.3195,214.4754,comfort_prompt,dropout,mild
M4,15,/event_log,1514.0,1552.8651130399294,1555.4992,38.9347,343,0,1,0,31.3195,214.4754,sync_tick,dropout,mild
M4,15,/system_health,1516.0,1552.6507313295772,1560.3733,41.0178,181,0,1,0,31.3195,214.4754,system_ok,dropout,mild
M4,16,/camera/image_raw,1616.7816,1666.5040262460593,1659.8709,39.7338,143,0,1,0,31.5676,205.7278,rgb_frame,dropout,mild
M4,16,/audio/stream,1608.6969,1647.5129401470335,1654.4527,43.1301,374,0,1,0,31.5676,205.7278,wav_chunk,dropout,mild
M4,16,/robot_pose,1601.046,1633.2657290958284,1639.0902,34.5565,222,0,1,0,31.5676,205.7278,pose_state,dropout,mild
M4,16,/head_cmd,1610.0,1636.368218912643,1650.3226,39.1002,190,0,1,0,31.5676,205.7278,gaze_adjust,dropout,mild
M4,16,/speech_cmd,1612.0,1648.793392985233,1655.8125,42.5024,300,0,1,0,31.5676,205.7278,comfort_prompt,dropout,mild
M4,16,/event_log,1614.0,1656.3650086107125,1653.466,38.2364,224,0,1,0,31.5676,205.7278,sync_tick,dropout,mild
M4,16,/system_health,1616.0,1660.799915650839,1660.2132,42.2351,258,1,0,0,31.5676,205.7278,system_ok,dropout,mild
M4,17,/camera/image_raw,1704.8735,1751.777335920526,1748.0127,42.1078,202,1,0,0,28.8514,209.2131,rgb_frame,dropout,mild
M4,17,/audio/stream,1708.6594,1750.4156582875655,1748.0415,37.3484,210,0,1,0,28.8514,209.2131,wav_chunk,dropout,mild
M4,17,/robot_pose,1698.4495,1758.2046122903612,1742.4188,43.0533,161,0,1,0,28.8514,209.2131,pose_state,dropout,mild
M4,17,/head_cmd,1710.0,1742.9067293804246,1750.9491,38.8896,168,0,1,0,28.8514,209.2131,gaze_adjust,dropout,mild
M4,17,/speech_cmd,1712.0,1736.8428100525216,1751.6774,37.7982,232,0,1,0,28.8514,209.2131,comfort_prompt,dropout,mild
M4,17,/event_log,1714.0,1746.4282760314277,1756.5034,40.8327,344,0,1,0,28.8514,209.2131,sync_tick,dropout,mild
M4,17,/system_health,1716.0,1752.5487853133475,1759.7323,42.178,261,0,1,1,28.8514,209.2131,system_ok,dropout,mild
M4,18,/camera/image_raw,1800.8681,1839.5660845070647,1850.5934,46.4926,267,0,1,1,30.8441,209.1172,rgb_frame,dropout,mild
M4,18,/audio/stream,1809.7178,1849.9442867811588,1851.8003,39.4772,245,0,1,0,30.8441,209.1172,wav_chunk,dropout,mild
M4,18,/robot_pose,1796.9981,1854.2669392444561,1846.5085,47.2476,231,0,1,0,30.8441,209.1172,pose_state,dropout,mild
M4,18,/head_cmd,1810.0,1861.0051725837593,1849.9175,38.6879,289,0,1,0,30.8441,209.1172,gaze_adjust,dropout,mild
M4,18,/speech_cmd,1812.0,1853.2807680147728,1852.3248,37.2463,178,0,1,0,30.8441,209.1172,comfort_prompt,dropout,mild
M4,18,/event_log,1814.0,1872.1654777236322,1858.1555,41.0353,126,0,1,0,30.8441,209.1172,sync_tick,dropout,mild
M4,18,/system_health,1816.0,1861.7484155474688,1866.4592,48.5994,264,0,1,0,30.8441,209.1172,system_ok,dropout,mild
M4,19,/camera/image_raw,1904.0001,1937.5162476639805,1953.1943,46.5763,373,0,1,0,31.0971,210.4534,rgb_frame,dropout,mild
M4,19,/audio/stream,1905.809,1957.3715245431054,1949.7015,43.1371,412,0,1,0,31.0971,210.4534,wav_chunk,dropout,mild
M4,19,/robot_pose,1901.3694,1923.8960448660075,1942.0012,37.2354,257,0,1,0,31.0971,210.4534,pose_state,dropout,mild
M4,19,/head_cmd,1910.0,1947.7370758184015,1955.4263,43.7771,293,0,1,0,31.0971,210.4534,gaze_adjust,dropout,mild
M4,19,/speech_cmd,1912.0,1954.6808978593824,1953.9832,38.52,282,0,1,0,31.0971,210.4534,comfort_prompt,dropout,mild
M4,19,/event_log,1914.0,1956.4574481596096,1957.7453,43.2765,250,0,1,0,31.0971,210.4534,sync_tick,dropout,mild
M4,19,/system_health,1916.0,1955.6473778970278,1959.5539,41.175,313,0,1,0,31.0971,210.4534,system_ok,dropout,mild
M4,20,/camera/image_raw,1997.4387,2026.67287973744,2037.5894,38.6806,276,0,1,0,27.4934,210.6502,rgb_frame,dropout,mild
M4,20,/audio/stream,2000.3903,2045.2297808845333,2048.3475,44.9259,247,1,0,0,27.4934,210.6502,wav_chunk,dropout,mild
M4,20,/robot_pose,2005.9061,2057.4544999099026,2052.3196,43.5191,250,0,1,0,27.4934,210.6502,pose_state,dropout,mild
M4,20,/head_cmd,2010.0,2047.403543332288,2048.9356,37.2438,306,0,1,0,27.4934,210.6502,gaze_adjust,dropout,mild
M4,20,/speech_cmd,2012.0,2045.2056929628714,2053.2106,39.8475,154,0,1,0,27.4934,210.6502,comfort_prompt,dropout,mild
M4,20,/event_log,2014.0,2047.3630923152216,2059.106,43.3434,275,0,1,0,27.4934,210.6502,sync_tick,dropout,mild
M4,20,/system_health,2016.0,2054.4981433363555,2062.1278,44.9749,253,0,1,0,27.4934,210.6502,system_ok,dropout,mild
M4,21,/camera/image_raw,2098.8051,2145.9567700193147,2144.869,44.013,247,0,1,0,28.5376,210.5954,rgb_frame,dropout,mild
M4,21,/audio/stream,2103.0379,2147.3474180988774,2147.0745,41.5607,290,0,1,1,28.5376,210.5954,wav_chunk,dropout,mild
M4,21,/robot_pose,2106.1958,2141.9237431952347,2149.7422,42.132,315,0,1,0,28.5376,210.5954,pose_state,dropout,mild
M4,21,/head_cmd,2110.0,2136.8679246241436,2156.9029,44.554,166,1,0,0,28.5376,210.5954,gaze_adjust,dropout,mild
M4,21,/speech_cmd,2112.0,2154.7880021093774,2153.7834,39.4279,187,0,1,0,28.5376,210.5954,comfort_prompt,dropout,mild
M4,21,/event_log,2114.0,2145.2646408081982,2153.5188,38.4463,292,0,1,0,28.5376,210.5954,sync_tick,dropout,mild
M4,21,/system_health,2116.0,2162.063199832122,2157.4341,40.5507,277,0,1,0,28.5376,210.5954,system_ok,dropout,mild
M4,22,/camera/image_raw,2199.6044,2231.133522862978,2239.3975,37.578,264,0,1,0,29.1184,206.8416,rgb_frame,dropout,mild
M4,22,/audio/stream,2204.1313,2235.1958963706415,2244.9605,38.9678,234,0,1,0,29.1184,206.8416,wav_chunk,dropout,mild
M4,22,/robot_pose,2198.0423,2249.0292752580767,2249.3873,49.7616,222,0,1,0,29.1184,206.8416,pose_state,dropout,mild
M4,22,/head_cmd,2210.0,2281.767693840211,2265.4429,52.9061,173,1,0,0,29.1184,206.8416,gaze_adjust,dropout,mild
M4,22,/speech_cmd,2212.0,2261.0936399289326,2256.5734,43.1014,310,0,1,0,29.1184,206.8416,comfort_prompt,dropout,mild
M4,22,/event_log,2214.0,2253.976554393647,2254.735,38.8868,352,1,0,0,29.1184,206.8416,sync_tick,dropout,mild
M4,22,/system_health,2216.0,2260.8671122910478,2260.9747,41.9963,282,0,1,0,29.1184,206.8416,system_ok,dropout,mild
M4,23,/camera/image_raw,2296.8889,2326.3807731081156,2342.7593,43.5008,271,0,1,0,30.1482,214.0446,rgb_frame,dropout,mild
M4,23,/audio/stream,2304.8908,2336.5598770339793,2346.7377,40.6478,250,0,1,0,30.1482,214.0446,wav_chunk,dropout,mild
M4,23,/robot_pose,2306.0461,2326.9422690796227,2348.8968,40.9836,276,0,1,0,30.1482,214.0446,pose_state,dropout,mild
M4,23,/head_cmd,2310.0,2364.0230911566127,2353.003,40.1841,295,0,1,1,30.1482,214.0446,gaze_adjust,dropout,mild
M4,23,/speech_cmd,2312.0,2364.986588233246,2353.8737,40.7675,363,0,1,0,30.1482,214.0446,comfort_prompt,dropout,mild
M4,23,/event_log,2314.0,2356.6738482097194,2355.6666,39.5313,235,0,1,1,30.1482,214.0446,sync_tick,dropout,mild
M4,23,/system_health,2316.0,2355.2261208246737,2357.5805,38.1452,339,0,1,0,30.1482,214.0446,system_ok,dropout,mild
M4,24,/camera/image_raw,2403.1108,2431.5269799800194,2445.7867,40.8289,271,0,1,0,30.0812,208.4674,rgb_frame,dropout,mild
M4,24,/audio/stream,2399.14,2437.6790003179945,2442.1157,40.2934,218,0,1,0,30.0812,208.4674,wav_chunk,dropout,mild
M4,24,/robot_pose,2403.0956,2459.7517350272315,2446.8876,42.317,221,0,1,0,30.0812,208.4674,pose_state,dropout,mild
M4,24,/head_cmd,2410.0,2448.412127985566,2448.7031,37.3608,316,1,0,0,30.0812,208.4674,gaze_adjust,dropout,mild
M4,24,/speech_cmd,2412.0,2443.0831282703048,2449.2411,35.6003,331,0,1,0,30.0812,208.4674,comfort_prompt,dropout,mild
M4,24,/event_log,2414.0,2437.129634719971,2453.2436,37.1942,195,0,1,0,30.0812,208.4674,sync_tick,dropout,mild
M4,24,/system_health,2416.0,2469.8507458218464,2461.6857,42.8083,300,0,1,0,30.0812,208.4674,system_ok,dropout,mild
M4,25,/camera/image_raw,2503.7627,2546.027429591779,2548.2334,42.8254,258,0,1,0,29.1035,212.6117,rgb_frame,dropout,mild
M4,25,/audio/stream,2500.5887,2525.100529173097,2540.4518,38.5657,266,0,1,0,29.1035,212.6117,wav_chunk,dropout,mild
M4,25,/robot_pose,2497.3781,2528.0881745434276,2536.9203,38.1042,167,0,1,0,29.1035,212.6117,pose_state,dropout,mild
M4,25,/head_cmd,2510.0,2533.290595861135,2545.4138,33.5109,250,0,1,1,29.1035,212.6117,gaze_adjust,dropout,mild
M4,25,/speech_cmd,2512.0,2547.2109517943045,2550.9855,36.2649,252,0,1,0,29.1035,212.6117,comfort_prompt,dropout,mild
M4,25,/event_log,2514.0,2557.7324117569024,2558.1274,42.0737,208,0,1,0,29.1035,212.6117,sync_tick,dropout,mild
M4,25,/system_health,2516.0,2552.1968634857717,2557.4125,40.2226,288,0,1,0,29.1035,212.6117,system_ok,dropout,mild
M4,26,/camera/image_raw,2593.44,2637.6139727718946,2633.9023,37.9576,326,0,1,0,31.1688,205.8567,rgb_frame,dropout,mild
M4,26,/audio/stream,2607.3459,2655.3114179237796,2656.9141,47.3351,366,0,1,0,31.1688,205.8567,wav_chunk,dropout,mild
M4,26,/robot_pose,2598.3077,2646.316299082177,2640.8968,39.5101,199,0,1,0,31.1688,205.8567,pose_state,dropout,mild
M4,26,/head_cmd,2610.0,2649.491947375354,2652.6762,42.3495,188,0,1,0,31.1688,205.8567,gaze_adjust,dropout,mild
M4,26,/speech_cmd,2612.0,2678.898004736089,2655.6855,42.5354,281,0,1,0,31.1688,205.8567,comfort_prompt,dropout,mild
M4,26,/event_log,2614.0,2653.778590212208,2660.0935,44.2945,197,0,1,0,31.1688,205.8567,sync_tick,dropout,mild
M4,26,/system_health,2616.0,2647.545360065953,2656.1993,38.772,249,0,1,0,31.1688,205.8567,system_ok,dropout,mild
M4,27,/camera/image_raw,2700.7146,2728.637695599234,2739.1063,36.1334,326,0,1,0,29.2087,212.896,rgb_frame,dropout,mild
M4,27,/audio/stream,2697.5519,2740.6881741875654,2744.2395,44.8238,289,0,1,0,29.2087,212.896,wav_chunk,dropout,mild
M4,27,/robot_pose,2708.3718,2736.5986112730734,2752.1229,41.9831,292,0,1,0,29.2087,212.896,pose_state,dropout,mild
M4,27,/head_cmd,2710.0,2760.1049027506224,2760.3257,47.7484,289,0,1,0,29.2087,212.896,gaze_adjust,dropout,mild
M4,27,/speech_cmd,2712.0,2739.7445698434817,2756.0182,42.987,283,0,1,0,29.2087,212.896,comfort_prompt,dropout,mild
M4,27,/event_log,2714.0,2751.5246673924576,2751.9594,36.2313,385,0,1,0,29.2087,212.896,sync_tick,dropout,mild
M4,27,/system_health,2716.0,2744.475286047229,2756.8932,39.2853,325,0,1,0,29.2087,212.896,system_ok,dropout,mild
M4,28,/camera/image_raw,2793.3663,2833.0373527409592,2837.9705,42.7214,348,0,1,0,30.047,204.6275,rgb_frame,dropout,mild
M4,28,/audio/stream,2796.4206,2839.377723193059,2837.5824,38.1207,362,0,1,0,30.047,204.6275,wav_chunk,dropout,mild
M4,28,/robot_pose,2806.2453,2861.819301471011,2845.4324,37.1417,279,0,1,0,30.047,204.6275,pose_state,dropout,mild
M4,28,/head_cmd,2810.0,2838.492095833751,2849.5323,37.1161,242,0,1,0,30.047,204.6275,gaze_adjust,dropout,mild
M4,28,/speech_cmd,2812.0,2850.362660404589,2853.8044,39.5652,260,0,1,0,30.047,204.6275,comfort_prompt,dropout,mild
M4,28,/event_log,2814.0,2849.410930601796,2856.9219,41.201,222,0,1,0,30.047,204.6275,sync_tick,dropout,mild
M4,28,/system_health,2816.0,2849.1121374195136,2858.2353,40.0711,229,0,1,0,30.047,204.6275,system_ok,dropout,mild
M4,29,/camera/image_raw,2902.2676,2944.0789133602434,2952.0137,47.5311,266,0,1,0,29.6921,206.6029,rgb_frame,dropout,mild
M4,29,/audio/stream,2885.4819,2931.155831805095,2926.7506,39.0814,183,0,1,0,29.6921,206.6029,wav_chunk,dropout,mild
M4,29,/robot_pose,2896.3477,2932.778253086157,2938.1331,40.335,239,0,1,0,29.6921,206.6029,pose_state,dropout,mild
M4,29,/head_cmd,2910.0,2958.769101586167,2942.0722,30.7746,343,0,1,0,29.6921,206.6029,gaze_adjust,dropout,mild
M4,29,/speech_cmd,2912.0,2959.663734047158,2959.5911,44.3359,339,0,1,0,29.6921,206.6029,comfort_prompt,dropout,mild
M4,29,/event_log,2914.0,2949.6261147106075,2959.5439,43.7062,193,0,1,0,29.6921,206.6029,sync_tick,dropout,mild
M4,29,/system_health,2916.0,2958.667658542839,2963.8529,45.6013,405,0,1,0,29.6921,206.6029,system_ok,dropout,mild
M4,30,/camera/image_raw,2997.4443,3028.13842407968,3036.3652,37.1089,194,0,1,0,31.4697,213.7507,rgb_frame,dropout,mild
M4,30,/audio/stream,3015.7832,3058.464649223574,3054.7977,36.2809,244,0,1,0,31.4697,213.7507,wav_chunk,dropout,mild
M4,30,/robot_pose,2999.216,3027.515962747478,3043.2712,41.4101,144,0,1,0,31.4697,213.7507,pose_state,dropout,mild
M4,30,/head_cmd,3010.0,3045.6200889565134,3058.2685,46.3477,287,0,1,0,31.4697,213.7507,gaze_adjust,dropout,mild
M4,30,/speech_cmd,3012.0,3050.951131050007,3058.9802,43.6835,249,0,1,0,31.4697,213.7507,comfort_prompt,dropout,mild
M4,30,/event_log,3014.0,3052.1696743451066,3048.9518,32.7061,268,0,1,0,31.4697,213.7507,sync_tick,dropout,mild
M4,30,/system_health,3016.0,3062.928082198582,3055.3816,37.0636,234,0,1,0,31.4697,213.7507,system_ok,dropout,mild
M4,31,/camera/image_raw,3090.6007,3147.359537526183,3138.4824,45.7145,260,0,1,0,29.553,207.7048,rgb_frame,dropout,mild
M4,31,/audio/stream,3105.3719,3148.62031215958,3146.9522,39.01,336,0,1,0,29.553,207.7048,wav_chunk,dropout,mild
M4,31,/robot_pose,3097.1814,3139.8822837091357,3143.2948,43.364,292,0,1,0,29.553,207.7048,pose_state,dropout,mild
M4,31,/head_cmd,3110.0,3151.608606498512,3146.7507,35.2516,243,0,1,0,29.553,207.7048,gaze_adjust,dropout,mild
M4,31,/speech_cmd,3112.0,3140.713095060546,3151.2175,37.8691,143,0,1,0,29.553,207.7048,comfort_prompt,dropout,mild
M4,31,/event_log,3114.0,3134.62914222387,3151.3812,35.3864,251,0,1,0,29.553,207.7048,sync_tick,dropout,mild
M4,31,/system_health,3116.0,3157.093400621492,3155.8635,37.6003,229,0,1,0,29.553,207.7048,system_ok,dropout,mild
M4,32,/camera/image_raw,3207.634,3239.2971726628093,3248.5541,39.7086,249,0,1,0,30.2235,205.0742,rgb_frame,dropout,mild
M4,32,/audio/stream,3198.707,3235.275246142676,3238.3033,37.0907,175,0,1,0,30.2235,205.0742,wav_chunk,dropout,mild
M4,32,/robot_pose,3203.4817,3244.5687161269825,3246.2696,40.13,310,0,1,0,30.2235,205.0742,pose_state,dropout,mild
M4,32,/head_cmd,3210.0,3248.9995564734263,3249.2288,37.0146,267,0,1,0,30.2235,205.0742,gaze_adjust,dropout,mild
M4,32,/speech_cmd,3212.0,3265.7620323082006,3259.2747,46.2597,201,0,1,0,30.2235,205.0742,comfort_prompt,dropout,mild
M4,32,/event_log,3214.0,3271.945701506334,3267.2706,51.2891,142,0,1,0,30.2235,205.0742,sync_tick,dropout,mild
M4,32,/system_health,3216.0,3255.3010005373417,3253.7259,37.741,270,0,1,0,30.2235,205.0742,system_ok,dropout,mild
M4,33,/camera/image_raw,3305.6685,3337.4014777562447,3342.9551,35.2691,210,0,1,0,31.016,204.0994,rgb_frame,dropout,mild
M4,33,/audio/stream,3292.7067,3332.948696709411,3333.2756,39.3799,268,0,1,0,31.016,204.0994,wav_chunk,dropout,mild
M4,33,/robot_pose,3297.6464,3332.8352166666004,3340.2442,39.9585,268,0,1,0,31.016,204.0994,pose_state,dropout,mild
M4,33,/head_cmd,3310.0,3349.8107686239505,3352.4251,41.3822,285,0,1,0,31.016,204.0994,gaze_adjust,dropout,mild
M4,33,/speech_cmd,3312.0,3372.1772873886434,3353.2987,39.2319,318,0,1,0,31.016,204.0994,comfort_prompt,dropout,mild
M4,33,/event_log,3314.0,3353.1352176070686,3354.9586,37.6777,342,0,1,0,31.016,204.0994,sync_tick,dropout,mild
M4,33,/system_health,3316.0,3363.1685601363006,3360.9821,43.5666,124,0,1,0,31.016,204.0994,system_ok,dropout,mild
M4,34,/camera/image_raw,3407.5518,3440.5647548077573,3448.8285,38.6567,189,0,1,0,31.2909,206.5876,rgb_frame,dropout,mild
M4,34,/audio/stream,3400.8911,3448.967087331439,3443.8778,39.9154,268,0,1,0,31.2909,206.5876,wav_chunk,dropout,mild
M4,34,/robot_pose,3396.274,3447.6992793813074,3444.7239,45.343,256,0,1,0,31.2909,206.5876,pose_state,dropout,mild
M4,34,/head_cmd,3410.0,3447.145220437241,3442.3218,31.0064,301,0,1,0,31.2909,206.5876,gaze_adjust,dropout,mild
M4,34,/speech_cmd,3412.0,3447.8714299740277,3448.091,34.1523,276,0,1,0,31.2909,206.5876,comfort_prompt,dropout,mild
M4,34,/event_log,3414.0,3468.505120766134,3461.9716,46.2316,217,0,1,0,31.2909,206.5876,sync_tick,dropout,mild
M4,34,/system_health,3416.0,3466.3170815730778,3458.6243,40.1436,246,0,1,0,31.2909,206.5876,system_ok,dropout,mild
M4,35,/camera/image_raw,3507.3449,3553.6170913547944,3553.6714,44.0074,303,0,1,0,30.4897,207.8793,rgb_frame,dropout,mild
M4,35,/audio/stream,3493.6068,3534.1149011279977,3537.533,41.425,218,0,1,0,30.4897,207.8793,wav_chunk,dropout,mild
M4,35,/robot_pose,3500.6008,3545.8828679209178,3541.9058,38.1255,294,0,1,0,30.4897,207.8793,pose_state,dropout,mild
M4,35,/head_cmd,3510.0,3539.323697547522,3548.9014,36.5567,113,0,1,0,30.4897,207.8793,gaze_adjust,dropout,mild
M4,35,/speech_cmd,3512.0,3544.6091177550775,3553.3216,38.3528,248,0,1,0,30.4897,207.8793,comfort_prompt,dropout,mild
M4,35,/event_log,3514.0,3554.693797256921,3554.9071,41.1202,232,0,1,0,30.4897,207.8793,sync_tick,dropout,mild
M4,35,/system_health,3516.0,3544.0708434524945,3560.5739,42.0017,313,0,1,0,30.4897,207.8793,system_ok,dropout,mild
M4,36,/camera/image_raw,3598.5282,3637.3977621885074,3632.1088,32.2488,346,0,1,0,29.775,205.4676,rgb_frame,dropout,mild
M4,36,/audio/stream,3598.6748,3629.5293889002733,3639.6087,38.558,225,1,0,0,29.775,205.4676,wav_chunk,dropout,mild
M4,36,/robot_pose,3593.3394,3622.0454718279857,3628.7663,32.478,125,0,1,0,29.775,205.4676,pose_state,dropout,mild
M4,36,/head_cmd,3610.0,3645.714863234562,3649.5774,37.4211,269,0,1,0,29.775,205.4676,gaze_adjust,dropout,mild
M4,36,/speech_cmd,3612.0,3649.0486945725643,3649.464,36.7344,207,0,1,0,29.775,205.4676,comfort_prompt,dropout,mild
M4,36,/event_log,3614.0,3647.8959737886157,3652.2267,36.6452,314,0,1,0,29.775,205.4676,sync_tick,dropout,mild
M4,36,/system_health,3616.0,3650.2468316221575,3653.2266,34.7858,265,0,1,0,29.775,205.4676,system_ok,dropout,mild
M4,37,/camera/image_raw,3706.7232,3740.168978940877,3740.7354,33.9228,278,0,1,0,29.8106,210.2163,rgb_frame,dropout,mild
M4,37,/audio/stream,3698.9349,3737.018052338983,3743.1747,41.6593,224,0,1,1,29.8106,210.2163,wav_chunk,dropout,mild
M4,37,/robot_pose,3703.9557,3743.66354433889,3751.6812,45.8935,281,0,1,0,29.8106,210.2163,pose_state,dropout,mild
M4,37,/head_cmd,3710.0,3760.9648913948445,3755.8881,42.3131,236,0,1,0,29.8106,210.2163,gaze_adjust,dropout,mild
M4,37,/speech_cmd,3712.0,3732.4865543818664,3750.3233,37.3218,349,0,1,0,29.8106,210.2163,comfort_prompt,dropout,mild
M4,37,/event_log,3714.0,3753.974478727924,3758.1827,41.6202,443,0,1,0,29.8106,210.2163,sync_tick,dropout,mild
M4,37,/system_health,3716.0,3753.4836042249262,3758.3929,41.2348,244,0,1,0,29.8106,210.2163,system_ok,dropout,mild
M4,38,/camera/image_raw,3793.1765,3842.474131893812,3841.5629,45.9473,242,0,1,0,29.3543,205.0988,rgb_frame,dropout,mild
M4,38,/audio/stream,3796.8331,3827.806557627848,3842.0177,42.6078,272,0,1,0,29.3543,205.0988,wav_chunk,dropout,mild
M4,38,/robot_pose,3797.9871,3836.306017270051,3842.6115,42.3173,296,0,1,0,29.3543,205.0988,pose_state,dropout,mild
M4,38,/head_cmd,3810.0,3851.770822128082,3854.9199,42.5897,242,0,1,0,29.3543,205.0988,gaze_adjust,dropout,mild
M4,38,/speech_cmd,3812.0,3866.2594888829635,3859.5165,45.6989,279,0,1,0,29.3543,205.0988,comfort_prompt,dropout,mild
M4,38,/event_log,3814.0,3857.8903797343633,3856.9453,41.2329,207,0,1,0,29.3543,205.0988,sync_tick,dropout,mild
M4,38,/system_health,3816.0,3844.693994313049,3855.9681,38.1619,168,0,1,0,29.3543,205.0988,system_ok,dropout,mild
M4,39,/camera/image_raw,3895.4395,3934.411786250235,3940.065,42.872,283,0,1,0,30.6098,201.7213,rgb_frame,dropout,mild
M4,39,/audio/stream,3902.1298,3949.4685108212852,3944.4259,40.2503,249,0,1,0,30.6098,201.7213,wav_chunk,dropout,mild
M4,39,/robot_pose,3906.3297,3936.9406010726157,3949.8224,40.2171,254,0,1,0,30.6098,201.7213,pose_state,dropout,mild
M4,39,/head_cmd,3910.0,3954.019845853021,3957.6009,44.649,296,0,1,0,30.6098,201.7213,gaze_adjust,dropout,mild
M4,39,/speech_cmd,3912.0,3945.0873363797896,3948.2537,33.1603,228,0,1,0,30.6098,201.7213,comfort_prompt,dropout,mild
M4,39,/event_log,3914.0,3954.083435520634,3958.5917,43.1697,184,1,0,0,30.6098,201.7213,sync_tick,dropout,mild
M4,39,/system_health,3916.0,3985.7784142623914,3965.6468,48.2124,324,0,1,0,30.6098,201.7213,system_ok,dropout,mild
M4,40,/camera/image_raw,4000.8289,4032.6989483244192,4037.8844,35.1718,311,0,1,0,28.5688,208.9615,rgb_frame,dropout,mild
M4,40,/audio/stream,3996.639,4040.7567212749427,4038.1729,40.5196,307,0,1,0,28.5688,208.9615,wav_chunk,dropout,mild
M4,40,/robot_pose,3999.7759,4033.1197910382457,4041.0165,39.4744,300,0,1,0,28.5688,208.9615,pose_state,dropout,mild
M4,40,/head_cmd,4010.0,4053.055983935995,4050.1014,38.834,366,0,1,0,28.5688,208.9615,gaze_adjust,dropout,mild
M4,40,/speech_cmd,4012.0,4058.3999007748153,4053.5685,39.4336,231,0,1,0,28.5688,208.9615,comfort_prompt,dropout,mild
M4,40,/event_log,4014.0,4053.518987706031,4060.0027,44.2227,163,0,1,1,28.5688,208.9615,sync_tick,dropout,mild
M4,40,/system_health,4016.0,4052.350485478252,4056.0495,36.7881,305,0,1,0,28.5688,208.9615,system_ok,dropout,mild
M4,41,/camera/image_raw,4098.2149,4132.902461840873,4141.5992,41.8498,256,0,1,0,29.7068,208.5355,rgb_frame,dropout,mild
M4,41,/audio/stream,4110.986,4143.597369503601,4153.6031,41.7666,244,0,1,0,29.7068,208.5355,wav_chunk,dropout,mild
M4,41,/robot_pose,4103.7397,4151.354363460002,4146.0825,39.3203,145,0,1,0,29.7068,208.5355,pose_state,dropout,mild
M4,41,/head_cmd,4110.0,4144.574492432931,4150.8211,39.0065,313,0,1,0,29.7068,208.5355,gaze_adjust,dropout,mild
M4,41,/speech_cmd,4112.0,4133.049501371936,4155.9952,40.3584,295,0,1,0,29.7068,208.5355,comfort_prompt,dropout,mild
M4,41,/event_log,4114.0,4167.0144492519485,4155.2834,38.8916,234,0,1,0,29.7068,208.5355,sync_tick,dropout,mild
M4,41,/system_health,4116.0,4153.553337415498,4161.1044,43.9701,206,0,1,0,29.7068,208.5355,system_ok,dropout,mild
M4,42,/camera/image_raw,4203.1898,4235.181215650016,4236.9509,33.9624,164,0,1,0,31.5119,208.6076,rgb_frame,dropout,mild
M4,42,/audio/stream,4209.8061,4264.352352043954,4253.3724,41.4191,293,0,1,0,31.5119,208.6076,wav_chunk,dropout,mild
M4,42,/robot_pose,4188.9902,4227.156163246499,4229.6037,39.3,231,0,1,0,31.5119,208.6076,pose_state,dropout,mild
M4,42,/head_cmd,4210.0,4250.325607182385,4254.017,41.6323,208,0,1,0,31.5119,208.6076,gaze_adjust,dropout,mild
M4,42,/speech_cmd,4212.0,4247.278315643595,4258.8066,45.1037,203,0,1,0,31.5119,208.6076,comfort_prompt,dropout,mild
M4,42,/event_log,4214.0,4240.249630402979,4256.3882,39.3283,248,0,1,0,31.5119,208.6076,sync_tick,dropout,mild
M4,42,/system_health,4216.0,4253.388809883231,4257.6607,38.7199,384,0,1,0,31.5119,208.6076,system_ok,dropout,mild
M4,43,/camera/image_raw,4301.4678,4339.248478192599,4338.382,34.8782,218,0,1,0,29.3338,209.0746,rgb_frame,dropout,mild
M4,43,/audio/stream,4309.8707,4350.711803265686,4349.8676,38.3968,238,0,1,0,29.3338,209.0746,wav_chunk,dropout,mild
M4,43,/robot_pose,4305.1804,4343.4676113562455,4349.4221,42.1373,144,0,1,0,29.3338,209.0746,pose_state,dropout,mild
M4,43,/head_cmd,4310.0,4347.185962394776,4348.0084,37.0239,270,0,1,0,29.3338,209.0746,gaze_adjust,dropout,mild
M4,43,/speech_cmd,4312.0,4339.323920037376,4356.4269,42.0216,208,0,1,0,29.3338,209.0746,comfort_prompt,dropout,mild
M4,43,/event_log,4314.0,4358.677136165564,4356.8197,40.9958,187,0,1,0,29.3338,209.0746,sync_tick,dropout,mild
M4,43,/system_health,4316.0,4360.26734675816,4361.8305,42.9761,312,0,1,0,29.3338,209.0746,system_ok,dropout,mild
M4,44,/camera/image_raw,4395.7416,4451.278087153463,4435.7519,39.7473,237,0,1,0,30.7189,207.5694,rgb_frame,dropout,mild
M4,44,/audio/stream,4409.4349,4450.502337171432,4452.3144,41.0076,361,0,1,0,30.7189,207.5694,wav_chunk,dropout,mild
M4,44,/robot_pose,4397.5321,4425.984045182832,4435.2746,35.9933,201,0,1,0,30.7189,207.5694,pose_state,dropout,mild
M4,44,/head_cmd,4410.0,4447.98231492729,4451.4132,38.3881,344,0,1,0,30.7189,207.5694,gaze_adjust,dropout,mild
M4,44,/speech_cmd,4412.0,4447.217601599874,4451.4616,37.84,186,0,1,0,30.7189,207.5694,comfort_prompt,dropout,mild
M4,44,/event_log,4414.0,4463.345962950163,4462.9651,45.8683,249,0,1,0,30.7189,207.5694,sync_tick,dropout,mild
M4,44,/system_health,4416.0,4451.273936493802,4452.2135,35.0588,266,0,1,0,30.7189,207.5694,system_ok,dropout,mild
M4,45,/camera/image_raw,4503.8454,4541.169326391579,4553.9681,47.4035,190,0,1,0,31.7801,208.391,rgb_frame,dropout,mild
M4,45,/audio/stream,4483.4708,4510.659153694448,4525.8421,40.2743,198,0,1,0,31.7801,208.391,wav_chunk,dropout,mild
M4,45,/robot_pose,4498.3935,4538.062165621064,4539.3643,37.5655,197,0,1,0,31.7801,208.391,pose_state,dropout,mild
M4,45,/head_cmd,4510.0,4566.823616328555,4557.6095,45.7587,254,0,1,0,31.7801,208.391,gaze_adjust,dropout,mild
M4,45,/speech_cmd,4512.0,4556.327083072413,4557.4135,43.6923,290,0,1,0,31.7801,208.391,comfort_prompt,dropout,mild
M4,45,/event_log,4514.0,4553.765578831362,4549.811,33.2592,107,0,1,0,31.7801,208.391,sync_tick,dropout,mild
M4,45,/system_health,4516.0,4564.640073233629,4559.421,40.5376,293,0,1,0,31.7801,208.391,system_ok,dropout,mild
M4,46,/camera/image_raw,4590.9111,4632.702234766357,4633.0171,39.6568,239,0,1,0,30.2048,203.3106,rgb_frame,dropout,mild
M4,46,/audio/stream,4590.6427,4625.937668097108,4634.8326,41.811,223,0,1,0,30.2048,203.3106,wav_chunk,dropout,mild
M4,46,/robot_pose,4596.5566,4630.0840646803645,4630.8283,31.9649,198,0,1,0,30.2048,203.3106,pose_state,dropout,mild
M4,46,/head_cmd,4610.0,4657.052883100804,4649.9796,37.3963,341,0,1,0,30.2048,203.3106,gaze_adjust,dropout,mild
M4,46,/speech_cmd,4612.0,4655.796524396799,4654.2007,39.5574,169,0,1,0,30.2048,203.3106,comfort_prompt,dropout,mild
M4,46,/event_log,4614.0,4660.677762742629,4656.8438,40.6918,329,0,1,0,30.2048,203.3106,sync_tick,dropout,mild
M4,46,/system_health,4616.0,4649.847430066466,4655.5545,37.5478,319,0,1,0,30.2048,203.3106,system_ok,dropout,mild
M4,47,/camera/image_raw,4699.3558,4740.719169922036,4744.7521,42.9822,244,0,1,0,28.8135,208.8188,rgb_frame,dropout,mild
M4,47,/audio/stream,4691.1293,4731.0358815127975,4733.9977,40.8564,189,0,1,0,28.8135,208.8188,wav_chunk,dropout,mild
M4,47,/robot_pose,4712.7582,4762.5437959797055,4764.9785,50.1963,291,0,1,0,28.8135,208.8188,pose_state,dropout,mild
M4,47,/head_cmd,4710.0,4759.600566528099,4752.173,40.2569,228,0,1,0,28.8135,208.8188,gaze_adjust,dropout,mild
M4,47,/speech_cmd,4712.0,4728.618710173295,4749.4676,35.3961,231,0,1,0,28.8135,208.8188,comfort_prompt,dropout,mild
M4,47,/event_log,4714.0,4760.525906436655,4761.5242,46.2816,221,0,1,0,28.8135,208.8188,sync_tick,dropout,mild
M4,47,/system_health,4716.0,4753.365728994441,4757.3557,38.0017,203,0,1,0,28.8135,208.8188,system_ok,dropout,mild
M4,48,/camera/image_raw,4803.9361,4836.422190868447,4848.5857,43.4581,279,0,1,0,28.4855,205.1804,rgb_frame,dropout,mild
M4,48,/audio/stream,4807.7613,4853.611837732699,4850.7394,40.4764,284,0,1,0,28.4855,205.1804,wav_chunk,dropout,mild
M4,48,/robot_pose,4799.2694,4829.757698464441,4836.9733,36.2843,298,0,1,0,28.4855,205.1804,pose_state,dropout,mild
M4,48,/head_cmd,4810.0,4844.645438805174,4847.5015,37.5017,294,0,1,0,28.4855,205.1804,gaze_adjust,dropout,mild
M4,48,/speech_cmd,4812.0,4862.664255262032,4850.4477,35.874,339,0,1,0,28.4855,205.1804,comfort_prompt,dropout,mild
M4,48,/event_log,4814.0,4862.1658891963125,4857.0827,40.0861,265,0,1,0,28.4855,205.1804,sync_tick,dropout,mild
M4,48,/system_health,4816.0,4866.964595513161,4863.7191,46.3687,255,0,1,0,28.4855,205.1804,system_ok,dropout,mild
M4,49,/camera/image_raw,4904.7121,4956.121215477155,4955.5007,48.3629,289,0,1,0,29.5248,214.7942,rgb_frame,dropout,mild
M4,49,/audio/stream,4898.4767,4941.800059820437,4944.3678,44.6408,177,0,1,0,29.5248,214.7942,wav_chunk,dropout,mild
M4,49,/robot_pose,4905.7611,4966.65591812296,4953.0801,44.8998,242,0,1,0,29.5248,214.7942,pose_state,dropout,mild
M4,49,/head_cmd,4910.0,4956.335941051522,4950.2098,39.9186,244,1,0,0,29.5248,214.7942,gaze_adjust,dropout,mild
M4,49,/speech_cmd,4912.0,4942.865500688278,4951.7964,36.8619,315,0,1,0,29.5248,214.7942,comfort_prompt,dropout,mild
M4,49,/event_log,4914.0,4944.979981774259,4958.6972,42.1808,166,1,0,0,29.5248,214.7942,sync_tick,dropout,mild
M4,49,/system_health,4916.0,4962.771404015914,4960.9402,42.2367,330,0,1,0,29.5248,214.7942,system_ok,dropout,mild
M4,50,/camera/image_raw,5014.8275,5056.838246960972,5059.298,42.4578,317,0,1,0,29.1835,209.483,rgb_frame,dropout,mild
M4,50,/audio/stream,4986.4595,5013.02649466443,5025.8251,37.9985,194,0,1,0,29.1835,209.483,wav_chunk,dropout,mild
M4,50,/robot_pose,4998.0576,5042.449189325693,5040.2376,40.9628,253,0,1,0,29.1835,209.483,pose_state,dropout,mild
M4,50,/head_cmd,5010.0,5049.589982717507,5053.313,41.7422,308,0,1,1,29.1835,209.483,gaze_adjust,dropout,mild
M4,50,/speech_cmd,5012.0,5058.41151940422,5057.2163,42.1662,244,0,1,0,29.1835,209.483,comfort_prompt,dropout,mild
M4,50,/event_log,5014.0,5059.841321716647,5058.0571,42.3074,255,0,1,1,29.1835,209.483,sync_tick,dropout,mild
M4,50,/system_health,5016.0,5056.386987827649,5063.124,45.2531,287,0,1,0,29.1835,209.483,system_ok,dropout,mild
M4,51,/camera/image_raw,5094.3108,5145.868758115394,5142.0827,46.4952,167,0,1,0,30.9368,209.1707,rgb_frame,dropout,mild
M4,51,/audio/stream,5106.0724,5140.035659338921,5145.1112,37.9465,173,0,1,0,30.9368,209.1707,wav_chunk,dropout,mild
M4,51,/robot_pose,5097.1005,5136.535045014552,5142.1947,42.8976,227,0,1,0,30.9368,209.1707,pose_state,dropout,mild
M4,51,/head_cmd,5110.0,5144.6053287470295,5150.5858,38.8635,355,0,1,0,30.9368,209.1707,gaze_adjust,dropout,mild
M4,51,/speech_cmd,5112.0,5158.51719542245,5150.6117,37.4694,303,0,1,0,30.9368,209.1707,comfort_prompt,dropout,mild
M4,51,/event_log,5114.0,5151.303820895565,5157.3794,39.5484,224,0,1,0,30.9368,209.1707,sync_tick,dropout,mild
M4,51,/system_health,5116.0,5170.774845444514,5162.8611,43.7953,224,0,1,0,30.9368,209.1707,system_ok,dropout,mild
M4,52,/camera/image_raw,5194.7996,5239.257478961495,5227.6659,30.19,240,0,1,0,28.4483,205.8404,rgb_frame,dropout,mild
M4,52,/audio/stream,5205.9309,5239.708346905164,5246.4649,39.6872,190,0,1,0,28.4483,205.8404,wav_chunk,dropout,mild
M4,52,/robot_pose,5202.8745,5217.930437482424,5242.9605,38.4239,263,0,1,0,28.4483,205.8404,pose_state,dropout,mild
M4,52,/head_cmd,5210.0,5261.02567634617,5256.6853,42.6696,254,0,1,0,28.4483,205.8404,gaze_adjust,dropout,mild
M4,52,/speech_cmd,5212.0,5254.061624821119,5258.3334,44.7974,155,0,1,0,28.4483,205.8404,comfort_prompt,dropout,mild
M4,52,/event_log,5214.0,5245.997108694944,5253.8484,38.9266,256,0,1,0,28.4483,205.8404,sync_tick,dropout,mild
M4,52,/system_health,5216.0,5248.504155150776,5253.8505,37.2139,360,0,1,0,28.4483,205.8404,system_ok,dropout,mild
M4,53,/camera/image_raw,5296.2371,5331.095989429072,5336.1818,38.1774,276,0,1,0,29.1985,212.0525,rgb_frame,dropout,mild
M4,53,/audio/stream,5286.899,5340.76044472555,5333.1977,43.4839,250,0,1,0,29.1985,212.0525,wav_chunk,dropout,mild
M4,53,/robot_pose,5304.4909,5348.99558991454,5350.5128,43.2255,268,0,1,0,29.1985,212.0525,pose_state,dropout,mild
M4,53,/head_cmd,5310.0,5360.809189040865,5351.5841,40.5404,291,0,1,0,29.1985,212.0525,gaze_adjust,dropout,mild
M4,53,/speech_cmd,5312.0,5357.233460954228,5355.1488,41.2797,332,1,0,0,29.1985,212.0525,comfort_prompt,dropout,mild
M4,53,/event_log,5314.0,5346.925854208396,5352.9149,35.3997,254,0,1,0,29.1985,212.0525,sync_tick,dropout,mild
M4,53,/system_health,5316.0,5355.258242374325,5360.2651,42.3811,155,0,1,0,29.1985,212.0525,system_ok,dropout,mild
M4,54,/camera/image_raw,5399.0227,5436.871970005997,5436.2207,33.3564,190,0,1,0,29.7822,202.8609,rgb_frame,dropout,mild
M4,54,/audio/stream,5402.678,5454.472605034662,5449.3619,45.2312,245,0,1,0,29.7822,202.8609,wav_chunk,dropout,mild
M4,54,/robot_pose,5403.3811,5453.379341485606,5446.9488,42.0238,351,0,1,0,29.7822,202.8609,pose_state,dropout,mild
M4,54,/head_cmd,5410.0,5447.733591908994,5452.3946,39.8259,239,0,1,0,29.7822,202.8609,gaze_adjust,dropout,mild
M4,54,/speech_cmd,5412.0,5455.559546851236,5457.6209,42.1579,248,0,1,1,29.7822,202.8609,comfort_prompt,dropout,mild
M4,54,/event_log,5414.0,5465.114223274042,5462.1526,46.4419,301,0,1,0,29.7822,202.8609,sync_tick,dropout,mild
M4,54,/system_health,5416.0,5454.407779792506,5458.8246,41.4795,268,0,1,0,29.7822,202.8609,system_ok,dropout,mild
M4,55,/camera/image_raw,5500.0516,5530.731579729578,5541.9391,39.7596,233,0,1,0,30.1609,208.7968,rgb_frame,dropout,mild
M4,55,/audio/stream,5493.1745,5527.317531466383,5535.4525,40.5932,415,0,1,0,30.1609,208.7968,wav_chunk,dropout,mild
M4,55,/robot_pose,5501.79,5534.258216459616,5537.9188,34.3965,225,0,1,0,30.1609,208.7968,pose_state,dropout,mild
M4,55,/head_cmd,5510.0,5563.493457113763,5559.3397,48.1958,281,0,1,0,30.1609,208.7968,gaze_adjust,dropout,mild
M4,55,/speech_cmd,5512.0,5563.099219964577,5555.4943,41.0274,330,0,1,0,30.1609,208.7968,comfort_prompt,dropout,mild
M4,55,/event_log,5514.0,5548.048822330124,5560.7364,44.8972,267,0,1,0,30.1609,208.7968,sync_tick,dropout,mild
M4,55,/system_health,5516.0,5543.798739888561,5550.8567,32.5775,208,0,1,0,30.1609,208.7968,system_ok,dropout,mild
M4,56,/camera/image_raw,5598.6953,5631.787300023494,5636.1705,35.9549,325,0,1,0,28.1338,209.4152,rgb_frame,dropout,mild
M4,56,/audio/stream,5586.517,5636.0873362584525,5632.8489,43.2126,349,0,1,0,28.1338,209.4152,wav_chunk,dropout,mild
M4,56,/robot_pose,5602.0244,5635.569015716892,5643.1931,37.7695,168,0,1,0,28.1338,209.4152,pose_state,dropout,mild
M4,56,/head_cmd,5610.0,5650.40744132042,5655.6506,43.8453,200,1,0,0,28.1338,209.4152,gaze_adjust,dropout,mild
M4,56,/speech_cmd,5612.0,5644.022859382798,5658.2747,43.3188,310,0,1,0,28.1338,209.4152,comfort_prompt,dropout,mild
M4,56,/event_log,5614.0,5659.587558527786,5658.0259,41.7203,287,0,1,0,28.1338,209.4152,sync_tick,dropout,mild
M4,56,/system_health,5616.0,5656.784707403227,5660.709,42.0759,268,0,1,0,28.1338,209.4152,system_ok,dropout,mild
M4,57,/camera/image_raw,5705.8995,5748.504939720163,5755.558,47.8378,263,1,0,0,28.4778,209.7748,rgb_frame,dropout,mild
M4,57,/audio/stream,5686.9823,5729.202194204143,5731.8242,44.296,224,0,1,0,28.4778,209.7748,wav_chunk,dropout,mild
M4,57,/robot_pose,5699.3436,5751.0877640154495,5741.9542,42.7281,197,0,1,0,28.4778,209.7748,pose_state,dropout,mild
M4,57,/head_cmd,5710.0,5747.634404733441,5758.6759,45.6735,278,0,1,1,28.4778,209.7748,gaze_adjust,dropout,mild
M4,57,/speech_cmd,5712.0,5750.06552295117,5759.1709,44.7988,289,0,1,0,28.4778,209.7748,comfort_prompt,dropout,mild
M4,57,/event_log,5714.0,5764.025419579725,5756.3001,40.0074,218,0,1,0,28.4778,209.7748,sync_tick,dropout,mild
M4,57,/system_health,5716.0,5762.930198624151,5765.7412,46.324,338,0,1,0,28.4778,209.7748,system_ok,dropout,mild
M4,58,/camera/image_raw,5797.1432,5840.6485327736955,5837.831,38.1473,190,0,1,1,30.5983,209.92,rgb_frame,dropout,mild
M4,58,/audio/stream,5792.3698,5838.801915280046,5838.891,43.2181,353,1,0,0,30.5983,209.92,wav_chunk,dropout,mild
M4,58,/robot_pose,5806.3849,5849.618123581648,5850.9952,43.5159,267,0,1,0,30.5983,209.92,pose_state,dropout,mild
M4,58,/head_cmd,5810.0,5856.454107046811,5860.7456,49.2405,252,0,1,0,30.5983,209.92,gaze_adjust,dropout,mild
M4,58,/speech_cmd,5812.0,5864.988364179871,5861.0296,46.3359,404,0,1,0,30.5983,209.92,comfort_prompt,dropout,mild
M4,58,/event_log,5814.0,5861.048992542489,5853.1585,37.7503,329,0,1,0,30.5983,209.92,sync_tick,dropout,mild
M4,58,/system_health,5816.0,5860.571806776129,5853.9409,35.8983,252,0,1,0,30.5983,209.92,system_ok,dropout,mild
M4,59,/camera/image_raw,5907.2519,5953.467426930819,5965.7042,55.6993,261,0,0,0,29.5573,212.402,rgb_frame,dropout,mild
M4,59,/audio/stream,5904.9141,5949.757988142755,5941.0087,34.4045,243,0,1,1,29.5573,212.402,wav_chunk,dropout,mild
M4,59,/robot_pose,5902.2853,5936.879417966419,5941.9301,37.4576,362,0,1,0,29.5573,212.402,pose_state,dropout,mild
M4,59,/head_cmd,5910.0,5948.544463699642,5956.6576,44.5847,183,0,1,0,29.5573,212.402,gaze_adjust,dropout,mild
M4,59,/speech_cmd,5912.0,5955.590878425852,5959.1062,44.9455,152,0,1,0,29.5573,212.402,comfort_prompt,dropout,mild
M4,59,/event_log,5914.0,5963.09472748199,5959.4663,42.4457,110,1,0,0,29.5573,212.402,sync_tick,dropout,mild
M4,59,/system_health,5916.0,5956.621513472225,5954.4094,36.2978,300,0,1,0,29.5573,212.402,system_ok,dropout,mild
M4,60,/camera/image_raw,5996.3898,6030.135808705166,6033.297,35.7891,301,0,1,1,29.4848,210.5178,rgb_frame,dropout,mild
M4,60,/audio/stream,5993.3429,6041.289426935024,6037.5261,41.2452,224,0,1,0,29.4848,210.5178,wav_chunk,dropout,mild
M4,60,/robot_pose,6003.6358,6041.809484646075,6043.9792,37.0547,164,1,0,0,29.4848,210.5178,pose_state,dropout,mild
M4,60,/head_cmd,6010.0,6050.657228275685,6058.4974,45.241,307,0,1,0,29.4848,210.5178,gaze_adjust,dropout,mild
M4,60,/speech_cmd,6012.0,6043.8196177363325,6051.0307,37.4839,243,0,1,0,29.4848,210.5178,comfort_prompt,dropout,mild
M4,60,/event_log,6014.0,6052.336878755374,6050.4856,35.055,294,0,1,1,29.4848,210.5178,sync_tick,dropout,mild
M4,60,/system_health,6016.0,6058.172458113475,6060.1929,42.8326,296,0,1,0,29.4848,210.5178,system_ok,dropout,mild
M4,61,/camera/image_raw,6103.1801,6136.203758772691,6148.3782,44.0277,248,0,1,0,31.1644,210.3358,rgb_frame,dropout,mild
M4,61,/audio/stream,6112.0791,6158.808491944556,6154.0362,39.9521,282,0,1,0,31.1644,210.3358,wav_chunk,dropout,mild
M4,61,/robot_pose,6102.8457,6141.648999771005,6148.005,42.6455,245,0,1,1,31.1644,210.3358,pose_state,dropout,mild
M4,61,/head_cmd,6110.0,6159.90205718391,6150.2428,37.1651,276,0,1,0,31.1644,210.3358,gaze_adjust,dropout,mild
M4,61,/speech_cmd,6112.0,6136.809680118762,6150.0786,36.0336,151,0,1,0,31.1644,210.3358,comfort_prompt,dropout,mild
M4,61,/event_log,6114.0,6152.80383122888,6156.2908,40.2495,221,0,1,0,31.1644,210.3358,sync_tick,dropout,mild
M4,61,/system_health,6116.0,6156.846578524486,6163.7215,46.4464,298,1,0,0,31.1644,210.3358,system_ok,dropout,mild
M4,62,/camera/image_raw,6215.307,6246.713119836981,6256.1669,39.2096,212,0,1,0,28.7525,205.1862,rgb_frame,dropout,mild
M4,62,/audio/stream,6208.6181,6244.274274265933,6250.2868,39.5505,285,0,1,0,28.7525,205.1862,wav_chunk,dropout,mild
M4,62,/robot_pose,6199.8423,6249.911440872296,6237.4011,35.9046,246,1,0,0,28.7525,205.1862,pose_state,dropout,mild
M4,62,/head_cmd,6210.0,6251.220761360636,6253.743,40.0738,269,0,1,0,28.7525,205.1862,gaze_adjust,dropout,mild
M4,62,/speech_cmd,6212.0,6240.06773568962,6248.9359,34.4014,288,0,1,0,28.7525,205.1862,comfort_prompt,dropout,mild
M4,62,/event_log,6214.0,6239.726172717301,6255.5845,40.3552,361,0,1,0,28.7525,205.1862,sync_tick,dropout,mild
M4,62,/system_health,6216.0,6238.805299629219,6255.3048,36.5762,268,0,1,1,28.7525,205.1862,system_ok,dropout,mild
M4,63,/camera/image_raw,6304.2057,6337.69119484705,6344.3137,37.7772,178,0,1,0,29.3855,212.0968,rgb_frame,dropout,mild
M4,63,/audio/stream,6313.6549,6344.753796126891,6352.0644,36.1685,278,0,1,0,29.3855,212.0968,wav_chunk,dropout,mild
M4,63,/robot_pose,6302.8082,6334.507794350124,6338.8981,33.492,206,0,1,1,29.3855,212.0968,pose_state,dropout,mild
M4,63,/head_cmd,6310.0,6337.242929596513,6357.3388,45.4204,188,0,1,0,29.3855,212.0968,gaze_adjust,dropout,mild
M4,63,/speech_cmd,6312.0,6351.8713472396275,6354.0718,40.6048,332,0,1,0,29.3855,212.0968,comfort_prompt,dropout,mild
M4,63,/event_log,6314.0,6362.525538201177,6356.3824,40.3037,291,0,1,0,29.3855,212.0968,sync_tick,dropout,mild
M4,63,/system_health,6316.0,6365.264529978914,6353.4505,36.2818,280,0,1,0,29.3855,212.0968,system_ok,dropout,mild
M4,64,/camera/image_raw,6392.3023,6415.228230816662,6431.8608,38.0815,362,1,0,0,30.5776,205.4893,rgb_frame,dropout,mild
M4,64,/audio/stream,6391.1999,6428.970857926086,6437.2453,44.1821,290,0,1,0,30.5776,205.4893,wav_chunk,dropout,mild
M4,64,/robot_pose,6404.1838,6432.483229112204,6440.979,35.1333,262,0,1,0,30.5776,205.4893,pose_state,dropout,mild
M4,64,/head_cmd,6410.0,6453.532771420206,6454.489,42.367,270,0,1,0,30.5776,205.4893,gaze_adjust,dropout,mild
M4,64,/speech_cmd,6412.0,6443.113220256988,6454.9405,40.8714,238,0,1,0,30.5776,205.4893,comfort_prompt,dropout,mild
M4,64,/event_log,6414.0,6466.311105989814,6455.2386,38.853,280,0,1,0,30.5776,205.4893,sync_tick,dropout,mild
M4,64,/system_health,6416.0,6457.6996797734855,6458.6086,41.3515,196,0,1,0,30.5776,205.4893,system_ok,dropout,mild
M4,65,/camera/image_raw,6502.7922,6537.581029685606,6541.8134,35.7741,267,0,1,1,29.5472,209.6282,rgb_frame,dropout,mild
M4,65,/audio/stream,6511.7734,6562.158609870263,6551.4835,37.6435,224,0,1,0,29.5472,209.6282,wav_chunk,dropout,mild
M4,65,/robot_pose,6500.7621,6546.201719007333,6548.3683,45.568,265,0,1,0,29.5472,209.6282,pose_state,dropout,mild
M4,65,/head_cmd,6510.0,6555.818727251989,6554.2236,42.6163,267,0,1,0,29.5472,209.6282,gaze_adjust,dropout,mild
M4,65,/speech_cmd,6512.0,6547.412713813664,6554.3758,41.4191,271,0,1,0,29.5472,209.6282,comfort_prompt,dropout,mild
M4,65,/event_log,6514.0,6543.174283479564,6556.4423,40.1383,258,0,1,0,29.5472,209.6282,sync_tick,dropout,mild
M4,65,/system_health,6516.0,6552.475106947966,6560.6279,41.358,185,0,1,0,29.5472,209.6282,system_ok,dropout,mild
M4,66,/camera/image_raw,6597.6049,6657.484606711559,6643.0936,42.3839,237,0,1,0,30.5053,216.71,rgb_frame,dropout,mild
M4,66,/audio/stream,6605.3329,6646.352867586295,6643.2372,35.9557,298,0,1,0,30.5053,216.71,wav_chunk,dropout,mild
M4,66,/robot_pose,6602.4046,6646.155578696889,6646.4819,41.5547,243,0,1,0,30.5053,216.71,pose_state,dropout,mild
M4,66,/head_cmd,6610.0,6640.621212878518,6650.4883,38.4322,299,1,0,0,30.5053,216.71,gaze_adjust,dropout,mild
M4,66,/speech_cmd,6612.0,6662.58030640787,6656.6853,43.2903,301,0,1,0,30.5053,216.71,comfort_prompt,dropout,mild
M4,66,/event_log,6614.0,6640.46295380549,6653.8996,37.3245,244,0,1,0,30.5053,216.71,sync_tick,dropout,mild
M4,66,/system_health,6616.0,6649.654048402541,6664.0561,46.1905,266,0,1,0,30.5053,216.71,system_ok,dropout,mild
M4,67,/camera/image_raw,6704.2462,6738.364703016947,6745.9254,38.5896,220,0,1,0,29.7068,207.5613,rgb_frame,dropout,mild
M4,67,/audio/stream,6693.0083,6751.258427295692,6738.0742,42.6142,172,0,1,0,29.7068,207.5613,wav_chunk,dropout,mild
M4,67,/robot_pose,6699.6357,6757.244053859141,6743.1301,42.4252,293,0,1,0,29.7068,207.5613,pose_state,dropout,mild
M4,67,/head_cmd,6710.0,6744.709904573996,6750.5265,38.3198,178,0,1,1,29.7068,207.5613,gaze_adjust,dropout,mild
M4,67,/speech_cmd,6712.0,6747.444507854416,6755.7796,40.8381,207,0,1,0,29.7068,207.5613,comfort_prompt,dropout,mild
M4,67,/event_log,6714.0,6738.797003675521,6754.4836,37.9199,284,1,0,0,29.7068,207.5613,sync_tick,dropout,mild
M4,67,/system_health,6716.0,6747.23604580416,6750.4241,30.6118,287,0,1,0,29.7068,207.5613,system_ok,dropout,mild
M4,68,/camera/image_raw,6804.8784,6849.048902015905,6849.7777,42.8744,270,0,1,0,30.7422,207.4175,rgb_frame,dropout,mild
M4,68,/audio/stream,6798.8517,6842.766750033576,6839.3418,37.5986,184,0,1,0,30.7422,207.4175,wav_chunk,dropout,mild
M4,68,/robot_pose,6790.7232,6847.689760106601,6844.3945,49.6809,353,0,1,0,30.7422,207.4175,pose_state,dropout,mild
M4,68,/head_cmd,6810.0,6854.221124658683,6857.9329,45.8005,325,0,1,0,30.7422,207.4175,gaze_adjust,dropout,mild
M4,68,/speech_cmd,6812.0,6856.762122998077,6853.2711,40.3139,346,0,1,0,30.7422,207.4175,comfort_prompt,dropout,mild
M4,68,/event_log,6814.0,6853.608789057227,6861.3889,45.2139,182,0,1,1,30.7422,207.4175,sync_tick,dropout,mild
M4,68,/system_health,6816.0,6858.6501402668855,6855.0969,38.3538,312,1,0,0,30.7422,207.4175,system_ok,dropout,mild
M4,69,/camera/image_raw,6888.7768,6924.005943374524,6930.9343,39.2869,179,0,1,0,28.4306,209.6674,rgb_frame,dropout,mild
M4,69,/audio/stream,6902.2946,6943.5631681277355,6940.1774,37.5929,124,1,0,0,28.4306,209.6674,wav_chunk,dropout,mild
M4,69,/robot_pose,6895.7815,6946.624410602283,6947.4633,47.8149,261,0,1,0,28.4306,209.6674,pose_state,dropout,mild
M4,69,/head_cmd,6910.0,6947.87722900556,6949.2881,37.3268,308,0,1,0,28.4306,209.6674,gaze_adjust,dropout,mild
M4,69,/speech_cmd,6912.0,6956.920917745275,6952.9547,38.5646,255,0,1,0,28.4306,209.6674,comfort_prompt,dropout,mild
M4,69,/event_log,6914.0,6939.783707429114,6954.1259,38.3469,273,0,1,0,28.4306,209.6674,sync_tick,dropout,mild
M4,69,/system_health,6916.0,6944.195270254233,6955.276,36.7146,227,0,1,1,28.4306,209.6674,system_ok,dropout,mild
M4,70,/camera/image_raw,7000.8916,7037.279122611575,7041.6618,38.5481,371,0,1,0,31.0118,203.9823,rgb_frame,dropout,mild
M4,70,/audio/stream,7011.0717,7032.115292898613,7045.7844,32.5897,343,0,1,1,31.0118,203.9823,wav_chunk,dropout,mild
M4,70,/robot_pose,6999.159,7033.1935838835625,7038.4782,37.2894,275,0,1,0,31.0118,203.9823,pose_state,dropout,mild
M4,70,/head_cmd,7010.0,7048.17055763938,7054.6202,41.1676,282,1,0,0,31.0118,203.9823,gaze_adjust,dropout,mild
M4,70,/speech_cmd,7012.0,7068.218070293334,7059.6526,45.7406,211,0,1,0,31.0118,203.9823,comfort_prompt,dropout,mild
M4,70,/event_log,7014.0,7054.6668696183315,7054.7993,39.5266,285,0,1,0,31.0118,203.9823,sync_tick,dropout,mild
M4,70,/system_health,7016.0,7063.121436608511,7056.5486,38.886,285,0,1,0,31.0118,203.9823,system_ok,dropout,mild
M4,71,/camera/image_raw,7091.994,7137.635397750478,7137.5657,43.228,300,0,1,0,31.275,207.9003,rgb_frame,dropout,mild
M4,71,/audio/stream,7106.164,7143.018861830143,7148.1735,41.1402,316,0,1,0,31.275,207.9003,wav_chunk,dropout,mild
M4,71,/robot_pose,7097.6083,7139.027734461972,7140.7896,40.3497,297,0,1,0,31.275,207.9003,pose_state,dropout,mild
M4,71,/head_cmd,7110.0,7153.442610671458,7149.0754,37.6072,295,0,1,1,31.275,207.9003,gaze_adjust,dropout,mild
M4,71,/speech_cmd,7112.0,7161.03461061154,7154.4366,39.4874,245,0,1,0,31.275,207.9003,comfort_prompt,dropout,mild
M4,71,/event_log,7114.0,7157.735519496525,7161.3327,44.794,273,0,1,0,31.275,207.9003,sync_tick,dropout,mild
M4,71,/system_health,7116.0,7142.024314849176,7157.5903,39.2044,327,0,1,0,31.275,207.9003,system_ok,dropout,mild
M4,72,/camera/image_raw,7199.6205,7230.240481940625,7246.2464,44.3624,268,0,1,0,30.1371,213.8256,rgb_frame,dropout,mild
M4,72,/audio/stream,7204.2494,7238.386099119065,7243.059,36.748,274,0,1,0,30.1371,213.8256,wav_chunk,dropout,mild
M4,72,/robot_pose,7200.2318,7224.486487990816,7245.9891,42.9579,189,0,1,0,30.1371,213.8256,pose_state,dropout,mild
M4,72,/head_cmd,7210.0,7267.824235725894,7255.5924,43.4634,196,1,0,0,30.1371,213.8256,gaze_adjust,dropout,mild
M4,72,/speech_cmd,7212.0,7261.6764658511975,7260.2716,44.901,271,0,1,0,30.1371,213.8256,comfort_prompt,dropout,mild
M4,72,/event_log,7214.0,7251.305263924021,7259.2046,42.3906,339,0,1,0,30.1371,213.8256,sync_tick,dropout,mild
M4,72,/system_health,7216.0,7249.5905192479295,7259.6056,42.4677,376,0,1,0,30.1371,213.8256,system_ok,dropout,mild
M4,73,/camera/image_raw,7307.4596,7357.517452767808,7352.0872,41.8329,222,0,1,0,30.5553,208.2209,rgb_frame,dropout,mild
M4,73,/audio/stream,7295.9238,7323.063202754793,7334.481,36.0485,223,0,1,0,30.5553,208.2209,wav_chunk,dropout,mild
M4,73,/robot_pose,7294.8519,7327.803385891191,7337.0745,41.0973,240,0,1,0,30.5553,208.2209,pose_state,dropout,mild
M4,73,/head_cmd,7310.0,7347.245132479787,7356.0575,43.3727,208,0,1,1,30.5553,208.2209,gaze_adjust,dropout,mild
M4,73,/speech_cmd,7312.0,7348.752599316595,7350.0525,35.8399,289,0,1,0,30.5553,208.2209,comfort_prompt,dropout,mild
M4,73,/event_log,7314.0,7361.099979513179,7357.9239,42.1336,273,1,0,0,30.5553,208.2209,sync_tick,dropout,mild
M4,73,/system_health,7316.0,7372.063677867325,7364.8865,46.5223,158,0,1,0,30.5553,208.2209,system_ok,dropout,mild
M4,74,/camera/image_raw,7401.4224,7451.900370391574,7445.896,42.1182,324,0,1,0,30.0327,208.3663,rgb_frame,dropout,mild
M4,74,/audio/stream,7416.3517,7458.431589673878,7461.6472,42.0738,248,0,1,0,30.0327,208.3663,wav_chunk,dropout,mild
M4,74,/robot_pose,7393.563,7442.061275790051,7435.5618,40.3341,146,1,0,0,30.0327,208.3663,pose_state,dropout,mild
M4,74,/head_cmd,7410.0,7447.469803088189,7456.681,42.8378,283,0,1,0,30.0327,208.3663,gaze_adjust,dropout,mild
M4,74,/speech_cmd,7412.0,7441.914671884304,7458.3512,44.4816,241,0,1,0,30.0327,208.3663,comfort_prompt,dropout,mild
M4,74,/event_log,7414.0,7454.304151426316,7463.4802,45.6732,345,0,1,1,30.0327,208.3663,sync_tick,dropout,mild
M4,74,/system_health,7416.0,7454.50551588579,7463.1837,44.9556,268,0,1,0,30.0327,208.3663,system_ok,dropout,mild
M4,75,/camera/image_raw,7494.7254,7523.5491034256065,7530.7751,33.8795,236,0,1,0,30.0548,208.1824,rgb_frame,dropout,mild
M4,75,/audio/stream,7488.4147,7515.805602166065,7525.3844,35.0659,236,1,0,0,30.0548,208.1824,wav_chunk,dropout,mild
M4,75,/robot_pose,7494.366,7527.967923379362,7534.5981,37.2907,141,0,1,1,30.0548,208.1824,pose_state,dropout,mild
M4,75,/head_cmd,7510.0,7546.774237712748,7544.0167,31.8141,261,0,1,0,30.0548,208.1824,gaze_adjust,dropout,mild
M4,75,/speech_cmd,7512.0,7567.096256821301,7555.143,41.3742,200,0,1,0,30.0548,208.1824,comfort_prompt,dropout,mild
M4,75,/event_log,7514.0,7539.925228205928,7555.5748,39.728,349,0,1,0,30.0548,208.1824,sync_tick,dropout,mild
M4,75,/system_health,7516.0,7544.158522984794,7556.6178,38.4604,404,0,1,0,30.0548,208.1824,system_ok,dropout,mild
M4,76,/camera/image_raw,7598.6367,7632.778029930175,7641.3898,40.4729,221,0,1,0,30.8045,209.8106,rgb_frame,dropout,mild
M4,76,/audio/stream,7604.4493,7651.574735019492,7649.2718,40.9996,328,0,1,1,30.8045,209.8106,wav_chunk,dropout,mild
M4,76,/robot_pose,7603.2315,7642.505120456215,7647.0294,40.9132,203,0,1,0,30.8045,209.8106,pose_state,dropout,mild
M4,76,/head_cmd,7610.0,7642.862626215171,7651.6137,38.6555,345,1,0,0,30.8045,209.8106,gaze_adjust,dropout,mild
M4,76,/speech_cmd,7612.0,7654.347864061643,7650.4272,36.614,386,0,1,0,30.8045,209.8106,comfort_prompt,dropout,mild
M4,76,/event_log,7614.0,7661.733722130735,7657.7412,40.0826,268,0,1,0,30.8045,209.8106,sync_tick,dropout,mild
M4,76,/system_health,7616.0,7656.532120324611,7658.6378,40.6822,312,0,1,0,30.8045,209.8106,system_ok,dropout,mild
M4,77,/camera/image_raw,7709.5044,7742.135246187036,7751.6727,39.1606,322,0,1,0,31.0066,208.6373,rgb_frame,dropout,mild
M4,77,/audio/stream,7691.72,7733.217736537884,7733.4254,39.3356,183,0,1,0,31.0066,208.6373,wav_chunk,dropout,mild
M4,77,/robot_pose,7698.2377,7733.923854332379,7738.0893,37.5522,257,0,1,0,31.0066,208.6373,pose_state,dropout,mild
M4,77,/head_cmd,7710.0,7745.338494049716,7748.8939,37.2666,192,0,1,1,31.0066,208.6373,gaze_adjust,dropout,mild
M4,77,/speech_cmd,7712.0,7750.855198251185,7755.5803,42.9544,195,0,1,0,31.0066,208.6373,comfort_prompt,dropout,mild
M4,77,/event_log,7714.0,7755.082265978576,7750.2176,33.6824,147,0,1,0,31.0066,208.6373,sync_tick,dropout,mild
M4,77,/system_health,7716.0,7759.260141810614,7760.7727,41.2611,356,0,1,0,31.0066,208.6373,system_ok,dropout,mild
M4,78,/camera/image_raw,7787.3586,7841.360807055117,7835.755,45.7166,213,0,1,0,28.6876,208.6823,rgb_frame,dropout,mild
M4,78,/audio/stream,7802.3873,7856.701409163825,7846.4159,43.6236,210,0,1,0,28.6876,208.6823,wav_chunk,dropout,mild
M4,78,/robot_pose,7795.0551,7836.234846150934,7834.8257,37.5079,243,0,1,0,28.6876,208.6823,pose_state,dropout,mild
M4,78,/head_cmd,7810.0,7846.1857830809195,7852.2978,40.2376,257,0,1,0,28.6876,208.6823,gaze_adjust,dropout,mild
M4,78,/speech_cmd,7812.0,7863.286609857758,7857.2834,42.964,238,0,1,0,28.6876,208.6823,comfort_prompt,dropout,mild
M4,78,/event_log,7814.0,7860.135717618226,7859.2713,42.4104,222,0,1,0,28.6876,208.6823,sync_tick,dropout,mild
M4,78,/system_health,7816.0,7877.392742214462,7859.6953,40.5658,189,0,1,0,28.6876,208.6823,system_ok,dropout,mild
M4,79,/camera/image_raw,7912.6329,7954.901923107957,7954.2204,39.7881,233,0,1,0,28.9548,215.1262,rgb_frame,dropout,mild
M4,79,/audio/stream,7889.2868,7937.052204312113,7933.408,42.1839,248,0,1,0,28.9548,215.1262,wav_chunk,dropout,mild
M4,79,/robot_pose,7898.2732,7928.281291130369,7928.2036,27.6847,257,0,1,0,28.9548,215.1262,pose_state,dropout,mild
M4,79,/head_cmd,7910.0,7955.163011265055,7959.2031,45.9558,244,0,1,0,28.9548,215.1262,gaze_adjust,dropout,mild
M4,79,/speech_cmd,7912.0,7954.996167603299,7958.3852,45.0665,302,0,1,0,28.9548,215.1262,comfort_prompt,dropout,mild
M4,79,/event_log,7914.0,7955.8655507572685,7954.7639,39.5116,244,0,1,0,28.9548,215.1262,sync_tick,dropout,mild
M4,79,/system_health,7916.0,7967.572806014511,7965.7482,47.4034,345,0,1,0,28.9548,215.1262,system_ok,dropout,mild
M4,80,/camera/image_raw,7994.7589,8047.274803197156,8040.4403,43.2808,211,1,0,0,30.2479,209.6067,rgb_frame,dropout,mild
M4,80,/audio/stream,8008.3828,8055.00970446643,8056.1242,44.1561,220,0,1,0,30.2479,209.6067,wav_chunk,dropout,mild
M4,80,/robot_pose,7996.7392,8026.329986596598,8032.6326,33.2939,236,0,1,0,30.2479,209.6067,pose_state,dropout,mild
M4,80,/head_cmd,8010.0,8047.495668027208,8052.7554,40.1105,228,0,1,0,30.2479,209.6067,gaze_adjust,dropout,mild
M4,80,/speech_cmd,8012.0,8040.976004456775,8053.6794,39.5595,344,0,1,0,30.2479,209.6067,comfort_prompt,dropout,mild
M4,80,/event_log,8014.0,8068.044910748578,8055.9666,40.7552,184,0,1,0,30.2479,209.6067,sync_tick,dropout,mild
M4,80,/system_health,8016.0,8052.862411091833,8058.4882,41.1918,162,0,1,0,30.2479,209.6067,system_ok,dropout,mild
M4,81,/camera/image_raw,8104.4488,8154.475923681103,8149.4202,42.2877,99,0,1,1,30.323,209.5267,rgb_frame,dropout,mild
M4,81,/audio/stream,8105.476,8146.60440685954,8147.0063,38.916,231,0,1,0,30.323,209.5267,wav_chunk,dropout,mild
M4,81,/robot_pose,8098.1593,8140.611954646715,8140.9827,40.0228,260,1,0,0,30.323,209.5267,pose_state,dropout,mild
M4,81,/head_cmd,8110.0,8154.970116997822,8159.0113,45.9097,248,0,1,0,30.323,209.5267,gaze_adjust,dropout,mild
M4,81,/speech_cmd,8112.0,8144.783408890987,8151.0056,39.0858,236,0,1,0,30.323,209.5267,comfort_prompt,dropout,mild
M4,81,/event_log,8114.0,8140.716616796064,8150.8419,34.4649,265,0,1,0,30.323,209.5267,sync_tick,dropout,mild
M4,81,/system_health,8116.0,8172.489123110439,8161.9788,42.6614,254,0,1,0,30.323,209.5267,system_ok,dropout,mild
M4,82,/camera/image_raw,8215.9629,8260.944788630699,8261.4753,44.0702,238,0,1,0,29.3817,207.9563,rgb_frame,dropout,mild
M4,82,/audio/stream,8201.8596,8251.919241969501,8244.7586,41.0575,304,0,1,0,29.3817,207.9563,wav_chunk,dropout,mild
M4,82,/robot_pose,8193.4489,8248.79515550116,8240.8491,44.267,236,0,1,1,29.3817,207.9563,pose_state,dropout,mild
M4,82,/head_cmd,8210.0,8253.225024559206,8257.6206,46.5118,172,0,1,0,29.3817,207.9563,gaze_adjust,dropout,mild
M4,82,/speech_cmd,8212.0,8252.234546127422,8251.0538,36.8465,328,0,1,0,29.3817,207.9563,comfort_prompt,dropout,mild
M4,82,/event_log,8214.0,8253.653186203932,8255.1118,39.2931,243,1,0,0,29.3817,207.9563,sync_tick,dropout,mild
M4,82,/system_health,8216.0,8250.735289575865,8261.8109,43.993,223,0,1,0,29.3817,207.9563,system_ok,dropout,mild
M4,83,/camera/image_raw,8290.5822,8334.879560192767,8338.0952,45.7812,341,0,1,0,30.1,206.9284,rgb_frame,dropout,mild
M4,83,/audio/stream,8295.4262,8346.577352721913,8344.1221,46.451,166,0,1,0,30.1,206.9284,wav_chunk,dropout,mild
M4,83,/robot_pose,8305.8873,8351.889665959914,8358.3917,49.9946,236,0,1,0,30.1,206.9284,pose_state,dropout,mild
M4,83,/head_cmd,8310.0,8352.062354437025,8357.423,44.6611,334,0,1,0,30.1,206.9284,gaze_adjust,dropout,mild
M4,83,/speech_cmd,8312.0,8348.800265156915,8352.642,38.1872,184,0,1,0,30.1,206.9284,comfort_prompt,dropout,mild
M4,83,/event_log,8314.0,8374.39413465048,8359.6836,43.5019,272,0,1,1,30.1,206.9284,sync_tick,dropout,mild
M4,83,/system_health,8316.0,8341.578808503165,8358.2504,40.2512,203,1,0,0,30.1,206.9284,system_ok,dropout,mild
M4,0,/camera/image_raw,-1.8082,-9.721777144232199,38.3577,38.3285,246,0,1,0,30.0709,210.7588,rgb_frame,dropout,severe
M4,0,/audio/stream,-1.0086,74.54927773488255,39.043,39.2438,283,0,1,0,30.0709,210.7588,wav_chunk,dropout,severe
M4,0,/robot_pose,-3.2884,36.92703535458428,37.3904,37.4696,291,0,1,0,30.0709,210.7588,pose_state,dropout,severe
M4,0,/head_cmd,10.0,59.10433508602225,55.345,43.9538,233,0,1,0,30.0709,210.7588,gaze_adjust,dropout,severe
M4,0,/speech_cmd,12.0,62.604122201521946,47.9396,34.3037,331,1,0,0,30.0709,210.7588,comfort_prompt,dropout,severe
M4,0,/event_log,14.0,66.2045424096738,60.505,45.2235,228,0,1,0,30.0709,210.7588,sync_tick,dropout,severe
M4,0,/system_health,16.0,66.17242926575214,57.6373,38.9688,150,0,1,0,30.0709,210.7588,system_ok,dropout,severe
M4,1,/camera/image_raw,88.779,124.90234798952612,133.3448,42.4792,234,0,1,0,29.5085,209.4539,rgb_frame,dropout,severe
M4,1,/audio/stream,103.917,129.66497014050418,150.54,44.1948,217,0,1,0,29.5085,209.4539,wav_chunk,dropout,severe
M4,1,/robot_pose,90.2548,135.42579172209793,133.7288,40.9675,359,0,1,0,29.5085,209.4539,pose_state,dropout,severe
M4,1,/head_cmd,110.0,175.43611978411886,157.1335,43.9619,219,1,0,0,29.5085,209.4539,gaze_adjust,dropout,severe
M4,1,/speech_cmd,112.0,141.00276162425322,152.7315,38.7198,247,0,1,1,29.5085,209.4539,comfort_prompt,dropout,severe
M4,1,/event_log,114.0,139.86414007770335,153.9972,36.7845,309,0,1,0,29.5085,209.4539,sync_tick,dropout,severe
M4,1,/system_health,116.0,173.90908890569904,158.3072,39.5938,269,0,1,0,29.5085,209.4539,system_ok,dropout,severe
M4,2,/camera/image_raw,205.0388,236.56152192288363,243.6203,38.3814,191,0,1,0,29.9362,210.7462,rgb_frame,dropout,severe
M4,2,/audio/stream,189.2455,223.73810129248398,232.1476,40.651,357,1,0,0,29.9362,210.7462,wav_chunk,dropout,severe
M4,2,/robot_pose,199.2717,236.90073590580636,244.7631,43.2262,254,0,1,0,29.9362,210.7462,pose_state,dropout,severe
M4,2,/head_cmd,210.0,254.33718528514282,257.0398,45.3119,247,0,1,1,29.9362,210.7462,gaze_adjust,dropout,severe
M4,2,/speech_cmd,212.0,224.9336285614694,251.8733,36.5382,279,0,1,0,29.9362,210.7462,comfort_prompt,dropout,severe
M4,2,/event_log,214.0,243.9749983118756,254.1735,38.0651,286,1,0,0,29.9362,210.7462,sync_tick,dropout,severe
M4,2,/system_health,216.0,259.34782028709583,257.6647,39.8923,216,0,1,0,29.9362,210.7462,system_ok,dropout,severe
M4,3,/camera/image_raw,302.3727,344.62486904262244,343.219,38.9036,267,0,1,0,28.5303,209.2174,rgb_frame,dropout,severe
M4,3,/audio/stream,297.1356,357.12589578869375,342.5173,42.6205,289,0,1,1,28.5303,209.2174,wav_chunk,dropout,severe
M4,3,/robot_pose,297.7312,363.9878833329221,338.1434,38.6658,193,1,0,0,28.5303,209.2174,pose_state,dropout,severe
M4,3,/head_cmd,310.0,369.9430516999661,349.4716,37.2558,208,0,1,0,28.5303,209.2174,gaze_adjust,dropout,severe
M4,3,/speech_cmd,312.0,365.732485761109,353.4403,40.0127,156,0,1,0,28.5303,209.2174,comfort_prompt,dropout,severe
M4,3,/event_log,314.0,354.67508113849186,358.7266,42.9061,205,0,1,1,28.5303,209.2174,sync_tick,dropout,severe
M4,3,/system_health,316.0,341.90706395064683,353.7915,35.2531,338,0,1,0,28.5303,209.2174,system_ok,dropout,severe
M4,4,/camera/image_raw,397.1785,447.204576487626,446.9714,49.758,250,0,1,0,28.0085,214.5072,rgb_frame,dropout,severe
M4,4,/audio/stream,398.2755,444.1649815465935,437.3694,37.1058,230,0,1,0,28.0085,214.5072,wav_chunk,dropout,severe
M4,4,/robot_pose,405.3582,460.915866973685,450.6967,43.2286,201,0,1,1,28.0085,214.5072,pose_state,dropout,severe
M4,4,/head_cmd,410.0,458.63908600273777,451.9046,39.2928,184,0,1,0,28.0085,214.5072,gaze_adjust,dropout,severe
M4,4,/speech_cmd,412.0,443.5789679293592,449.1908,33.3966,217,1,0,0,28.0085,214.5072,comfort_prompt,dropout,severe
M4,4,/event_log,414.0,465.2350335976339,455.3139,39.4321,288,0,1,0,28.0085,214.5072,sync_tick,dropout,severe
M4,4,/system_health,416.0,481.98578757625256,465.7367,47.0727,164,1,0,0,28.0085,214.5072,system_ok,dropout,severe
M4,5,/camera/image_raw,490.3111,539.170005761013,529.3622,35.6564,365,0,1,0,28.1059,211.2942,rgb_frame,dropout,severe
M4,5,/audio/stream,496.8083,535.336804172549,538.3682,39.0087,182,0,1,0,28.1059,211.2942,wav_chunk,dropout,severe
M4,5,/robot_pose,498.6588,528.6475696124099,542.9567,42.4964,190,0,1,0,28.1059,211.2942,pose_state,dropout,severe
M4,5,/head_cmd,510.0,535.9808885591783,550.6718,38.8444,236,0,1,0,28.1059,211.2942,gaze_adjust,dropout,severe
M4,5,/speech_cmd,512.0,545.5821356461172,557.3722,43.8004,360,0,1,1,28.1059,211.2942,comfort_prompt,dropout,severe
M4,5,/event_log,514.0,552.5576279801239,552.1938,34.7015,195,0,1,0,28.1059,211.2942,sync_tick,dropout,severe
M4,5,/system_health,516.0,563.7947563033345,557.8055,39.9977,235,0,1,1,28.1059,211.2942,system_ok,dropout,severe
M4,6,/camera/image_raw,605.6095,621.0299152308395,643.6546,36.6384,187,1,0,0,29.5547,209.5159,rgb_frame,dropout,severe
M4,6,/audio/stream,611.9986,642.4550733745467,652.4147,38.0164,141,0,1,0,29.5547,209.5159,wav_chunk,dropout,severe
M4,6,/robot_pose,605.9526,649.1831819795809,648.9467,39.5813,323,1,0,0,29.5547,209.5159,pose_state,dropout,severe
M4,6,/head_cmd,610.0,633.930801348536,648.5085,37.426,283,0,1,0,29.5547,209.5159,gaze_adjust,dropout,severe
M4,6,/speech_cmd,612.0,649.005562295894,645.5851,30.497,243,0,1,0,29.5547,209.5159,comfort_prompt,dropout,severe
M4,6,/event_log,614.0,656.4804756362515,661.9103,47.0919,311,0,1,0,29.5547,209.5159,sync_tick,dropout,severe
M4,6,/system_health,616.0,644.5133959249612,657.2998,39.3647,173,0,1,0,29.5547,209.5159,system_ok,dropout,severe
M4,7,/camera/image_raw,704.1702,740.5234814867335,740.8306,35.5552,344,0,1,1,31.1089,207.3371,rgb_frame,dropout,severe
M4,7,/audio/stream,705.4091,747.7513049436866,745.2512,36.458,287,0,1,0,31.1089,207.3371,wav_chunk,dropout,severe
M4,7,/robot_pose,708.9256,737.0879662859511,751.7704,40.8903,295,0,1,1,31.1089,207.3371,pose_state,dropout,severe
M4,7,/head_cmd,710.0,745.8696143027893,751.4134,39.5088,297,1,0,0,31.1089,207.3371,gaze_adjust,dropout,severe
M4,7,/speech_cmd,712.0,758.0099756596067,752.5561,38.9948,291,0,1,0,31.1089,207.3371,comfort_prompt,dropout,severe
M4,7,/event_log,714.0,741.8833472502484,755.9058,39.3147,228,1,0,0,31.1089,207.3371,sync_tick,dropout,severe
M4,7,/system_health,716.0,725.8678473936415,754.3222,34.7342,348,0,1,0,31.1089,207.3371,system_ok,dropout,severe
M4,8,/camera/image_raw,806.1865,820.7222923146537,847.4687,37.5845,253,0,1,0,31.5206,208.0093,rgb_frame,dropout,severe
M4,8,/audio/stream,796.8975,837.8151370391455,845.1672,47.1884,287,0,1,0,31.5206,208.0093,wav_chunk,dropout,severe
M4,8,/robot_pose,798.4984,827.1211258554229,849.1212,48.399,240,0,1,0,31.5206,208.0093,pose_state,dropout,severe
M4,8,/head_cmd,810.0,840.2278715723563,848.5095,35.4437,209,0,1,1,31.5206,208.0093,gaze_adjust,dropout,severe
M4,8,/speech_cmd,812.0,876.7095427675902,852.9478,39.7354,349,1,0,0,31.5206,208.0093,comfort_prompt,dropout,severe
M4,8,/event_log,814.0,838.0552241846698,860.909,44.7342,186,0,1,1,31.5206,208.0093,sync_tick,dropout,severe
M4,8,/system_health,816.0,858.0192272278344,864.1656,46.2583,189,1,0,0,31.5206,208.0093,system_ok,dropout,severe
M4,9,/camera/image_raw,887.6652,958.0081683140708,928.5082,38.3585,212,0,1,0,29.3149,211.0843,rgb_frame,dropout,severe
M4,9,/audio/stream,894.8323,941.0749512446356,938.6897,40.1207,235,0,1,0,29.3149,211.0843,wav_chunk,dropout,severe
M4,9,/robot_pose,892.7268,928.608750687866,935.0722,41.3978,347,0,1,0,29.3149,211.0843,pose_state,dropout,severe
M4,9,/head_cmd,910.0,945.5979604822114,950.9917,37.9512,248,0,1,0,29.3149,211.0843,gaze_adjust,dropout,severe
M4,9,/speech_cmd,912.0,960.7468376258993,957.0432,42.3064,228,0,1,1,29.3149,211.0843,comfort_prompt,dropout,severe
M4,9,/event_log,914.0,983.6642789594116,959.8205,44.2277,302,0,1,0,29.3149,211.0843,sync_tick,dropout,severe
M4,9,/system_health,916.0,946.3363958878414,956.7789,38.2992,228,1,0,0,29.3149,211.0843,system_ok,dropout,severe
M4,10,/camera/image_raw,1000.3498,1028.9458457566757,1042.6172,39.9601,219,0,1,0,30.0486,207.4876,rgb_frame,dropout,severe
M4,10,/audio/stream,991.4025,1010.3855690082967,1032.4632,39.6652,396,1,0,0,30.0486,207.4876,wav_chunk,dropout,severe
M4,10,/robot_pose,1001.2378,1047.2009404876471,1048.073,44.4167,326,0,1,0,30.0486,207.4876,pose_state,dropout,severe
M4,10,/head_cmd,1010.0,1021.1778894527314,1042.4171,32.2632,232,1,0,0,30.0486,207.4876,gaze_adjust,dropout,severe
M4,10,/speech_cmd,1012.0,1039.709260627673,1048.6767,34.666,268,0,1,0,30.0486,207.4876,comfort_prompt,dropout,severe
M4,10,/event_log,1014.0,1044.231648383345,1059.1513,43.8619,279,0,1,0,30.0486,207.4876,sync_tick,dropout,severe
M4,10,/system_health,1016.0,1072.3496526535116,1058.7158,40.2378,224,0,1,1,30.0486,207.4876,system_ok,dropout,severe
M4,11,/camera/image_raw,1109.6819,1142.078554189498,1151.6423,40.0225,293,0,1,0,29.1306,211.0799,rgb_frame,dropout,severe
M4,11,/audio/stream,1099.1719,1144.1903549200842,1138.3069,39.0645,72,0,1,1,29.1306,211.0799,wav_chunk,dropout,severe
M4,11,/robot_pose,1108.8709,1130.1604199746716,1157.406,45.3509,369,0,1,0,29.1306,211.0799,pose_state,dropout,severe
M4,11,/head_cmd,1110.0,1152.1637043167927,1151.357,40.1911,230,0,1,1,29.1306,211.0799,gaze_adjust,dropout,severe
M4,11,/speech_cmd,1112.0,1134.2594954120889,1153.7013,40.3069,354,1,0,0,29.1306,211.0799,comfort_prompt,dropout,severe
M4,11,/event_log,1114.0,1156.834472501052,1165.8018,49.2192,255,0,1,0,29.1306,211.0799,sync_tick,dropout,severe
M4,11,/system_health,1116.0,1184.2493386138435,1154.5185,35.0813,260,0,1,0,29.1306,211.0799,system_ok,dropout,severe
M4,12,/camera/image_raw,1197.9758,1256.1202156586132,1244.254,44.1617,325,0,1,0,30.1616,204.9611,rgb_frame,dropout,severe
M4,12,/audio/stream,1203.8494,1240.9320112575303,1244.9492,39.0088,183,0,1,0,30.1616,204.9611,wav_chunk,dropout,severe
M4,12,/robot_pose,1197.0714,1287.907928646748,1241.4232,42.8524,226,0,1,0,30.1616,204.9611,pose_state,dropout,severe
M4,12,/head_cmd,1210.0,1236.0898796444003,1252.1145,39.8175,153,0,1,0,30.1616,204.9611,gaze_adjust,dropout,severe
M4,12,/speech_cmd,1212.0,1268.3683457311306,1253.7263,38.8901,233,0,1,1,30.1616,204.9611,comfort_prompt,dropout,severe
M4,12,/event_log,1214.0,1229.9242831472932,1255.2444,38.9144,248,0,1,0,30.1616,204.9611,sync_tick,dropout,severe
M4,12,/system_health,1216.0,1248.0324586352808,1253.8622,35.6913,315,0,1,0,30.1616,204.9611,system_ok,dropout,severe
M4,13,/camera/image_raw,1292.6418,1308.5476537472916,1331.0383,36.1227,183,1,0,0,31.0355,208.7414,rgb_frame,dropout,severe
M4,13,/audio/stream,1297.0041,1336.2527387263633,1333.4255,35.3895,191,0,1,0,31.0355,208.7414,wav_chunk,dropout,severe
M4,13,/robot_pose,1293.0918,1338.8842538036813,1339.6582,44.9528,283,0,1,0,31.0355,208.7414,pose_state,dropout,severe
M4,13,/head_cmd,1310.0,1341.5633280122463,1348.9859,36.1783,194,0,1,0,31.0355,208.7414,gaze_adjust,dropout,severe
M4,13,/speech_cmd,1312.0,1368.0612553768947,1353.9227,39.6804,395,0,1,0,31.0355,208.7414,comfort_prompt,dropout,severe
M4,13,/event_log,1314.0,1347.538715404958,1357.7709,42.0452,297,0,1,0,31.0355,208.7414,sync_tick,dropout,severe
M4,13,/system_health,1316.0,1368.97897621711,1364.9725,48.0762,205,0,1,0,31.0355,208.7414,system_ok,dropout,severe
M4,14,/camera/image_raw,1398.3417,1444.16102410407,1433.8925,33.511,318,1,0,0,28.5653,212.9311,rgb_frame,dropout,severe
M4,14,/audio/stream,1396.6633,1413.495681866557,1437.1605,39.0807,175,0,1,0,28.5653,212.9311,wav_chunk,dropout,severe
M4,14,/robot_pose,1398.3362,1425.3913848748844,1438.212,38.2814,268,0,1,0,28.5653,212.9311,pose_state,dropout,severe
M4,14,/head_cmd,1410.0,1444.4035145097375,1446.446,33.5956,262,1,0,0,28.5653,212.9311,gaze_adjust,dropout,severe
M4,14,/speech_cmd,1412.0,1461.413101291425,1455.3136,39.9608,229,1,0,0,28.5653,212.9311,comfort_prompt,dropout,severe
M4,14,/event_log,1414.0,1471.616666488823,1452.0599,36.2981,244,0,1,0,28.5653,212.9311,sync_tick,dropout,severe
M4,14,/system_health,1416.0,1451.5994030190814,1456.373,38.8376,134,0,1,0,28.5653,212.9311,system_ok,dropout,severe
M4,15,/camera/image_raw,1496.0735,1534.1803343602517,1542.2335,42.8539,302,0,1,1,31.3195,214.4754,rgb_frame,dropout,severe
M4,15,/audio/stream,1502.8786,1536.445859546795,1553.2155,46.6562,313,0,1,0,31.3195,214.4754,wav_chunk,dropout,severe
M4,15,/robot_pose,1500.6813,1548.2731613826554,1545.3592,42.6421,253,0,1,0,31.3195,214.4754,pose_state,dropout,severe
M4,15,/head_cmd,1510.0,1544.0085363945286,1551.1623,38.4653,212,0,1,1,31.3195,214.4754,gaze_adjust,dropout,severe
M4,15,/speech_cmd,1512.0,1546.9417160576143,1551.3681,39.0522,359,1,0,0,31.3195,214.4754,comfort_prompt,dropout,severe
M4,15,/event_log,1514.0,1551.5263724116724,1555.4992,38.9347,343,1,0,0,31.3195,214.4754,sync_tick,dropout,severe
M4,15,/system_health,1516.0,1565.2922209313551,1560.3733,41.0178,181,0,1,0,31.3195,214.4754,system_ok,dropout,severe
M4,16,/camera/image_raw,1616.7816,1648.059541702311,1659.8709,39.7338,143,0,1,0,31.5676,205.7278,rgb_frame,dropout,severe
M4,16,/audio/stream,1608.6969,1640.2446286663665,1654.4527,43.1301,374,0,1,0,31.5676,205.7278,wav_chunk,dropout,severe
M4,16,/robot_pose,1601.046,1642.0783627920116,1639.0902,34.5565,222,0,1,0,31.5676,205.7278,pose_state,dropout,severe
M4,16,/head_cmd,1610.0,1603.7143264717613,1650.3226,39.1002,190,0,1,0,31.5676,205.7278,gaze_adjust,dropout,severe
M4,16,/speech_cmd,1612.0,1645.4472273950748,1655.8125,42.5024,300,0,1,1,31.5676,205.7278,comfort_prompt,dropout,severe
M4,16,/event_log,1614.0,1634.9667575088895,1653.466,38.2364,224,0,1,1,31.5676,205.7278,sync_tick,dropout,severe
M4,16,/system_health,1616.0,1676.283973345252,1660.2132,42.2351,258,1,0,0,31.5676,205.7278,system_ok,dropout,severe
M4,17,/camera/image_raw,1704.8735,1740.3672085618564,1748.0127,42.1078,202,0,1,0,28.8514,209.2131,rgb_frame,dropout,severe
M4,17,/audio/stream,1708.6594,1737.5970582709917,1748.0415,37.3484,210,0,1,0,28.8514,209.2131,wav_chunk,dropout,severe
M4,17,/robot_pose,1698.4495,1740.7735627212007,1742.4188,43.0533,161,0,1,0,28.8514,209.2131,pose_state,dropout,severe
M4,17,/head_cmd,1710.0,1739.9590135730264,1750.9491,38.8896,168,0,1,0,28.8514,209.2131,gaze_adjust,dropout,severe
M4,17,/speech_cmd,1712.0,1743.758477627697,1751.6774,37.7982,232,0,1,0,28.8514,209.2131,comfort_prompt,dropout,severe
M4,17,/event_log,1714.0,1756.2893561563474,1756.5034,40.8327,344,1,0,0,28.8514,209.2131,sync_tick,dropout,severe
M4,17,/system_health,1716.0,1751.847393482406,1759.7323,42.178,261,0,1,1,28.8514,209.2131,system_ok,dropout,severe
M4,18,/camera/image_raw,1800.8681,1840.9224382159193,1850.5934,46.4926,267,1,0,0,30.8441,209.1172,rgb_frame,dropout,severe
M4,18,/audio/stream,1809.7178,1834.0426348943304,1851.8003,39.4772,245,0,1,0,30.8441,209.1172,wav_chunk,dropout,severe
M4,18,/robot_pose,1796.9981,1826.938943892192,1846.5085,47.2476,231,0,1,0,30.8441,209.1172,pose_state,dropout,severe
M4,18,/head_cmd,1810.0,1849.5974534638542,1849.9175,38.6879,289,1,0,0,30.8441,209.1172,gaze_adjust,dropout,severe
M4,18,/speech_cmd,1812.0,1853.8453076467874,1852.3248,37.2463,178,0,1,0,30.8441,209.1172,comfort_prompt,dropout,severe
M4,18,/event_log,1814.0,1833.6129503432408,1858.1555,41.0353,126,1,0,0,30.8441,209.1172,sync_tick,dropout,severe
M4,18,/system_health,1816.0,1875.9985212307129,1866.4592,48.5994,264,0,1,0,30.8441,209.1172,system_ok,dropout,severe
M4,19,/camera/image_raw,1904.0001,1962.037114597371,1953.1943,46.5763,373,0,1,1,31.0971,210.4534,rgb_frame,dropout,severe
M4,19,/audio/stream,1905.809,1963.5664370741792,1949.7015,43.1371,412,0,1,0,31.0971,210.4534,wav_chunk,dropout,severe
M4,19,/robot_pose,1901.3694,1943.103136271109,1942.0012,37.2354,257,0,1,0,31.0971,210.4534,pose_state,dropout,severe
M4,19,/head_cmd,1910.0,1963.3333315043349,1955.4263,43.7771,293,1,0,0,31.0971,210.4534,gaze_adjust,dropout,severe
M4,19,/speech_cmd,1912.0,1983.2953876686747,1953.9832,38.52,282,0,1,0,31.0971,210.4534,comfort_prompt,dropout,severe
M4,19,/event_log,1914.0,1952.7536759868406,1957.7453,43.2765,250,0,1,1,31.0971,210.4534,sync_tick,dropout,severe
M4,19,/system_health,1916.0,1941.4896274866567,1959.5539,41.175,313,0,1,0,31.0971,210.4534,system_ok,dropout,severe
M4,20,/camera/image_raw,1997.4387,2013.1083017516783,2037.5894,38.6806,276,0,1,0,27.4934,210.6502,rgb_frame,dropout,severe
M4,20,/audio/stream,2000.3903,2071.6513089534847,2048.3475,44.9259,247,0,1,0,27.4934,210.6502,wav_chunk,dropout,severe
M4,20,/robot_pose,2005.9061,2075.95700888048,2052.3196,43.5191,250,0,1,0,27.4934,210.6502,pose_state,dropout,severe
M4,20,/head_cmd,2010.0,2033.3748038709864,2048.9356,37.2438,306,0,1,1,27.4934,210.6502,gaze_adjust,dropout,severe
M4,20,/speech_cmd,2012.0,2040.9376878098215,2053.2106,39.8475,154,0,1,0,27.4934,210.6502,comfort_prompt,dropout,severe
M4,20,/event_log,2014.0,2052.4835344370326,2059.106,43.3434,275,1,0,0,27.4934,210.6502,sync_tick,dropout,severe
M4,20,/system_health,2016.0,2079.33875308219,2062.1278,44.9749,253,1,0,0,27.4934,210.6502,system_ok,dropout,severe
M4,21,/camera/image_raw,2098.8051,2123.5085670227954,2144.869,44.013,247,0,1,0,28.5376,210.5954,rgb_frame,dropout,severe
M4,21,/audio/stream,2103.0379,2115.0993071266666,2147.0745,41.5607,290,0,1,0,28.5376,210.5954,wav_chunk,dropout,severe
M4,21,/robot_pose,2106.1958,2180.8405171484324,2149.7422,42.132,315,0,1,0,28.5376,210.5954,pose_state,dropout,severe
M4,21,/head_cmd,2110.0,2159.2395993038012,2156.9029,44.554,166,0,1,0,28.5376,210.5954,gaze_adjust,dropout,severe
M4,21,/speech_cmd,2112.0,2158.2440995887787,2153.7834,39.4279,187,0,1,0,28.5376,210.5954,comfort_prompt,dropout,severe
M4,21,/event_log,2114.0,2149.3697099220003,2153.5188,38.4463,292,0,1,1,28.5376,210.5954,sync_tick,dropout,severe
M4,21,/system_health,2116.0,2163.5374738557703,2157.4341,40.5507,277,0,1,1,28.5376,210.5954,system_ok,dropout,severe
M4,22,/camera/image_raw,2199.6044,2214.4693117498855,2239.3975,37.578,264,0,1,0,29.1184,206.8416,rgb_frame,dropout,severe
M4,22,/audio/stream,2204.1313,2230.4852914970966,2244.9605,38.9678,234,1,0,0,29.1184,206.8416,wav_chunk,dropout,severe
M4,22,/robot_pose,2198.0423,2249.381268267839,2249.3873,49.7616,222,0,1,0,29.1184,206.8416,pose_state,dropout,severe
M4,22,/head_cmd,2210.0,2228.8427366064966,2265.4429,52.9061,173,0,1,0,29.1184,206.8416,gaze_adjust,dropout,severe
M4,22,/speech_cmd,2212.0,2250.5636357927865,2256.5734,43.1014,310,1,0,0,29.1184,206.8416,comfort_prompt,dropout,severe
M4,22,/event_log,2214.0,2247.424334444984,2254.735,38.8868,352,0,1,0,29.1184,206.8416,sync_tick,dropout,severe
M4,22,/system_health,2216.0,2253.4559465207444,2260.9747,41.9963,282,0,1,0,29.1184,206.8416,system_ok,dropout,severe
M4,23,/camera/image_raw,2296.8889,2332.1234728826853,2342.7593,43.5008,271,0,1,0,30.1482,214.0446,rgb_frame,dropout,severe
M4,23,/audio/stream,2304.8908,2330.6002211118825,2346.7377,40.6478,250,0,1,1,30.1482,214.0446,wav_chunk,dropout,severe
M4,23,/robot_pose,2306.0461,2319.699222245936,2348.8968,40.9836,276,0,1,0,30.1482,214.0446,pose_state,dropout,severe
M4,23,/head_cmd,2310.0,2352.355305707511,2353.003,40.1841,295,0,1,0,30.1482,214.0446,gaze_adjust,dropout,severe
M4,23,/speech_cmd,2312.0,2348.265640198056,2353.8737,40.7675,363,1,0,0,30.1482,214.0446,comfort_prompt,dropout,severe
M4,23,/event_log,2314.0,2332.90207680147,2355.6666,39.5313,235,0,1,0,30.1482,214.0446,sync_tick,dropout,severe
M4,23,/system_health,2316.0,2355.0832011925063,2357.5805,38.1452,339,1,0,0,30.1482,214.0446,system_ok,dropout,severe
M4,24,/camera/image_raw,2403.1108,2439.5154470739094,2445.7867,40.8289,271,0,1,0,30.0812,208.4674,rgb_frame,dropout,severe
M4,24,/audio/stream,2399.14,2432.518040725068,2442.1157,40.2934,218,0,1,0,30.0812,208.4674,wav_chunk,dropout,severe
M4,24,/robot_pose,2403.0956,2413.0591766978882,2446.8876,42.317,221,0,1,0,30.0812,208.4674,pose_state,dropout,severe
M4,24,/head_cmd,2410.0,2457.6023126846185,2448.7031,37.3608,316,1,0,0,30.0812,208.4674,gaze_adjust,dropout,severe
M4,24,/speech_cmd,2412.0,2429.1045343983633,2449.2411,35.6003,331,0,1,1,30.0812,208.4674,comfort_prompt,dropout,severe
M4,24,/event_log,2414.0,2452.1432538226186,2453.2436,37.1942,195,0,1,0,30.0812,208.4674,sync_tick,dropout,severe
M4,24,/system_health,2416.0,2446.6842733485096,2461.6857,42.8083,300,0,1,1,30.0812,208.4674,system_ok,dropout,severe
M4,25,/camera/image_raw,2503.7627,2540.7572022367804,2548.2334,42.8254,258,0,1,0,29.1035,212.6117,rgb_frame,dropout,severe
M4,25,/audio/stream,2500.5887,2556.4387873762485,2540.4518,38.5657,266,1,0,0,29.1035,212.6117,wav_chunk,dropout,severe
M4,25,/robot_pose,2497.3781,2543.4565730120507,2536.9203,38.1042,167,0,1,0,29.1035,212.6117,pose_state,dropout,severe
M4,25,/head_cmd,2510.0,2560.461499194342,2545.4138,33.5109,250,0,1,1,29.1035,212.6117,gaze_adjust,dropout,severe
M4,25,/speech_cmd,2512.0,2553.2206824193236,2550.9855,36.2649,252,0,1,0,29.1035,212.6117,comfort_prompt,dropout,severe
M4,25,/event_log,2514.0,2562.015853765112,2558.1274,42.0737,208,0,1,0,29.1035,212.6117,sync_tick,dropout,severe
M4,25,/system_health,2516.0,2529.5055149966074,2557.4125,40.2226,288,0,1,0,29.1035,212.6117,system_ok,dropout,severe
M4,26,/camera/image_raw,2593.44,2626.6347250920016,2633.9023,37.9576,326,0,1,0,31.1688,205.8567,rgb_frame,dropout,severe
M4,26,/audio/stream,2607.3459,2651.307366022271,2656.9141,47.3351,366,0,1,1,31.1688,205.8567,wav_chunk,dropout,severe
M4,26,/robot_pose,2598.3077,2656.1727723052795,2640.8968,39.5101,199,0,1,0,31.1688,205.8567,pose_state,dropout,severe
M4,26,/head_cmd,2610.0,2644.756060081396,2652.6762,42.3495,188,0,1,0,31.1688,205.8567,gaze_adjust,dropout,severe
M4,26,/speech_cmd,2612.0,2658.508292635842,2655.6855,42.5354,281,1,0,0,31.1688,205.8567,comfort_prompt,dropout,severe
M4,26,/event_log,2614.0,2661.6808601462712,2660.0935,44.2945,197,0,1,0,31.1688,205.8567,sync_tick,dropout,severe
M4,26,/system_health,2616.0,2672.137127404211,2656.1993,38.772,249,0,1,0,31.1688,205.8567,system_ok,dropout,severe
M4,27,/camera/image_raw,2700.7146,2734.841938765408,2739.1063,36.1334,326,1,0,0,29.2087,212.896,rgb_frame,dropout,severe
M4,27,/audio/stream,2697.5519,2754.7925042303973,2744.2395,44.8238,289,0,1,0,29.2087,212.896,wav_chunk,dropout,severe
M4,27,/robot_pose,2708.3718,2724.781922987937,2752.1229,41.9831,292,0,1,0,29.2087,212.896,pose_state,dropout,severe
M4,27,/head_cmd,2710.0,2733.5381085058407,2760.3257,47.7484,289,0,1,0,29.2087,212.896,gaze_adjust,dropout,severe
M4,27,/speech_cmd,2712.0,2720.7368348306322,2756.0182,42.987,283,0,1,1,29.2087,212.896,comfort_prompt,dropout,severe
M4,27,/event_log,2714.0,2762.021074627,2751.9594,36.2313,385,0,1,0,29.2087,212.896,sync_tick,dropout,severe
M4,27,/system_health,2716.0,2765.390304066831,2756.8932,39.2853,325,0,1,0,29.2087,212.896,system_ok,dropout,severe
M4,28,/camera/image_raw,2793.3663,2849.5401136084893,2837.9705,42.7214,348,0,1,1,30.047,204.6275,rgb_frame,dropout,severe
M4,28,/audio/stream,2796.4206,2824.380972464407,2837.5824,38.1207,362,0,1,0,30.047,204.6275,wav_chunk,dropout,severe
M4,28,/robot_pose,2806.2453,2834.93378513698,2845.4324,37.1417,279,0,1,0,30.047,204.6275,pose_state,dropout,severe
M4,28,/head_cmd,2810.0,2845.3003853600653,2849.5323,37.1161,242,0,1,0,30.047,204.6275,gaze_adjust,dropout,severe
M4,28,/speech_cmd,2812.0,2873.220689544215,2853.8044,39.5652,260,0,1,0,30.047,204.6275,comfort_prompt,dropout,severe
M4,28,/event_log,2814.0,2880.608421914331,2856.9219,41.201,222,1,0,0,30.047,204.6275,sync_tick,dropout,severe
M4,28,/system_health,2816.0,2867.9782273476208,2858.2353,40.0711,229,0,1,0,30.047,204.6275,system_ok,dropout,severe
M4,29,/camera/image_raw,2902.2676,2954.7639958720524,2952.0137,47.5311,266,1,0,0,29.6921,206.6029,rgb_frame,dropout,severe
M4,29,/audio/stream,2885.4819,2944.5940404655016,2926.7506,39.0814,183,0,1,0,29.6921,206.6029,wav_chunk,dropout,severe
M4,29,/robot_pose,2896.3477,2932.8450631427563,2938.1331,40.335,239,0,1,0,29.6921,206.6029,pose_state,dropout,severe
M4,29,/head_cmd,2910.0,2934.9104770427657,2942.0722,30.7746,343,0,1,0,29.6921,206.6029,gaze_adjust,dropout,severe
M4,29,/speech_cmd,2912.0,2954.400568190793,2959.5911,44.3359,339,0,1,0,29.6921,206.6029,comfort_prompt,dropout,severe
M4,29,/event_log,2914.0,2943.0254844587066,2959.5439,43.7062,193,1,0,0,29.6921,206.6029,sync_tick,dropout,severe
M4,29,/system_health,2916.0,2958.9761595344257,2963.8529,45.6013,405,0,1,0,29.6921,206.6029,system_ok,dropout,severe
M4,30,/camera/image_raw,2997.4443,3017.792079343241,3036.3652,37.1089,194,0,1,1,31.4697,213.7507,rgb_frame,dropout,severe
M4,30,/audio/stream,3015.7832,3067.4392172834937,3054.7977,36.2809,244,0,1,0,31.4697,213.7507,wav_chunk,dropout,severe
M4,30,/robot_pose,2999.216,3048.7815108654954,3043.2712,41.4101,144,0,1,0,31.4697,213.7507,pose_state,dropout,severe
M4,30,/head_cmd,3010.0,3077.791135963217,3058.2685,46.3477,287,1,0,0,31.4697,213.7507,gaze_adjust,dropout,severe
M4,30,/speech_cmd,3012.0,3031.244257956287,3058.9802,43.6835,249,0,1,0,31.4697,213.7507,comfort_prompt,dropout,severe
M4,30,/event_log,3014.0,3075.231554203831,3048.9518,32.7061,268,0,1,1,31.4697,213.7507,sync_tick,dropout,severe
M4,30,/system_health,3016.0,3029.4764687930983,3055.3816,37.0636,234,1,0,0,31.4697,213.7507,system_ok,dropout,severe
M4,31,/camera/image_raw,3090.6007,3118.340578873752,3138.4824,45.7145,260,0,1,0,29.553,207.7048,rgb_frame,dropout,severe
M4,31,/audio/stream,3105.3719,3135.0695767970533,3146.9522,39.01,336,1,0,0,29.553,207.7048,wav_chunk,dropout,severe
M4,31,/robot_pose,3097.1814,3160.161210379548,3143.2948,43.364,292,0,1,0,29.553,207.7048,pose_state,dropout,severe
M4,31,/head_cmd,3110.0,3148.6352024584285,3146.7507,35.2516,243,1,0,0,29.553,207.7048,gaze_adjust,dropout,severe
M4,31,/speech_cmd,3112.0,3146.2116612421764,3151.2175,37.8691,143,0,1,0,29.553,207.7048,comfort_prompt,dropout,severe
M4,31,/event_log,3114.0,3137.4969884803227,3151.3812,35.3864,251,1,0,0,29.553,207.7048,sync_tick,dropout,severe
M4,31,/system_health,3116.0,3132.9612727400895,3155.8635,37.6003,229,1,0,0,29.553,207.7048,system_ok,dropout,severe
M4,32,/camera/image_raw,3207.634,3264.332009855395,3248.5541,39.7086,249,0,1,0,30.2235,205.0742,rgb_frame,dropout,severe
M4,32,/audio/stream,3198.707,3247.7772889157295,3238.3033,37.0907,175,0,1,1,30.2235,205.0742,wav_chunk,dropout,severe
M4,32,/robot_pose,3203.4817,3263.898455656385,3246.2696,40.13,310,0,1,0,30.2235,205.0742,pose_state,dropout,severe
M4,32,/head_cmd,3210.0,3252.9668719047168,3249.2288,37.0146,267,0,1,1,30.2235,205.0742,gaze_adjust,dropout,severe
M4,32,/speech_cmd,3212.0,3218.628163121667,3259.2747,46.2597,201,0,1,0,30.2235,205.0742,comfort_prompt,dropout,severe
M4,32,/event_log,3214.0,3246.6203560097783,3267.2706,51.2891,142,0,1,1,30.2235,205.0742,sync_tick,dropout,severe
M4,32,/system_health,3216.0,3260.7140695877006,3253.7259,37.741,270,0,1,1,30.2235,205.0742,system_ok,dropout,severe
M4,33,/camera/image_raw,3305.6685,3335.3918446214598,3342.9551,35.2691,210,0,1,0,31.016,204.0994,rgb_frame,dropout,severe
M4,33,/audio/stream,3292.7067,3323.703970496078,3333.2756,39.3799,268,0,1,0,31.016,204.0994,wav_chunk,dropout,severe
M4,33,/robot_pose,3297.6464,3321.056498526657,3340.2442,39.9585,268,0,1,0,31.016,204.0994,pose_state,dropout,severe
M4,33,/head_cmd,3310.0,3365.5960435112183,3352.4251,41.3822,285,0,1,0,31.016,204.0994,gaze_adjust,dropout,severe
M4,33,/speech_cmd,3312.0,3358.074789561215,3353.2987,39.2319,318,0,1,0,31.016,204.0994,comfort_prompt,dropout,severe
M4,33,/event_log,3314.0,3359.195568343622,3354.9586,37.6777,342,0,1,0,31.016,204.0994,sync_tick,dropout,severe
M4,33,/system_health,3316.0,3350.062566268224,3360.9821,43.5666,124,0,1,0,31.016,204.0994,system_ok,dropout,severe
M4,34,/camera/image_raw,3407.5518,3448.852916383497,3448.8285,38.6567,189,0,1,0,31.2909,206.5876,rgb_frame,dropout,severe
M4,34,/audio/stream,3400.8911,3420.740026107053,3443.8778,39.9154,268,0,1,0,31.2909,206.5876,wav_chunk,dropout,severe
M4,34,/robot_pose,3396.274,3439.669680287307,3444.7239,45.343,256,0,1,0,31.2909,206.5876,pose_state,dropout,severe
M4,34,/head_cmd,3410.0,3403.0874563211037,3442.3218,31.0064,301,0,1,0,31.2909,206.5876,gaze_adjust,dropout,severe
M4,34,/speech_cmd,3412.0,3422.6305579129817,3448.091,34.1523,276,0,1,0,31.2909,206.5876,comfort_prompt,dropout,severe
M4,34,/event_log,3414.0,3455.39692233622,3461.9716,46.2316,217,0,1,0,31.2909,206.5876,sync_tick,dropout,severe
M4,34,/system_health,3416.0,3491.770372194124,3458.6243,40.1436,246,1,0,0,31.2909,206.5876,system_ok,dropout,severe
M4,35,/camera/image_raw,3507.3449,3524.341153898627,3553.6714,44.0074,303,1,0,0,30.4897,207.8793,rgb_frame,dropout,severe
M4,35,/audio/stream,3493.6068,3516.3780911119024,3537.533,41.425,218,1,0,0,30.4897,207.8793,wav_chunk,dropout,severe
M4,35,/robot_pose,3500.6008,3541.977921950392,3541.9058,38.1255,294,1,0,0,30.4897,207.8793,pose_state,dropout,severe
M4,35,/head_cmd,3510.0,3573.0980435902193,3548.9014,36.5567,113,0,1,0,30.4897,207.8793,gaze_adjust,dropout,severe
M4,35,/speech_cmd,3512.0,3553.3853874548213,3553.3216,38.3528,248,1,0,0,30.4897,207.8793,comfort_prompt,dropout,severe
M4,35,/event_log,3514.0,3565.652327784562,3554.9071,41.1202,232,1,0,0,30.4897,207.8793,sync_tick,dropout,severe
M4,35,/system_health,3516.0,3552.937643739853,3560.5739,42.0017,313,0,1,1,30.4897,207.8793,system_ok,dropout,severe
M4,36,/camera/image_raw,3598.5282,3623.1176761659094,3632.1088,32.2488,346,0,1,1,29.775,205.4676,rgb_frame,dropout,severe
M4,36,/audio/stream,3598.6748,3638.4654652810163,3639.6087,38.558,225,1,0,0,29.775,205.4676,wav_chunk,dropout,severe
M4,36,/robot_pose,3593.3394,3615.9430591406085,3628.7663,32.478,125,1,0,0,29.775,205.4676,pose_state,dropout,severe
M4,36,/head_cmd,3610.0,3658.2851400807663,3649.5774,37.4211,269,0,1,0,29.775,205.4676,gaze_adjust,dropout,severe
M4,36,/speech_cmd,3612.0,3624.640321515816,3649.464,36.7344,207,0,1,1,29.775,205.4676,comfort_prompt,dropout,severe
M4,36,/event_log,3614.0,3663.9950054885026,3652.2267,36.6452,314,0,1,1,29.775,205.4676,sync_tick,dropout,severe
M4,36,/system_health,3616.0,3651.3754951845413,3653.2266,34.7858,265,0,1,0,29.775,205.4676,system_ok,dropout,severe
M4,37,/camera/image_raw,3706.7232,3737.4251869709874,3740.7354,33.9228,278,0,1,0,29.8106,210.2163,rgb_frame,dropout,severe
M4,37,/audio/stream,3698.9349,3715.949531597204,3743.1747,41.6593,224,0,1,1,29.8106,210.2163,wav_chunk,dropout,severe
M4,37,/robot_pose,3703.9557,3735.152269920032,3751.6812,45.8935,281,0,1,1,29.8106,210.2163,pose_state,dropout,severe
M4,37,/head_cmd,3710.0,3770.2928720969976,3755.8881,42.3131,236,0,1,0,29.8106,210.2163,gaze_adjust,dropout,severe
M4,37,/speech_cmd,3712.0,3746.1928150295,3750.3233,37.3218,349,0,1,0,29.8106,210.2163,comfort_prompt,dropout,severe
M4,37,/event_log,3714.0,3759.796176988092,3758.1827,41.6202,443,0,1,0,29.8106,210.2163,sync_tick,dropout,severe
M4,37,/system_health,3716.0,3744.04181980027,3758.3929,41.2348,244,0,1,0,29.8106,210.2163,system_ok,dropout,severe
M4,38,/camera/image_raw,3793.1765,3838.687980456618,3841.5629,45.9473,242,0,1,0,29.3543,205.0988,rgb_frame,dropout,severe
M4,38,/audio/stream,3796.8331,3818.8586192782004,3842.0177,42.6078,272,1,0,0,29.3543,205.0988,wav_chunk,dropout,severe
M4,38,/robot_pose,3797.9871,3841.802533814318,3842.6115,42.3173,296,0,1,0,29.3543,205.0988,pose_state,dropout,severe
M4,38,/head_cmd,3810.0,3858.1493134590532,3854.9199,42.5897,242,1,0,0,29.3543,205.0988,gaze_adjust,dropout,severe
M4,38,/speech_cmd,3812.0,3862.5081209077753,3859.5165,45.6989,279,0,1,0,29.3543,205.0988,comfort_prompt,dropout,severe
M4,38,/event_log,3814.0,3841.6791275426476,3856.9453,41.2329,207,0,1,0,29.3543,205.0988,sync_tick,dropout,severe
M4,38,/system_health,3816.0,3849.0311352384924,3855.9681,38.1619,168,0,1,0,29.3543,205.0988,system_ok,dropout,severe
M4,39,/camera/image_raw,3895.4395,3946.3695121897244,3940.065,42.872,283,1,0,0,30.6098,201.7213,rgb_frame,dropout,severe
M4,39,/audio/stream,3902.1298,3939.2085360708284,3944.4259,40.2503,249,0,1,1,30.6098,201.7213,wav_chunk,dropout,severe
M4,39,/robot_pose,3906.3297,3942.2372192648986,3949.8224,40.2171,254,0,1,0,30.6098,201.7213,pose_state,dropout,severe
M4,39,/head_cmd,3910.0,3983.201014129383,3957.6009,44.649,296,0,1,1,30.6098,201.7213,gaze_adjust,dropout,severe
M4,39,/speech_cmd,3912.0,3930.895463217008,3948.2537,33.1603,228,0,1,0,30.6098,201.7213,comfort_prompt,dropout,severe
M4,39,/event_log,3914.0,3973.3759770213346,3958.5917,43.1697,184,0,1,0,30.6098,201.7213,sync_tick,dropout,severe
M4,39,/system_health,3916.0,3946.892190047426,3965.6468,48.2124,324,0,1,0,30.6098,201.7213,system_ok,dropout,severe
M4,40,/camera/image_raw,4000.8289,4045.822516286571,4037.8844,35.1718,311,0,1,1,28.5688,208.9615,rgb_frame,dropout,severe
M4,40,/audio/stream,3996.639,4047.78088837186,4038.1729,40.5196,307,0,1,0,28.5688,208.9615,wav_chunk,dropout,severe
M4,40,/robot_pose,3999.7759,4031.594722674144,4041.0165,39.4744,300,1,0,0,28.5688,208.9615,pose_state,dropout,severe
M4,40,/head_cmd,4010.0,4030.5718472070685,4050.1014,38.834,366,0,1,0,28.5688,208.9615,gaze_adjust,dropout,severe
M4,40,/speech_cmd,4012.0,4021.8771019429487,4053.5685,39.4336,231,1,0,0,28.5688,208.9615,comfort_prompt,dropout,severe
M4,40,/event_log,4014.0,4048.99599736612,4060.0027,44.2227,163,0,1,0,28.5688,208.9615,sync_tick,dropout,severe
M4,40,/system_health,4016.0,4060.681379719285,4056.0495,36.7881,305,0,1,0,28.5688,208.9615,system_ok,dropout,severe
M4,41,/camera/image_raw,4098.2149,4123.900277643506,4141.5992,41.8498,256,0,1,0,29.7068,208.5355,rgb_frame,dropout,severe
M4,41,/audio/stream,4110.986,4154.206828713855,4153.6031,41.7666,244,0,1,0,29.7068,208.5355,wav_chunk,dropout,severe
M4,41,/robot_pose,4103.7397,4120.913553031338,4146.0825,39.3203,145,0,1,1,29.7068,208.5355,pose_state,dropout,severe
M4,41,/head_cmd,4110.0,4145.498177118441,4150.8211,39.0065,313,1,0,0,29.7068,208.5355,gaze_adjust,dropout,severe
M4,41,/speech_cmd,4112.0,4135.152741437019,4155.9952,40.3584,295,1,0,0,29.7068,208.5355,comfort_prompt,dropout,severe
M4,41,/event_log,4114.0,4151.7218924715835,4155.2834,38.8916,234,0,1,0,29.7068,208.5355,sync_tick,dropout,severe
M4,41,/system_health,4116.0,4152.453907955886,4161.1044,43.9701,206,0,1,0,29.7068,208.5355,system_ok,dropout,severe
M4,42,/camera/image_raw,4203.1898,4219.296707956437,4236.9509,33.9624,164,0,1,0,31.5119,208.6076,rgb_frame,dropout,severe
M4,42,/audio/stream,4209.8061,4241.341997831665,4253.3724,41.4191,293,0,1,0,31.5119,208.6076,wav_chunk,dropout,severe
M4,42,/robot_pose,4188.9902,4214.2777470663705,4229.6037,39.3,231,0,1,0,31.5119,208.6076,pose_state,dropout,severe
M4,42,/head_cmd,4210.0,4231.923429496439,4254.017,41.6323,208,0,1,1,31.5119,208.6076,gaze_adjust,dropout,severe
M4,42,/speech_cmd,4212.0,4273.344887379341,4258.8066,45.1037,203,0,1,1,31.5119,208.6076,comfort_prompt,dropout,severe
M4,42,/event_log,4214.0,4247.925677033236,4256.3882,39.3283,248,0,1,0,31.5119,208.6076,sync_tick,dropout,severe
M4,42,/system_health,4216.0,4221.686518263895,4257.6607,38.7199,384,0,1,0,31.5119,208.6076,system_ok,dropout,severe
M4,43,/camera/image_raw,4301.4678,4326.996787886079,4338.382,34.8782,218,0,1,0,29.3338,209.0746,rgb_frame,dropout,severe
M4,43,/audio/stream,4309.8707,4361.988275707274,4349.8676,38.3968,238,0,1,0,29.3338,209.0746,wav_chunk,dropout,severe
M4,43,/robot_pose,4305.1804,4335.897320501139,4349.4221,42.1373,144,0,1,0,29.3338,209.0746,pose_state,dropout,severe
M4,43,/head_cmd,4310.0,4369.490058172005,4348.0084,37.0239,270,0,1,0,29.3338,209.0746,gaze_adjust,dropout,severe
M4,43,/speech_cmd,4312.0,4341.171669175576,4356.4269,42.0216,208,0,1,0,29.3338,209.0746,comfort_prompt,dropout,severe
M4,43,/event_log,4314.0,4362.546920837247,4356.8197,40.9958,187,0,1,0,29.3338,209.0746,sync_tick,dropout,severe
M4,43,/system_health,4316.0,4374.525678768865,4361.8305,42.9761,312,0,1,0,29.3338,209.0746,system_ok,dropout,severe
M4,44,/camera/image_raw,4395.7416,4442.241709584671,4435.7519,39.7473,237,1,0,0,30.7189,207.5694,rgb_frame,dropout,severe
M4,44,/audio/stream,4409.4349,4429.825090380385,4452.3144,41.0076,361,1,0,0,30.7189,207.5694,wav_chunk,dropout,severe
M4,44,/robot_pose,4397.5321,4419.388371346177,4435.2746,35.9933,201,0,1,0,30.7189,207.5694,pose_state,dropout,severe
M4,44,/head_cmd,4410.0,4465.9391648557985,4451.4132,38.3881,344,1,0,0,30.7189,207.5694,gaze_adjust,dropout,severe
M4,44,/speech_cmd,4412.0,4437.77082815502,4451.4616,37.84,186,1,0,0,30.7189,207.5694,comfort_prompt,dropout,severe
M4,44,/event_log,4414.0,4474.503447708533,4462.9651,45.8683,249,0,1,0,30.7189,207.5694,sync_tick,dropout,severe
M4,44,/system_health,4416.0,4444.604529172776,4452.2135,35.0588,266,0,1,0,30.7189,207.5694,system_ok,dropout,severe
M4,45,/camera/image_raw,4503.8454,4553.370459788287,4553.9681,47.4035,190,1,0,0,31.7801,208.391,rgb_frame,dropout,severe
M4,45,/audio/stream,4483.4708,4502.953490844686,4525.8421,40.2743,198,0,1,1,31.7801,208.391,wav_chunk,dropout,severe
M4,45,/robot_pose,4498.3935,4526.834886379313,4539.3643,37.5655,197,0,1,0,31.7801,208.391,pose_state,dropout,severe
M4,45,/head_cmd,4510.0,4542.629104293404,4557.6095,45.7587,254,0,1,1,31.7801,208.391,gaze_adjust,dropout,severe
M4,45,/speech_cmd,4512.0,4559.076294758373,4557.4135,43.6923,290,0,1,1,31.7801,208.391,comfort_prompt,dropout,severe
M4,45,/event_log,4514.0,4548.657163695739,4549.811,33.2592,107,0,1,0,31.7801,208.391,sync_tick,dropout,severe
M4,45,/system_health,4516.0,4563.477348443685,4559.421,40.5376,293,0,1,0,31.7801,208.391,system_ok,dropout,severe
M4,46,/camera/image_raw,4590.9111,4623.21006245361,4633.0171,39.6568,239,0,1,1,30.2048,203.3106,rgb_frame,dropout,severe
M4,46,/audio/stream,4590.6427,4618.500148930581,4634.8326,41.811,223,1,0,0,30.2048,203.3106,wav_chunk,dropout,severe
M4,46,/robot_pose,4596.5566,4631.262536283165,4630.8283,31.9649,198,0,1,0,30.2048,203.3106,pose_state,dropout,severe
M4,46,/head_cmd,4610.0,4631.952466454894,4649.9796,37.3963,341,1,0,0,30.2048,203.3106,gaze_adjust,dropout,severe
M4,46,/speech_cmd,4612.0,4667.733737896338,4654.2007,39.5574,169,1,0,0,30.2048,203.3106,comfort_prompt,dropout,severe
M4,46,/event_log,4614.0,4652.973964201163,4656.8438,40.6918,329,1,0,0,30.2048,203.3106,sync_tick,dropout,severe
M4,46,/system_health,4616.0,4648.655773354426,4655.5545,37.5478,319,0,1,0,30.2048,203.3106,system_ok,dropout,severe
M4,47,/camera/image_raw,4699.3558,4749.270634341253,4744.7521,42.9822,244,1,0,0,28.8135,208.8188,rgb_frame,dropout,severe
M4,47,/audio/stream,4691.1293,4730.840232508524,4733.9977,40.8564,189,0,1,1,28.8135,208.8188,wav_chunk,dropout,severe
M4,47,/robot_pose,4712.7582,4738.083724247472,4764.9785,50.1963,291,1,0,0,28.8135,208.8188,pose_state,dropout,severe
M4,47,/head_cmd,4710.0,4734.335451509159,4752.173,40.2569,228,0,1,1,28.8135,208.8188,gaze_adjust,dropout,severe
M4,47,/speech_cmd,4712.0,4763.261730557969,4749.4676,35.3961,231,0,1,1,28.8135,208.8188,comfort_prompt,dropout,severe
M4,47,/event_log,4714.0,4761.539865217669,4761.5242,46.2816,221,0,1,1,28.8135,208.8188,sync_tick,dropout,severe
M4,47,/system_health,4716.0,4728.778182964548,4757.3557,38.0017,203,0,1,0,28.8135,208.8188,system_ok,dropout,severe
M4,48,/camera/image_raw,4803.9361,4852.675881000727,4848.5857,43.4581,279,0,1,1,28.4855,205.1804,rgb_frame,dropout,severe
M4,48,/audio/stream,4807.7613,4839.8488177019535,4850.7394,40.4764,284,0,1,0,28.4855,205.1804,wav_chunk,dropout,severe
M4,48,/robot_pose,4799.2694,4822.436200712369,4836.9733,36.2843,298,1,0,0,28.4855,205.1804,pose_state,dropout,severe
M4,48,/head_cmd,4810.0,4830.328609115492,4847.5015,37.5017,294,0,1,0,28.4855,205.1804,gaze_adjust,dropout,severe
M4,48,/speech_cmd,4812.0,4862.87294206978,4850.4477,35.874,339,0,1,0,28.4855,205.1804,comfort_prompt,dropout,severe
M4,48,/event_log,4814.0,4824.60362441992,4857.0827,40.0861,265,0,1,0,28.4855,205.1804,sync_tick,dropout,severe
M4,48,/system_health,4816.0,4849.805718883407,4863.7191,46.3687,255,0,1,0,28.4855,205.1804,system_ok,dropout,severe
M4,49,/camera/image_raw,4904.7121,4954.876901488668,4955.5007,48.3629,289,0,1,0,29.5248,214.7942,rgb_frame,dropout,severe
M4,49,/audio/stream,4898.4767,4966.792946033553,4944.3678,44.6408,177,0,1,0,29.5248,214.7942,wav_chunk,dropout,severe
M4,49,/robot_pose,4905.7611,4958.968772945254,4953.0801,44.8998,242,0,1,1,29.5248,214.7942,pose_state,dropout,severe
M4,49,/head_cmd,4910.0,4937.2282307670075,4950.2098,39.9186,244,0,1,0,29.5248,214.7942,gaze_adjust,dropout,severe
M4,49,/speech_cmd,4912.0,4971.802201811602,4951.7964,36.8619,315,0,1,0,29.5248,214.7942,comfort_prompt,dropout,severe
M4,49,/event_log,4914.0,4935.853949004426,4958.6972,42.1808,166,0,1,0,29.5248,214.7942,sync_tick,dropout,severe
M4,49,/system_health,4916.0,4962.216742480327,4960.9402,42.2367,330,0,1,0,29.5248,214.7942,system_ok,dropout,severe
M4,50,/camera/image_raw,5014.8275,5064.601969686283,5059.298,42.4578,317,0,1,0,29.1835,209.483,rgb_frame,dropout,severe
M4,50,/audio/stream,4986.4595,5011.241266251993,5025.8251,37.9985,194,0,1,0,29.1835,209.483,wav_chunk,dropout,severe
M4,50,/robot_pose,4998.0576,5049.484395778323,5040.2376,40.9628,253,0,1,0,29.1835,209.483,pose_state,dropout,severe
M4,50,/head_cmd,5010.0,5044.033848065886,5053.313,41.7422,308,0,1,0,29.1835,209.483,gaze_adjust,dropout,severe
M4,50,/speech_cmd,5012.0,5064.5933364127695,5057.2163,42.1662,244,0,1,0,29.1835,209.483,comfort_prompt,dropout,severe
M4,50,/event_log,5014.0,5028.713467611206,5058.0571,42.3074,255,1,0,0,29.1835,209.483,sync_tick,dropout,severe
M4,50,/system_health,5016.0,5066.277741353433,5063.124,45.2531,287,0,1,0,29.1835,209.483,system_ok,dropout,severe
M4,51,/camera/image_raw,5094.3108,5134.624399909596,5142.0827,46.4952,167,1,0,0,30.9368,209.1707,rgb_frame,dropout,severe
M4,51,/audio/stream,5106.0724,5161.264456744518,5145.1112,37.9465,173,1,0,0,30.9368,209.1707,wav_chunk,dropout,severe
M4,51,/robot_pose,5097.1005,5139.338389053435,5142.1947,42.8976,227,0,1,0,30.9368,209.1707,pose_state,dropout,severe
M4,51,/head_cmd,5110.0,5167.601943005802,5150.5858,38.8635,355,0,1,0,30.9368,209.1707,gaze_adjust,dropout,severe
M4,51,/speech_cmd,5112.0,5157.083591475496,5150.6117,37.4694,303,0,1,0,30.9368,209.1707,comfort_prompt,dropout,severe
M4,51,/event_log,5114.0,5151.635773114277,5157.3794,39.5484,224,0,1,1,30.9368,209.1707,sync_tick,dropout,severe
M4,51,/system_health,5116.0,5171.610339644214,5162.8611,43.7953,224,0,1,0,30.9368,209.1707,system_ok,dropout,severe
M4,52,/camera/image_raw,5194.7996,5236.900476967907,5227.6659,30.19,240,0,1,1,28.4483,205.8404,rgb_frame,dropout,severe
M4,52,/audio/stream,5205.9309,5252.696750067368,5246.4649,39.6872,190,0,1,1,28.4483,205.8404,wav_chunk,dropout,severe
M4,52,/robot_pose,5202.8745,5206.913879380622,5242.9605,38.4239,263,0,1,0,28.4483,205.8404,pose_state,dropout,severe
M4,52,/head_cmd,5210.0,5237.931192638534,5256.6853,42.6696,254,0,1,0,28.4483,205.8404,gaze_adjust,dropout,severe
M4,52,/speech_cmd,5212.0,5277.558987697589,5258.3334,44.7974,155,0,1,0,28.4483,205.8404,comfort_prompt,dropout,severe
M4,52,/event_log,5214.0,5234.087412168471,5253.8484,38.9266,256,0,1,0,28.4483,205.8404,sync_tick,dropout,severe
M4,52,/system_health,5216.0,5266.450817250987,5253.8505,37.2139,360,0,1,0,28.4483,205.8404,system_ok,dropout,severe
M4,53,/camera/image_raw,5296.2371,5345.0112898516945,5336.1818,38.1774,276,0,1,0,29.1985,212.0525,rgb_frame,dropout,severe
M4,53,/audio/stream,5286.899,5319.496614576269,5333.1977,43.4839,250,0,1,0,29.1985,212.0525,wav_chunk,dropout,severe
M4,53,/robot_pose,5304.4909,5317.787825593249,5350.5128,43.2255,268,0,1,0,29.1985,212.0525,pose_state,dropout,severe
M4,53,/head_cmd,5310.0,5342.006711030781,5351.5841,40.5404,291,0,1,0,29.1985,212.0525,gaze_adjust,dropout,severe
M4,53,/speech_cmd,5312.0,5384.449925654495,5355.1488,41.2797,332,0,1,0,29.1985,212.0525,comfort_prompt,dropout,severe
M4,53,/event_log,5314.0,5336.45054061686,5352.9149,35.3997,254,0,1,0,29.1985,212.0525,sync_tick,dropout,severe
M4,53,/system_health,5316.0,5346.46723983101,5360.2651,42.3811,155,0,1,0,29.1985,212.0525,system_ok,dropout,severe
M4,54,/camera/image_raw,5399.0227,5417.415363845353,5436.2207,33.3564,190,0,1,0,29.7822,202.8609,rgb_frame,dropout,severe
M4,54,/audio/stream,5402.678,5466.130967148243,5449.3619,45.2312,245,0,1,0,29.7822,202.8609,wav_chunk,dropout,severe
M4,54,/robot_pose,5403.3811,5441.761264325623,5446.9488,42.0238,351,1,0,0,29.7822,202.8609,pose_state,dropout,severe
M4,54,/head_cmd,5410.0,5440.437306565763,5452.3946,39.8259,239,0,1,0,29.7822,202.8609,gaze_adjust,dropout,severe
M4,54,/speech_cmd,5412.0,5475.36001025793,5457.6209,42.1579,248,0,1,0,29.7822,202.8609,comfort_prompt,dropout,severe
M4,54,/event_log,5414.0,5469.134311319033,5462.1526,46.4419,301,0,1,0,29.7822,202.8609,sync_tick,dropout,severe
M4,54,/system_health,5416.0,5443.690146374346,5458.8246,41.4795,268,0,1,0,29.7822,202.8609,system_ok,dropout,severe
M4,55,/camera/image_raw,5500.0516,5521.457341334073,5541.9391,39.7596,233,1,0,0,30.1609,208.7968,rgb_frame,dropout,severe
M4,55,/audio/stream,5493.1745,5551.1402494732,5535.4525,40.5932,415,0,1,0,30.1609,208.7968,wav_chunk,dropout,severe
M4,55,/robot_pose,5501.79,5536.438322456125,5537.9188,34.3965,225,0,1,1,30.1609,208.7968,pose_state,dropout,severe
M4,55,/head_cmd,5510.0,5534.959839702159,5559.3397,48.1958,281,0,1,0,30.1609,208.7968,gaze_adjust,dropout,severe
M4,55,/speech_cmd,5512.0,5526.280664696596,5555.4943,41.0274,330,0,1,0,30.1609,208.7968,comfort_prompt,dropout,severe
M4,55,/event_log,5514.0,5542.156619272004,5560.7364,44.8972,267,0,1,0,30.1609,208.7968,sync_tick,dropout,severe
M4,55,/system_health,5516.0,5529.985231178455,5550.8567,32.5775,208,0,1,0,30.1609,208.7968,system_ok,dropout,severe
M4,56,/camera/image_raw,5598.6953,5603.959045436479,5636.1705,35.9549,325,1,0,0,28.1338,209.4152,rgb_frame,dropout,severe
M4,56,/audio/stream,5586.517,5613.236995200272,5632.8489,43.2126,349,0,1,0,28.1338,209.4152,wav_chunk,dropout,severe
M4,56,/robot_pose,5602.0244,5626.007691575342,5643.1931,37.7695,168,1,0,0,28.1338,209.4152,pose_state,dropout,severe
M4,56,/head_cmd,5610.0,5646.905080674232,5655.6506,43.8453,200,0,1,0,28.1338,209.4152,gaze_adjust,dropout,severe
M4,56,/speech_cmd,5612.0,5680.712450676916,5658.2747,43.3188,310,0,1,0,28.1338,209.4152,comfort_prompt,dropout,severe
M4,56,/event_log,5614.0,5651.717650918526,5658.0259,41.7203,287,0,1,0,28.1338,209.4152,sync_tick,dropout,severe
M4,56,/system_health,5616.0,5655.562277433836,5660.709,42.0759,268,0,1,0,28.1338,209.4152,system_ok,dropout,severe
M4,57,/camera/image_raw,5705.8995,5761.376130456984,5755.558,47.8378,263,0,1,1,28.4778,209.7748,rgb_frame,dropout,severe
M4,57,/audio/stream,5686.9823,5727.718528934001,5731.8242,44.296,224,1,0,0,28.4778,209.7748,wav_chunk,dropout,severe
M4,57,/robot_pose,5699.3436,5748.0740944583,5741.9542,42.7281,197,0,1,1,28.4778,209.7748,pose_state,dropout,severe
M4,57,/head_cmd,5710.0,5759.8827231542755,5758.6759,45.6735,278,0,1,0,28.4778,209.7748,gaze_adjust,dropout,severe
M4,57,/speech_cmd,5712.0,5758.637628483988,5759.1709,44.7988,289,0,1,0,28.4778,209.7748,comfort_prompt,dropout,severe
M4,57,/event_log,5714.0,5795.504391266285,5756.3001,40.0074,218,1,0,0,28.4778,209.7748,sync_tick,dropout,severe
M4,57,/system_health,5716.0,5775.990887660665,5765.7412,46.324,338,1,0,0,28.4778,209.7748,system_ok,dropout,severe
M4,58,/camera/image_raw,5797.1432,5819.064670229399,5837.831,38.1473,190,0,1,0,30.5983,209.92,rgb_frame,dropout,severe
M4,58,/audio/stream,5792.3698,5841.141232792838,5838.891,43.2181,353,0,1,1,30.5983,209.92,wav_chunk,dropout,severe
M4,58,/robot_pose,5806.3849,5838.024747900105,5850.9952,43.5159,267,0,1,0,30.5983,209.92,pose_state,dropout,severe
M4,58,/head_cmd,5810.0,5865.934261460898,5860.7456,49.2405,252,0,1,0,30.5983,209.92,gaze_adjust,dropout,severe
M4,58,/speech_cmd,5812.0,5837.708088743376,5861.0296,46.3359,404,0,1,0,30.5983,209.92,comfort_prompt,dropout,severe
M4,58,/event_log,5814.0,5835.13360827874,5853.1585,37.7503,329,0,1,1,30.5983,209.92,sync_tick,dropout,severe
M4,58,/system_health,5816.0,5857.056913437352,5853.9409,35.8983,252,0,1,1,30.5983,209.92,system_ok,dropout,severe
M4,59,/camera/image_raw,5907.2519,5977.916236703971,5965.7042,55.6993,261,0,1,0,29.5573,212.402,rgb_frame,dropout,severe
M4,59,/audio/stream,5904.9141,5946.858365231295,5941.0087,34.4045,243,0,1,0,29.5573,212.402,wav_chunk,dropout,severe
M4,59,/robot_pose,5902.2853,5952.554660018029,5941.9301,37.4576,362,0,1,0,29.5573,212.402,pose_state,dropout,severe
M4,59,/head_cmd,5910.0,5960.191978381458,5956.6576,44.5847,183,0,1,0,29.5573,212.402,gaze_adjust,dropout,severe
M4,59,/speech_cmd,5912.0,5959.532941485485,5959.1062,44.9455,152,0,1,0,29.5573,212.402,comfort_prompt,dropout,severe
M4,59,/event_log,5914.0,5948.890300886123,5959.4663,42.4457,110,1,0,0,29.5573,212.402,sync_tick,dropout,severe
M4,59,/system_health,5916.0,5964.492827130753,5954.4094,36.2978,300,0,1,0,29.5573,212.402,system_ok,dropout,severe
M4,60,/camera/image_raw,5996.3898,6047.5520884924,6033.297,35.7891,301,1,0,0,29.4848,210.5178,rgb_frame,dropout,severe
M4,60,/audio/stream,5993.3429,6033.641364630053,6037.5261,41.2452,224,0,1,0,29.4848,210.5178,wav_chunk,dropout,severe
M4,60,/robot_pose,6003.6358,6038.93670937332,6043.9792,37.0547,164,0,1,0,29.4848,210.5178,pose_state,dropout,severe
M4,60,/head_cmd,6010.0,6079.112087175834,6058.4974,45.241,307,0,1,0,29.4848,210.5178,gaze_adjust,dropout,severe
M4,60,/speech_cmd,6012.0,6049.177573302757,6051.0307,37.4839,243,0,1,0,29.4848,210.5178,comfort_prompt,dropout,severe
M4,60,/event_log,6014.0,6050.19028805549,6050.4856,35.055,294,0,1,1,29.4848,210.5178,sync_tick,dropout,severe
M4,60,/system_health,6016.0,6066.095988616293,6060.1929,42.8326,296,0,1,0,29.4848,210.5178,system_ok,dropout,severe
M4,61,/camera/image_raw,6103.1801,6145.740706160688,6148.3782,44.0277,248,0,1,1,31.1644,210.3358,rgb_frame,dropout,severe
M4,61,/audio/stream,6112.0791,6139.726095158854,6154.0362,39.9521,282,0,1,0,31.1644,210.3358,wav_chunk,dropout,severe
M4,61,/robot_pose,6102.8457,6151.160683632853,6148.005,42.6455,245,0,1,0,31.1644,210.3358,pose_state,dropout,severe
M4,61,/head_cmd,6110.0,6146.583774849665,6150.2428,37.1651,276,1,0,0,31.1644,210.3358,gaze_adjust,dropout,severe
M4,61,/speech_cmd,6112.0,6175.667346347117,6150.0786,36.0336,151,1,0,0,31.1644,210.3358,comfort_prompt,dropout,severe
M4,61,/event_log,6114.0,6166.076228254386,6156.2908,40.2495,221,0,1,0,31.1644,210.3358,sync_tick,dropout,severe
M4,61,/system_health,6116.0,6153.514165703355,6163.7215,46.4464,298,0,1,0,31.1644,210.3358,system_ok,dropout,severe
M4,62,/camera/image_raw,6215.307,6265.452403287855,6256.1669,39.2096,212,1,0,0,28.7525,205.1862,rgb_frame,dropout,severe
M4,62,/audio/stream,6208.6181,6252.7865875209645,6250.2868,39.5505,285,0,1,0,28.7525,205.1862,wav_chunk,dropout,severe
M4,62,/robot_pose,6199.8423,6255.3882945291825,6237.4011,35.9046,246,0,1,0,28.7525,205.1862,pose_state,dropout,severe
M4,62,/head_cmd,6210.0,6242.206986807564,6253.743,40.0738,269,0,1,1,28.7525,205.1862,gaze_adjust,dropout,severe
M4,62,/speech_cmd,6212.0,6249.231542225392,6248.9359,34.4014,288,0,1,1,28.7525,205.1862,comfort_prompt,dropout,severe
M4,62,/event_log,6214.0,6252.868795263613,6255.5845,40.3552,361,0,1,0,28.7525,205.1862,sync_tick,dropout,severe
M4,62,/system_health,6216.0,6253.4533913458745,6255.3048,36.5762,268,0,1,0,28.7525,205.1862,system_ok,dropout,severe
M4,63,/camera/image_raw,6304.2057,6328.704915764941,6344.3137,37.7772,178,0,1,1,29.3855,212.0968,rgb_frame,dropout,severe
M4,63,/audio/stream,6313.6549,6358.461975018698,6352.0644,36.1685,278,0,1,0,29.3855,212.0968,wav_chunk,dropout,severe
M4,63,/robot_pose,6302.8082,6342.569664137742,6338.8981,33.492,206,0,1,0,29.3855,212.0968,pose_state,dropout,severe
M4,63,/head_cmd,6310.0,6374.698754253827,6357.3388,45.4204,188,0,1,0,29.3855,212.0968,gaze_adjust,dropout,severe
M4,63,/speech_cmd,6312.0,6352.454412220199,6354.0718,40.6048,332,0,1,0,29.3855,212.0968,comfort_prompt,dropout,severe
M4,63,/event_log,6314.0,6348.126107376278,6356.3824,40.3037,291,0,1,0,29.3855,212.0968,sync_tick,dropout,severe
M4,63,/system_health,6316.0,6364.12121566916,6353.4505,36.2818,280,0,1,0,29.3855,212.0968,system_ok,dropout,severe
M4,64,/camera/image_raw,6392.3023,6418.470734276004,6431.8608,38.0815,362,0,1,0,30.5776,205.4893,rgb_frame,dropout,severe
M4,64,/audio/stream,6391.1999,6451.656768026259,6437.2453,44.1821,290,0,1,0,30.5776,205.4893,wav_chunk,dropout,severe
M4,64,/robot_pose,6404.1838,6455.559729961205,6440.979,35.1333,262,0,1,0,30.5776,205.4893,pose_state,dropout,severe
M4,64,/head_cmd,6410.0,6471.226183517017,6454.489,42.367,270,1,0,0,30.5776,205.4893,gaze_adjust,dropout,severe
M4,64,/speech_cmd,6412.0,6458.520744770192,6454.9405,40.8714,238,1,0,0,30.5776,205.4893,comfort_prompt,dropout,severe
M4,64,/event_log,6414.0,6445.555554261034,6455.2386,38.853,280,0,1,0,30.5776,205.4893,sync_tick,dropout,severe
M4,64,/system_health,6416.0,6458.989315894581,6458.6086,41.3515,196,0,1,0,30.5776,205.4893,system_ok,dropout,severe
M4,65,/camera/image_raw,6502.7922,6544.267233426188,6541.8134,35.7741,267,0,1,0,29.5472,209.6282,rgb_frame,dropout,severe
M4,65,/audio/stream,6511.7734,6541.014775322182,6551.4835,37.6435,224,1,0,0,29.5472,209.6282,wav_chunk,dropout,severe
M4,65,/robot_pose,6500.7621,6566.326844333878,6548.3683,45.568,265,0,1,0,29.5472,209.6282,pose_state,dropout,severe
M4,65,/head_cmd,6510.0,6561.317562513528,6554.2236,42.6163,267,0,1,1,29.5472,209.6282,gaze_adjust,dropout,severe
M4,65,/speech_cmd,6512.0,6540.03575567017,6554.3758,41.4191,271,0,1,1,29.5472,209.6282,comfort_prompt,dropout,severe
M4,65,/event_log,6514.0,6582.381405146986,6556.4423,40.1383,258,0,1,0,29.5472,209.6282,sync_tick,dropout,severe
M4,65,/system_health,6516.0,6558.818839127553,6560.6279,41.358,185,0,1,0,29.5472,209.6282,system_ok,dropout,severe
M4,66,/camera/image_raw,6597.6049,6623.57725435725,6643.0936,42.3839,237,0,1,0,30.5053,216.71,rgb_frame,dropout,severe
M4,66,/audio/stream,6605.3329,6628.834888158791,6643.2372,35.9557,298,0,1,1,30.5053,216.71,wav_chunk,dropout,severe
M4,66,/robot_pose,6602.4046,6666.276053957481,6646.4819,41.5547,243,0,1,0,30.5053,216.71,pose_state,dropout,severe
M4,66,/head_cmd,6610.0,6675.8069737432525,6650.4883,38.4322,299,0,1,0,30.5053,216.71,gaze_adjust,dropout,severe
M4,66,/speech_cmd,6612.0,6670.432575802213,6656.6853,43.2903,301,0,1,0,30.5053,216.71,comfort_prompt,dropout,severe
M4,66,/event_log,6614.0,6671.114129728807,6653.8996,37.3245,244,0,1,0,30.5053,216.71,sync_tick,dropout,severe
M4,66,/system_health,6616.0,6680.439731881979,6664.0561,46.1905,266,0,1,0,30.5053,216.71,system_ok,dropout,severe
M4,67,/camera/image_raw,6704.2462,6751.18954229146,6745.9254,38.5896,220,0,1,0,29.7068,207.5613,rgb_frame,dropout,severe
M4,67,/audio/stream,6693.0083,6740.5581268171645,6738.0742,42.6142,172,0,1,0,29.7068,207.5613,wav_chunk,dropout,severe
M4,67,/robot_pose,6699.6357,6750.15884791715,6743.1301,42.4252,293,0,1,0,29.7068,207.5613,pose_state,dropout,severe
M4,67,/head_cmd,6710.0,6759.360031647149,6750.5265,38.3198,178,0,1,0,29.7068,207.5613,gaze_adjust,dropout,severe
M4,67,/speech_cmd,6712.0,6741.714129902104,6755.7796,40.8381,207,0,1,0,29.7068,207.5613,comfort_prompt,dropout,severe
M4,67,/event_log,6714.0,6762.899280939681,6754.4836,37.9199,284,0,1,0,29.7068,207.5613,sync_tick,dropout,severe
M4,67,/system_health,6716.0,6768.491052709455,6750.4241,30.6118,287,1,0,0,29.7068,207.5613,system_ok,dropout,severe
M4,68,/camera/image_raw,6804.8784,6844.657213575065,6849.7777,42.8744,270,0,1,0,30.7422,207.4175,rgb_frame,dropout,severe
M4,68,/audio/stream,6798.8517,6831.751583220173,6839.3418,37.5986,184,1,0,0,30.7422,207.4175,wav_chunk,dropout,severe
M4,68,/robot_pose,6790.7232,6847.55229463858,6844.3945,49.6809,353,0,1,0,30.7422,207.4175,pose_state,dropout,severe
M4,68,/head_cmd,6810.0,6846.0556367438785,6857.9329,45.8005,325,0,1,0,30.7422,207.4175,gaze_adjust,dropout,severe
M4,68,/speech_cmd,6812.0,6832.561620750587,6853.2711,40.3139,346,0,1,0,30.7422,207.4175,comfort_prompt,dropout,severe
M4,68,/event_log,6814.0,6876.429685601577,6861.3889,45.2139,182,1,0,0,30.7422,207.4175,sync_tick,dropout,severe
M4,68,/system_health,6816.0,6847.589531099648,6855.0969,38.3538,312,0,1,1,30.7422,207.4175,system_ok,dropout,severe
M4,69,/camera/image_raw,6888.7768,6928.340528680803,6930.9343,39.2869,179,1,0,0,28.4306,209.6674,rgb_frame,dropout,severe
M4,69,/audio/stream,6902.2946,6930.735624384879,6940.1774,37.5929,124,0,1,1,28.4306,209.6674,wav_chunk,dropout,severe
M4,69,/robot_pose,6895.7815,6962.747722223696,6947.4633,47.8149,261,0,1,0,28.4306,209.6674,pose_state,dropout,severe
M4,69,/head_cmd,6910.0,6960.12444237426,6949.2881,37.3268,308,0,1,0,28.4306,209.6674,gaze_adjust,dropout,severe
M4,69,/speech_cmd,6912.0,6946.9535068826945,6952.9547,38.5646,255,0,1,0,28.4306,209.6674,comfort_prompt,dropout,severe
M4,69,/event_log,6914.0,6934.648439528558,6954.1259,38.3469,273,0,1,1,28.4306,209.6674,sync_tick,dropout,severe
M4,69,/system_health,6916.0,6947.510652927127,6955.276,36.7146,227,0,1,0,28.4306,209.6674,system_ok,dropout,severe
M4,70,/camera/image_raw,7000.8916,7047.9918904992455,7041.6618,38.5481,371,1,0,0,31.0118,203.9823,rgb_frame,dropout,severe
M4,70,/audio/stream,7011.0717,7046.490935561196,7045.7844,32.5897,343,0,1,0,31.0118,203.9823,wav_chunk,dropout,severe
M4,70,/robot_pose,6999.159,7038.0849706667805,7038.4782,37.2894,275,0,1,0,31.0118,203.9823,pose_state,dropout,severe
M4,70,/head_cmd,7010.0,7054.343081392047,7054.6202,41.1676,282,0,1,0,31.0118,203.9823,gaze_adjust,dropout,severe
M4,70,/speech_cmd,7012.0,7069.122543472473,7059.6526,45.7406,211,1,0,0,31.0118,203.9823,comfort_prompt,dropout,severe
M4,70,/event_log,7014.0,7052.898711939025,7054.7993,39.5266,285,1,0,0,31.0118,203.9823,sync_tick,dropout,severe
M4,70,/system_health,7016.0,7061.636201756893,7056.5486,38.886,285,0,1,0,31.0118,203.9823,system_ok,dropout,severe
M4,71,/camera/image_raw,7091.994,7120.4182118838235,7137.5657,43.228,300,0,1,1,31.275,207.9003,rgb_frame,dropout,severe
M4,71,/audio/stream,7106.164,7185.611961654629,7148.1735,41.1402,316,0,1,0,31.275,207.9003,wav_chunk,dropout,severe
M4,71,/robot_pose,7097.6083,7133.700110210256,7140.7896,40.3497,297,0,1,0,31.275,207.9003,pose_state,dropout,severe
M4,71,/head_cmd,7110.0,7150.66109511826,7149.0754,37.6072,295,0,1,0,31.275,207.9003,gaze_adjust,dropout,severe
M4,71,/speech_cmd,7112.0,7159.984382871793,7154.4366,39.4874,245,0,1,1,31.275,207.9003,comfort_prompt,dropout,severe
M4,71,/event_log,7114.0,7152.632142313992,7161.3327,44.794,273,0,1,1,31.275,207.9003,sync_tick,dropout,severe
M4,71,/system_health,7116.0,7155.321771913742,7157.5903,39.2044,327,1,0,0,31.275,207.9003,system_ok,dropout,severe
M4,72,/camera/image_raw,7199.6205,7243.918029119852,7246.2464,44.3624,268,0,1,0,30.1371,213.8256,rgb_frame,dropout,severe
M4,72,/audio/stream,7204.2494,7227.2868286114,7243.059,36.748,274,0,1,0,30.1371,213.8256,wav_chunk,dropout,severe
M4,72,/robot_pose,7200.2318,7249.768541383094,7245.9891,42.9579,189,0,1,0,30.1371,213.8256,pose_state,dropout,severe
M4,72,/head_cmd,7210.0,7228.7250724261185,7255.5924,43.4634,196,0,1,0,30.1371,213.8256,gaze_adjust,dropout,severe
M4,72,/speech_cmd,7212.0,7283.191626636249,7260.2716,44.901,271,0,1,0,30.1371,213.8256,comfort_prompt,dropout,severe
M4,72,/event_log,7214.0,7268.285163274676,7259.2046,42.3906,339,0,1,0,30.1371,213.8256,sync_tick,dropout,severe
M4,72,/system_health,7216.0,7268.0545353648,7259.6056,42.4677,376,0,1,1,30.1371,213.8256,system_ok,dropout,severe
M4,73,/camera/image_raw,7307.4596,7323.242868313501,7352.0872,41.8329,222,0,1,0,30.5553,208.2209,rgb_frame,dropout,severe
M4,73,/audio/stream,7295.9238,7320.084369900605,7334.481,36.0485,223,0,1,0,30.5553,208.2209,wav_chunk,dropout,severe
M4,73,/robot_pose,7294.8519,7356.789376812076,7337.0745,41.0973,240,0,1,0,30.5553,208.2209,pose_state,dropout,severe
M4,73,/head_cmd,7310.0,7415.641320955594,7356.0575,43.3727,208,0,1,0,30.5553,208.2209,gaze_adjust,dropout,severe
M4,73,/speech_cmd,7312.0,7365.760286975856,7350.0525,35.8399,289,0,1,0,30.5553,208.2209,comfort_prompt,dropout,severe
M4,73,/event_log,7314.0,7371.687751153764,7357.9239,42.1336,273,0,1,0,30.5553,208.2209,sync_tick,dropout,severe
M4,73,/system_health,7316.0,7370.396913421712,7364.8865,46.5223,158,1,0,0,30.5553,208.2209,system_ok,dropout,severe
M4,74,/camera/image_raw,7401.4224,7430.828142064348,7445.896,42.1182,324,0,1,0,30.0327,208.3663,rgb_frame,dropout,severe
M4,74,/audio/stream,7416.3517,7473.353011248005,7461.6472,42.0738,248,0,1,0,30.0327,208.3663,wav_chunk,dropout,severe
M4,74,/robot_pose,7393.563,7417.378989943546,7435.5618,40.3341,146,1,0,0,30.0327,208.3663,pose_state,dropout,severe
M4,74,/head_cmd,7410.0,7434.679022522902,7456.681,42.8378,283,1,0,0,30.0327,208.3663,gaze_adjust,dropout,severe
M4,74,/speech_cmd,7412.0,7437.378660118423,7458.3512,44.4816,241,0,1,0,30.0327,208.3663,comfort_prompt,dropout,severe
M4,74,/event_log,7414.0,7474.309039697524,7463.4802,45.6732,345,0,1,0,30.0327,208.3663,sync_tick,dropout,severe
M4,74,/system_health,7416.0,7460.094389176088,7463.1837,44.9556,268,0,1,1,30.0327,208.3663,system_ok,dropout,severe
M4,75,/camera/image_raw,7494.7254,7530.117871498565,7530.7751,33.8795,236,1,0,0,30.0548,208.1824,rgb_frame,dropout,severe
M4,75,/audio/stream,7488.4147,7523.24954094424,7525.3844,35.0659,236,0,1,0,30.0548,208.1824,wav_chunk,dropout,severe
M4,75,/robot_pose,7494.366,7514.771051882027,7534.5981,37.2907,141,0,1,1,30.0548,208.1824,pose_state,dropout,severe
M4,75,/head_cmd,7510.0,7531.7531364097385,7544.0167,31.8141,261,0,1,1,30.0548,208.1824,gaze_adjust,dropout,severe
M4,75,/speech_cmd,7512.0,7544.067806906199,7555.143,41.3742,200,0,1,0,30.0548,208.1824,comfort_prompt,dropout,severe
M4,75,/event_log,7514.0,7532.64892829162,7555.5748,39.728,349,0,1,0,30.0548,208.1824,sync_tick,dropout,severe
M4,75,/system_health,7516.0,7546.897248570494,7556.6178,38.4604,404,1,0,0,30.0548,208.1824,system_ok,dropout,severe
M4,76,/camera/image_raw,7598.6367,7622.890003154056,7641.3898,40.4729,221,0,1,1,30.8045,209.8106,rgb_frame,dropout,severe
M4,76,/audio/stream,7604.4493,7654.113934433005,7649.2718,40.9996,328,0,1,0,30.8045,209.8106,wav_chunk,dropout,severe
M4,76,/robot_pose,7603.2315,7654.059265959502,7647.0294,40.9132,203,0,1,0,30.8045,209.8106,pose_state,dropout,severe
M4,76,/head_cmd,7610.0,7629.250913160401,7651.6137,38.6555,345,0,1,0,30.8045,209.8106,gaze_adjust,dropout,severe
M4,76,/speech_cmd,7612.0,7644.164523536279,7650.4272,36.614,386,0,1,0,30.8045,209.8106,comfort_prompt,dropout,severe
M4,76,/event_log,7614.0,7681.92349821975,7657.7412,40.0826,268,0,1,0,30.8045,209.8106,sync_tick,dropout,severe
M4,76,/system_health,7616.0,7641.970756534826,7658.6378,40.6822,312,0,1,1,30.8045,209.8106,system_ok,dropout,severe
M4,77,/camera/image_raw,7709.5044,7755.064567266926,7751.6727,39.1606,322,0,1,0,31.0066,208.6373,rgb_frame,dropout,severe
M4,77,/audio/stream,7691.72,7732.638329010044,7733.4254,39.3356,183,1,0,0,31.0066,208.6373,wav_chunk,dropout,severe
M4,77,/robot_pose,7698.2377,7752.183313367614,7738.0893,37.5522,257,0,1,0,31.0066,208.6373,pose_state,dropout,severe
M4,77,/head_cmd,7710.0,7751.698602620361,7748.8939,37.2666,192,0,1,0,31.0066,208.6373,gaze_adjust,dropout,severe
M4,77,/speech_cmd,7712.0,7748.484967831143,7755.5803,42.9544,195,0,1,0,31.0066,208.6373,comfort_prompt,dropout,severe
M4,77,/event_log,7714.0,7748.683861822093,7750.2176,33.6824,147,0,1,0,31.0066,208.6373,sync_tick,dropout,severe
M4,77,/system_health,7716.0,7758.481649159306,7760.7727,41.2611,356,0,1,0,31.0066,208.6373,system_ok,dropout,severe
M4,78,/camera/image_raw,7787.3586,7831.699772265758,7835.755,45.7166,213,0,1,0,28.6876,208.6823,rgb_frame,dropout,severe
M4,78,/audio/stream,7802.3873,7826.22412817014,7846.4159,43.6236,210,0,1,1,28.6876,208.6823,wav_chunk,dropout,severe
M4,78,/robot_pose,7795.0551,7851.209329113968,7834.8257,37.5079,243,1,0,0,28.6876,208.6823,pose_state,dropout,severe
M4,78,/head_cmd,7810.0,7866.234103817966,7852.2978,40.2376,257,0,1,0,28.6876,208.6823,gaze_adjust,dropout,severe
M4,78,/speech_cmd,7812.0,7839.301164596952,7857.2834,42.964,238,0,1,0,28.6876,208.6823,comfort_prompt,dropout,severe
M4,78,/event_log,7814.0,7851.899515517243,7859.2713,42.4104,222,0,1,0,28.6876,208.6823,sync_tick,dropout,severe
M4,78,/system_health,7816.0,7853.189514959687,7859.6953,40.5658,189,0,1,0,28.6876,208.6823,system_ok,dropout,severe
M4,79,/camera/image_raw,7912.6329,7935.0733179925055,7954.2204,39.7881,233,0,1,0,28.9548,215.1262,rgb_frame,dropout,severe
M4,79,/audio/stream,7889.2868,7903.468755983566,7933.408,42.1839,248,0,1,0,28.9548,215.1262,wav_chunk,dropout,severe
M4,79,/robot_pose,7898.2732,7915.899010221316,7928.2036,27.6847,257,0,1,1,28.9548,215.1262,pose_state,dropout,severe
M4,79,/head_cmd,7910.0,7950.609764896232,7959.2031,45.9558,244,0,1,0,28.9548,215.1262,gaze_adjust,dropout,severe
M4,79,/speech_cmd,7912.0,7935.447999999539,7958.3852,45.0665,302,0,1,0,28.9548,215.1262,comfort_prompt,dropout,severe
M4,79,/event_log,7914.0,7956.166266461282,7954.7639,39.5116,244,0,1,0,28.9548,215.1262,sync_tick,dropout,severe
M4,79,/system_health,7916.0,7980.846244549745,7965.7482,47.4034,345,1,0,0,28.9548,215.1262,system_ok,dropout,severe
M4,80,/camera/image_raw,7994.7589,8050.671442192479,8040.4403,43.2808,211,0,1,0,30.2479,209.6067,rgb_frame,dropout,severe
M4,80,/audio/stream,8008.3828,8050.638615202619,8056.1242,44.1561,220,0,1,0,30.2479,209.6067,wav_chunk,dropout,severe
M4,80,/robot_pose,7996.7392,8002.426924552182,8032.6326,33.2939,236,0,1,0,30.2479,209.6067,pose_state,dropout,severe
M4,80,/head_cmd,8010.0,8060.846035109886,8052.7554,40.1105,228,1,0,0,30.2479,209.6067,gaze_adjust,dropout,severe
M4,80,/speech_cmd,8012.0,8053.755382535968,8053.6794,39.5595,344,0,1,0,30.2479,209.6067,comfort_prompt,dropout,severe
M4,80,/event_log,8014.0,8061.12046663827,8055.9666,40.7552,184,0,1,0,30.2479,209.6067,sync_tick,dropout,severe
M4,80,/system_health,8016.0,8086.233342004537,8058.4882,41.1918,162,0,1,1,30.2479,209.6067,system_ok,dropout,severe
M4,81,/camera/image_raw,8104.4488,8134.36422555704,8149.4202,42.2877,99,0,1,0,30.323,209.5267,rgb_frame,dropout,severe
M4,81,/audio/stream,8105.476,8101.269761003169,8147.0063,38.916,231,1,0,0,30.323,209.5267,wav_chunk,dropout,severe
M4,81,/robot_pose,8098.1593,8122.380281332854,8140.9827,40.0228,260,0,1,0,30.323,209.5267,pose_state,dropout,severe
M4,81,/head_cmd,8110.0,8163.200376024018,8159.0113,45.9097,248,0,1,1,30.323,209.5267,gaze_adjust,dropout,severe
M4,81,/speech_cmd,8112.0,8151.489688526221,8151.0056,39.0858,236,0,1,0,30.323,209.5267,comfort_prompt,dropout,severe
M4,81,/event_log,8114.0,8130.23035805602,8150.8419,34.4649,265,0,1,0,30.323,209.5267,sync_tick,dropout,severe
M4,81,/system_health,8116.0,8137.3656392523535,8161.9788,42.6614,254,0,1,0,30.323,209.5267,system_ok,dropout,severe
M4,82,/camera/image_raw,8215.9629,8254.71396476274,8261.4753,44.0702,238,0,1,0,29.3817,207.9563,rgb_frame,dropout,severe
M4,82,/audio/stream,8201.8596,8224.225679951773,8244.7586,41.0575,304,0,1,1,29.3817,207.9563,wav_chunk,dropout,severe
M4,82,/robot_pose,8193.4489,8245.525401273817,8240.8491,44.267,236,1,0,0,29.3817,207.9563,pose_state,dropout,severe
M4,82,/head_cmd,8210.0,8250.340396670606,8257.6206,46.5118,172,0,1,0,29.3817,207.9563,gaze_adjust,dropout,severe
M4,82,/speech_cmd,8212.0,8239.439731735023,8251.0538,36.8465,328,0,1,0,29.3817,207.9563,comfort_prompt,dropout,severe
M4,82,/event_log,8214.0,8241.918953956156,8255.1118,39.2931,243,0,1,0,29.3817,207.9563,sync_tick,dropout,severe
M4,82,/system_health,8216.0,8263.939840898709,8261.8109,43.993,223,0,1,0,29.3817,207.9563,system_ok,dropout,severe
M4,83,/camera/image_raw,8290.5822,8337.0025383564,8338.0952,45.7812,341,0,1,0,30.1,206.9284,rgb_frame,dropout,severe
M4,83,/audio/stream,8295.4262,8344.90665904794,8344.1221,46.451,166,0,1,0,30.1,206.9284,wav_chunk,dropout,severe
M4,83,/robot_pose,8305.8873,8358.583841657088,8358.3917,49.9946,236,1,0,0,30.1,206.9284,pose_state,dropout,severe
M4,83,/head_cmd,8310.0,8353.578166951049,8357.423,44.6611,334,0,1,0,30.1,206.9284,gaze_adjust,dropout,severe
M4,83,/speech_cmd,8312.0,8334.690241248129,8352.642,38.1872,184,1,0,0,30.1,206.9284,comfort_prompt,dropout,severe
M4,83,/event_log,8314.0,8346.546198099031,8359.6836,43.5019,272,0,1,0,30.1,206.9284,sync_tick,dropout,severe
M4,83,/system_health,8316.0,8350.331076422917,8358.2504,40.2512,203,1,0,0,30.1,206.9284,system_ok,dropout,severe
M4,0,/camera/image_raw,-1.8082,37.78485864860323,50.3577,38.3285,246,0,1,0,30.0709,210.7588,rgb_frame,sensor_noise,moderate
M4,0,/audio/stream,-1.0086,74.78515833837304,51.043,39.2438,283,0,1,0,30.0709,210.7588,wav_chunk,sensor_noise,moderate
M4,0,/robot_pose,-3.2884,46.14969616643637,49.3904,37.4696,291,0,1,0,30.0709,210.7588,pose_state,sensor_noise,moderate
M4,0,/head_cmd,10.0,50.547375968545566,67.345,43.9538,233,0,1,0,30.0709,210.7588,gaze_adjust,sensor_noise,moderate
M4,0,/speech_cmd,12.0,54.17017561163888,59.9396,34.3037,331,0,1,0,30.0709,210.7588,comfort_prompt,sensor_noise,moderate
M4,0,/event_log,14.0,93.3982098357417,72.505,45.2235,228,0,1,0,30.0709,210.7588,sync_tick,sensor_noise,moderate
M4,0,/system_health,16.0,59.3162415522921,69.63730000000001,38.9688,150,0,1,0,30.0709,210.7588,system_ok,sensor_noise,moderate
M4,1,/camera/image_raw,88.779,160.35024038280696,145.3448,42.4792,234,0,1,0,29.5085,209.4539,rgb_frame,sensor_noise,moderate
M4,1,/audio/stream,103.917,148.8556757301126,162.54,44.1948,217,0,1,0,29.5085,209.4539,wav_chunk,sensor_noise,moderate
M4,1,/robot_pose,90.2548,129.44035345800847,145.7288,40.9675,359,0,1,0,29.5085,209.4539,pose_state,sensor_noise,moderate
M4,1,/head_cmd,110.0,177.83465339069727,169.1335,43.9619,219,0,1,0,29.5085,209.4539,gaze_adjust,sensor_noise,moderate
M4,1,/speech_cmd,112.0,146.98829390837665,164.7315,38.7198,247,0,1,0,29.5085,209.4539,comfort_prompt,sensor_noise,moderate
M4,1,/event_log,114.0,177.59022450291053,165.9972,36.7845,309,0,1,0,29.5085,209.4539,sync_tick,sensor_noise,moderate
M4,1,/system_health,116.0,173.92306798242026,170.3072,39.5938,269,0,1,0,29.5085,209.4539,system_ok,sensor_noise,moderate
M4,2,/camera/image_raw,205.0388,239.69550917958333,255.6203,38.3814,191,0,1,0,29.9362,210.7462,rgb_frame,sensor_noise,moderate
M4,2,/audio/stream,189.2455,240.61053060810198,244.1476,40.651,357,0,1,0,29.9362,210.7462,wav_chunk,sensor_noise,moderate
M4,2,/robot_pose,199.2717,244.61996276992832,256.7631,43.2262,254,0,1,0,29.9362,210.7462,pose_state,sensor_noise,moderate
M4,2,/head_cmd,210.0,273.5934780200431,269.0398,45.3119,247,0,1,0,29.9362,210.7462,gaze_adjust,sensor_noise,moderate
M4,2,/speech_cmd,212.0,294.5185684091975,263.8733,36.5382,279,0,1,0,29.9362,210.7462,comfort_prompt,sensor_noise,moderate
M4,2,/event_log,214.0,257.3924171480264,266.1735,38.0651,286,0,1,0,29.9362,210.7462,sync_tick,sensor_noise,moderate
M4,2,/system_health,216.0,277.5002729294531,269.6647,39.8923,216,0,1,0,29.9362,210.7462,system_ok,sensor_noise,moderate
M4,3,/camera/image_raw,302.3727,353.71623155001527,355.219,38.9036,267,0,1,0,28.5303,209.2174,rgb_frame,sensor_noise,moderate
M4,3,/audio/stream,297.1356,352.1890386551372,354.5173,42.6205,289,0,1,0,28.5303,209.2174,wav_chunk,sensor_noise,moderate
M4,3,/robot_pose,297.7312,345.42330782683257,350.1434,38.6658,193,0,1,0,28.5303,209.2174,pose_state,sensor_noise,moderate
M4,3,/head_cmd,310.0,343.82228596567205,361.4716,37.2558,208,0,1,0,28.5303,209.2174,gaze_adjust,sensor_noise,moderate
M4,3,/speech_cmd,312.0,370.0452190870842,365.4403,40.0127,156,0,1,0,28.5303,209.2174,comfort_prompt,sensor_noise,moderate
M4,3,/event_log,314.0,363.708748501451,370.7266,42.9061,205,0,1,0,28.5303,209.2174,sync_tick,sensor_noise,moderate
M4,3,/system_health,316.0,346.96669849270296,365.7915,35.2531,338,0,1,0,28.5303,209.2174,system_ok,sensor_noise,moderate
M4,4,/camera/image_raw,397.1785,477.1915187204694,458.9714,49.758,250,0,1,0,28.0085,214.5072,rgb_frame,sensor_noise,moderate
M4,4,/audio/stream,398.2755,449.1634732086422,449.3694,37.1058,230,0,1,0,28.0085,214.5072,wav_chunk,sensor_noise,moderate
M4,4,/robot_pose,405.3582,456.4810187678217,462.6967,43.2286,201,0,1,0,28.0085,214.5072,pose_state,sensor_noise,moderate
M4,4,/head_cmd,410.0,485.41381906543336,463.9046,39.2928,184,0,1,0,28.0085,214.5072,gaze_adjust,sensor_noise,moderate
M4,4,/speech_cmd,412.0,424.347132360406,461.1908,33.3966,217,0,1,0,28.0085,214.5072,comfort_prompt,sensor_noise,moderate
M4,4,/event_log,414.0,488.3428744671236,467.3139,39.4321,288,0,1,0,28.0085,214.5072,sync_tick,sensor_noise,moderate
M4,4,/system_health,416.0,459.2293169155481,477.7367,47.0727,164,0,1,0,28.0085,214.5072,system_ok,sensor_noise,moderate
M4,5,/camera/image_raw,490.3111,541.7751857094793,541.3622,35.6564,365,0,1,0,28.1059,211.2942,rgb_frame,sensor_noise,moderate
M4,5,/audio/stream,496.8083,537.2318524258272,550.3682,39.0087,182,0,1,0,28.1059,211.2942,wav_chunk,sensor_noise,moderate
M4,5,/robot_pose,498.6588,536.5412812718564,554.9567,42.4964,190,0,1,0,28.1059,211.2942,pose_state,sensor_noise,moderate
M4,5,/head_cmd,510.0,584.4943574674318,562.6718,38.8444,236,0,1,0,28.1059,211.2942,gaze_adjust,sensor_noise,moderate
M4,5,/speech_cmd,512.0,601.2122982131151,569.3722,43.8004,360,0,1,0,28.1059,211.2942,comfort_prompt,sensor_noise,moderate
M4,5,/event_log,514.0,556.7194382882806,564.1938,34.7015,195,0,1,0,28.1059,211.2942,sync_tick,sensor_noise,moderate
M4,5,/system_health,516.0,574.0362446394973,569.8055,39.9977,235,0,1,0,28.1059,211.2942,system_ok,sensor_noise,moderate
M4,6,/camera/image_raw,605.6095,655.2737425299249,655.6546,36.6384,187,0,1,0,29.5547,209.5159,rgb_frame,sensor_noise,moderate
M4,6,/audio/stream,611.9986,693.1641230723513,664.4147,38.0164,141,0,1,0,29.5547,209.5159,wav_chunk,sensor_noise,moderate
M4,6,/robot_pose,605.9526,619.4971919458364,660.9467,39.5813,323,0,1,0,29.5547,209.5159,pose_state,sensor_noise,moderate
M4,6,/head_cmd,610.0,666.214221942864,660.5085,37.426,283,0,1,0,29.5547,209.5159,gaze_adjust,sensor_noise,moderate
M4,6,/speech_cmd,612.0,641.4087263454091,657.5851,30.497,243,0,1,0,29.5547,209.5159,comfort_prompt,sensor_noise,moderate
M4,6,/event_log,614.0,630.6845476135188,673.9103,47.0919,311,0,1,0,29.5547,209.5159,sync_tick,sensor_noise,moderate
M4,6,/system_health,616.0,660.8751582462736,669.2998,39.3647,173,0,1,0,29.5547,209.5159,system_ok,sensor_noise,moderate
M4,7,/camera/image_raw,704.1702,784.9902782363899,752.8306,35.5552,344,0,1,0,31.1089,207.3371,rgb_frame,sensor_noise,moderate
M4,7,/audio/stream,705.4091,742.0582145727928,757.2512,36.458,287,0,1,0,31.1089,207.3371,wav_chunk,sensor_noise,moderate
M4,7,/robot_pose,708.9256,776.049679118163,763.7704,40.8903,295,0,1,0,31.1089,207.3371,pose_state,sensor_noise,moderate
M4,7,/head_cmd,710.0,783.0848995471406,763.4134,39.5088,297,0,1,0,31.1089,207.3371,gaze_adjust,sensor_noise,moderate
M4,7,/speech_cmd,712.0,762.7662575528486,764.5561,38.9948,291,0,1,0,31.1089,207.3371,comfort_prompt,sensor_noise,moderate
M4,7,/event_log,714.0,767.4829011314033,767.9058,39.3147,228,0,1,0,31.1089,207.3371,sync_tick,sensor_noise,moderate
M4,7,/system_health,716.0,731.84083768226,766.3222,34.7342,348,0,1,0,31.1089,207.3371,system_ok,sensor_noise,moderate
M4,8,/camera/image_raw,806.1865,842.8799504628923,859.4687,37.5845,253,0,1,0,31.5206,208.0093,rgb_frame,sensor_noise,moderate
M4,8,/audio/stream,796.8975,872.41203723794,857.1672,47.1884,287,0,1,0,31.5206,208.0093,wav_chunk,sensor_noise,moderate
M4,8,/robot_pose,798.4984,859.9896237466671,861.1212,48.399,240,0,1,0,31.5206,208.0093,pose_state,sensor_noise,moderate
M4,8,/head_cmd,810.0,864.0558459459863,860.5095,35.4437,209,0,1,0,31.5206,208.0093,gaze_adjust,sensor_noise,moderate
M4,8,/speech_cmd,812.0,866.1322364342949,864.9478,39.7354,349,0,1,0,31.5206,208.0093,comfort_prompt,sensor_noise,moderate
M4,8,/event_log,814.0,910.1902709973358,872.909,44.7342,186,0,1,0,31.5206,208.0093,sync_tick,sensor_noise,moderate
M4,8,/system_health,816.0,866.5089430386051,876.1656,46.2583,189,0,1,0,31.5206,208.0093,system_ok,sensor_noise,moderate
M4,9,/camera/image_raw,887.6652,966.9209807737535,940.5082,38.3585,212,0,1,0,29.3149,211.0843,rgb_frame,sensor_noise,moderate
M4,9,/audio/stream,894.8323,949.3560579997212,950.6897,40.1207,235,0,1,0,29.3149,211.0843,wav_chunk,sensor_noise,moderate
M4,9,/robot_pose,892.7268,976.6201815424544,947.0722,41.3978,347,0,1,0,29.3149,211.0843,pose_state,sensor_noise,moderate
M4,9,/head_cmd,910.0,937.9015943933532,962.9917,37.9512,248,0,1,0,29.3149,211.0843,gaze_adjust,sensor_noise,moderate
M4,9,/speech_cmd,912.0,969.6301397373555,969.0432,42.3064,228,0,1,0,29.3149,211.0843,comfort_prompt,sensor_noise,moderate
M4,9,/event_log,914.0,963.1413378893776,971.8205,44.2277,302,0,1,0,29.3149,211.0843,sync_tick,sensor_noise,moderate
M4,9,/system_health,916.0,968.8097020453007,968.7789,38.2992,228,0,1,0,29.3149,211.0843,system_ok,sensor_noise,moderate
M4,10,/camera/image_raw,1000.3498,1074.3127727279903,1054.6172,39.9601,219,0,1,0,30.0486,207.4876,rgb_frame,sensor_noise,moderate
M4,10,/audio/stream,991.4025,1049.8862728964432,1044.4632,39.6652,396,0,1,0,30.0486,207.4876,wav_chunk,sensor_noise,moderate
M4,10,/robot_pose,1001.2378,1079.621388420485,1060.073,44.4167,326,0,1,0,30.0486,207.4876,pose_state,sensor_noise,moderate
M4,10,/head_cmd,1010.0,1042.199220321069,1054.4171,32.2632,232,0,1,0,30.0486,207.4876,gaze_adjust,sensor_noise,moderate
M4,10,/speech_cmd,1012.0,1043.854979764573,1060.6767,34.666,268,0,1,0,30.0486,207.4876,comfort_prompt,sensor_noise,moderate
M4,10,/event_log,1014.0,1070.151791316471,1071.1513,43.8619,279,0,1,0,30.0486,207.4876,sync_tick,sensor_noise,moderate
M4,10,/system_health,1016.0,1067.5420607889605,1070.7158,40.2378,224,0,1,0,30.0486,207.4876,system_ok,sensor_noise,moderate
M4,11,/camera/image_raw,1109.6819,1158.3590313611646,1163.6423,40.0225,293,0,1,0,29.1306,211.0799,rgb_frame,sensor_noise,moderate
M4,11,/audio/stream,1099.1719,1132.9810289379277,1150.3069,39.0645,72,0,1,0,29.1306,211.0799,wav_chunk,sensor_noise,moderate
M4,11,/robot_pose,1108.8709,1187.797528617334,1169.406,45.3509,369,0,1,0,29.1306,211.0799,pose_state,sensor_noise,moderate
M4,11,/head_cmd,1110.0,1155.6600303885973,1163.357,40.1911,230,0,1,0,29.1306,211.0799,gaze_adjust,sensor_noise,moderate
M4,11,/speech_cmd,1112.0,1189.9763061998283,1165.7013,40.3069,354,0,1,0,29.1306,211.0799,comfort_prompt,sensor_noise,moderate
M4,11,/event_log,1114.0,1175.448580573673,1177.8018,49.2192,255,0,1,0,29.1306,211.0799,sync_tick,sensor_noise,moderate
M4,11,/system_health,1116.0,1174.7530207546529,1166.5185,35.0813,260,0,1,0,29.1306,211.0799,system_ok,sensor_noise,moderate
M4,12,/camera/image_raw,1197.9758,1264.1763735733464,1256.254,44.1617,325,0,1,0,30.1616,204.9611,rgb_frame,sensor_noise,moderate
M4,12,/audio/stream,1203.8494,1240.0212546736846,1256.9492,39.0088,183,0,1,0,30.1616,204.9611,wav_chunk,sensor_noise,moderate
M4,12,/robot_pose,1197.0714,1258.5334525879448,1253.4232,42.8524,226,0,1,0,30.1616,204.9611,pose_state,sensor_noise,moderate
M4,12,/head_cmd,1210.0,1296.527493000408,1264.1145,39.8175,153,0,1,0,30.1616,204.9611,gaze_adjust,sensor_noise,moderate
M4,12,/speech_cmd,1212.0,1267.4191205558066,1265.7263,38.8901,233,0,1,0,30.1616,204.9611,comfort_prompt,sensor_noise,moderate
M4,12,/event_log,1214.0,1281.137381312074,1267.2444,38.9144,248,0,1,0,30.1616,204.9611,sync_tick,sensor_noise,moderate
M4,12,/system_health,1216.0,1276.1701932026592,1265.8622,35.6913,315,0,1,0,30.1616,204.9611,system_ok,sensor_noise,moderate
M4,13,/camera/image_raw,1292.6418,1346.2913938505699,1343.0383,36.1227,183,0,1,0,31.0355,208.7414,rgb_frame,sensor_noise,moderate
M4,13,/audio/stream,1297.0041,1347.7502169190454,1345.4255,35.3895,191,0,1,0,31.0355,208.7414,wav_chunk,sensor_noise,moderate
M4,13,/robot_pose,1293.0918,1359.8963800641834,1351.6582,44.9528,283,0,1,0,31.0355,208.7414,pose_state,sensor_noise,moderate
M4,13,/head_cmd,1310.0,1371.9173858365612,1360.9859,36.1783,194,0,1,0,31.0355,208.7414,gaze_adjust,sensor_noise,moderate
M4,13,/speech_cmd,1312.0,1339.3414469730806,1365.9227,39.6804,395,0,1,0,31.0355,208.7414,comfort_prompt,sensor_noise,moderate
M4,13,/event_log,1314.0,1372.4966520037362,1369.7709,42.0452,297,0,1,0,31.0355,208.7414,sync_tick,sensor_noise,moderate
M4,13,/system_health,1316.0,1372.7627981465482,1376.9725,48.0762,205,0,1,0,31.0355,208.7414,system_ok,sensor_noise,moderate
M4,14,/camera/image_raw,1398.3417,1436.8052168142692,1445.8925,33.511,318,0,1,0,28.5653,212.9311,rgb_frame,sensor_noise,moderate
M4,14,/audio/stream,1396.6633,1471.0713588225142,1449.1605,39.0807,175,0,1,0,28.5653,212.9311,wav_chunk,sensor_noise,moderate
M4,14,/robot_pose,1398.3362,1435.4209675348507,1450.212,38.2814,268,0,1,0,28.5653,212.9311,pose_state,sensor_noise,moderate
M4,14,/head_cmd,1410.0,1430.48975691442,1458.446,33.5956,262,0,1,0,28.5653,212.9311,gaze_adjust,sensor_noise,moderate
M4,14,/speech_cmd,1412.0,1478.2836920569455,1467.3136,39.9608,229,0,1,0,28.5653,212.9311,comfort_prompt,sensor_noise,moderate
M4,14,/event_log,1414.0,1436.73101058203,1464.0599,36.2981,244,0,1,0,28.5653,212.9311,sync_tick,sensor_noise,moderate
M4,14,/system_health,1416.0,1432.1346245967459,1468.373,38.8376,134,0,1,0,28.5653,212.9311,system_ok,sensor_noise,moderate
M4,15,/camera/image_raw,1496.0735,1567.2762184198193,1554.2335,42.8539,302,0,1,0,31.3195,214.4754,rgb_frame,sensor_noise,moderate
M4,15,/audio/stream,1502.8786,1564.3918005101248,1565.2155,46.6562,313,0,1,0,31.3195,214.4754,wav_chunk,sensor_noise,moderate
M4,15,/robot_pose,1500.6813,1563.832353292638,1557.3592,42.6421,253,0,1,0,31.3195,214.4754,pose_state,sensor_noise,moderate
M4,15,/head_cmd,1510.0,1552.5016036539669,1563.1623,38.4653,212,0,1,0,31.3195,214.4754,gaze_adjust,sensor_noise,moderate
M4,15,/speech_cmd,1512.0,1538.1328896310376,1563.3681,39.0522,359,0,1,0,31.3195,214.4754,comfort_prompt,sensor_noise,moderate
M4,15,/event_log,1514.0,1543.5905301548821,1567.4992,38.9347,343,0,1,0,31.3195,214.4754,sync_tick,sensor_noise,moderate
M4,15,/system_health,1516.0,1564.118399810237,1572.3733,41.0178,181,0,1,0,31.3195,214.4754,system_ok,sensor_noise,moderate
M4,16,/camera/image_raw,1616.7816,1645.6122485574751,1671.8709,39.7338,143,0,1,0,31.5676,205.7278,rgb_frame,sensor_noise,moderate
M4,16,/audio/stream,1608.6969,1669.3539523268219,1666.4527,43.1301,374,0,1,0,31.5676,205.7278,wav_chunk,sensor_noise,moderate
M4,16,/robot_pose,1601.046,1639.2782571153805,1651.0902,34.5565,222,0,1,0,31.5676,205.7278,pose_state,sensor_noise,moderate
M4,16,/head_cmd,1610.0,1664.4308488525755,1662.3226,39.1002,190,0,1,0,31.5676,205.7278,gaze_adjust,sensor_noise,moderate
M4,16,/speech_cmd,1612.0,1669.2950663080758,1667.8125,42.5024,300,0,1,0,31.5676,205.7278,comfort_prompt,sensor_noise,moderate
M4,16,/event_log,1614.0,1671.1987919796416,1665.466,38.2364,224,0,1,0,31.5676,205.7278,sync_tick,sensor_noise,moderate
M4,16,/system_health,1616.0,1679.225785491202,1672.2132,42.2351,258,0,1,0,31.5676,205.7278,system_ok,sensor_noise,moderate
M4,17,/camera/image_raw,1704.8735,1752.7909893659735,1760.0127,42.1078,202,0,1,0,28.8514,209.2131,rgb_frame,sensor_noise,moderate
M4,17,/audio/stream,1708.6594,1761.319246799409,1760.0415,37.3484,210,0,1,0,28.8514,209.2131,wav_chunk,sensor_noise,moderate
M4,17,/robot_pose,1698.4495,1757.7510463115632,1754.4188,43.0533,161,0,1,0,28.8514,209.2131,pose_state,sensor_noise,moderate
M4,17,/head_cmd,1710.0,1717.1695744363194,1762.9491,38.8896,168,0,1,0,28.8514,209.2131,gaze_adjust,sensor_noise,moderate
M4,17,/speech_cmd,1712.0,1773.4356634254707,1763.6774,37.7982,232,0,1,0,28.8514,209.2131,comfort_prompt,sensor_noise,moderate
M4,17,/event_log,1714.0,1769.5316595319644,1768.5034,40.8327,344,0,1,0,28.8514,209.2131,sync_tick,sensor_noise,moderate
M4,17,/system_health,1716.0,1780.3308795743844,1771.7323,42.178,261,0,1,0,28.8514,209.2131,system_ok,sensor_noise,moderate
M4,18,/camera/image_raw,1800.8681,1836.1975152819493,1862.5934,46.4926,267,0,1,0,30.8441,209.1172,rgb_frame,sensor_noise,moderate
M4,18,/audio/stream,1809.7178,1855.5110828470768,1863.8003,39.4772,245,0,1,0,30.8441,209.1172,wav_chunk,sensor_noise,moderate
M4,18,/robot_pose,1796.9981,1836.5981697818195,1858.5085,47.2476,231,0,1,0,30.8441,209.1172,pose_state,sensor_noise,moderate
M4,18,/head_cmd,1810.0,1874.0907247718317,1861.9175,38.6879,289,0,1,0,30.8441,209.1172,gaze_adjust,sensor_noise,moderate
M4,18,/speech_cmd,1812.0,1835.9542022427672,1864.3248,37.2463,178,0,1,0,30.8441,209.1172,comfort_prompt,sensor_noise,moderate
M4,18,/event_log,1814.0,1850.3195139253983,1870.1555,41.0353,126,0,1,0,30.8441,209.1172,sync_tick,sensor_noise,moderate
M4,18,/system_health,1816.0,1886.2170543088957,1878.4592,48.5994,264,0,1,0,30.8441,209.1172,system_ok,sensor_noise,moderate
M4,19,/camera/image_raw,1904.0001,1951.2476584190094,1965.1943,46.5763,373,0,1,0,31.0971,210.4534,rgb_frame,sensor_noise,moderate
M4,19,/audio/stream,1905.809,1944.2350681777968,1961.7015,43.1371,412,0,1,0,31.0971,210.4534,wav_chunk,sensor_noise,moderate
M4,19,/robot_pose,1901.3694,1966.9257497317233,1954.0012,37.2354,257,0,1,0,31.0971,210.4534,pose_state,sensor_noise,moderate
M4,19,/head_cmd,1910.0,1982.8359116186537,1967.4263,43.7771,293,0,1,0,31.0971,210.4534,gaze_adjust,sensor_noise,moderate
M4,19,/speech_cmd,1912.0,1975.517281465738,1965.9832,38.52,282,0,1,0,31.0971,210.4534,comfort_prompt,sensor_noise,moderate
M4,19,/event_log,1914.0,1984.5532741309253,1969.7453,43.2765,250,0,1,0,31.0971,210.4534,sync_tick,sensor_noise,moderate
M4,19,/system_health,1916.0,1965.006572979115,1971.5539,41.175,313,0,1,0,31.0971,210.4534,system_ok,sensor_noise,moderate
M4,20,/camera/image_raw,1997.4387,2044.436526456541,2049.5894,38.6806,276,0,1,0,27.4934,210.6502,rgb_frame,sensor_noise,moderate
M4,20,/audio/stream,2000.3903,2045.6507369863953,2060.3475,44.9259,247,0,1,0,27.4934,210.6502,wav_chunk,sensor_noise,moderate
M4,20,/robot_pose,2005.9061,2064.444325018888,2064.3196,43.5191,250,0,1,0,27.4934,210.6502,pose_state,sensor_noise,moderate
M4,20,/head_cmd,2010.0,2049.741630108135,2060.9356,37.2438,306,0,1,0,27.4934,210.6502,gaze_adjust,sensor_noise,moderate
M4,20,/speech_cmd,2012.0,2056.052308293314,2065.2106,39.8475,154,0,1,0,27.4934,210.6502,comfort_prompt,sensor_noise,moderate
M4,20,/event_log,2014.0,2080.141607811692,2071.106,43.3434,275,0,1,0,27.4934,210.6502,sync_tick,sensor_noise,moderate
M4,20,/system_health,2016.0,2094.296606419259,2074.1278,44.9749,253,0,1,0,27.4934,210.6502,system_ok,sensor_noise,moderate
M4,21,/camera/image_raw,2098.8051,2161.9867845768617,2156.869,44.013,247,0,1,0,28.5376,210.5954,rgb_frame,sensor_noise,moderate
M4,21,/audio/stream,2103.0379,2188.896285574366,2159.0745,41.5607,290,0,1,0,28.5376,210.5954,wav_chunk,sensor_noise,moderate
M4,21,/robot_pose,2106.1958,2147.6285197034103,2161.7422,42.132,315,0,1,0,28.5376,210.5954,pose_state,sensor_noise,moderate
M4,21,/head_cmd,2110.0,2133.4704564942335,2168.9029,44.554,166,0,1,0,28.5376,210.5954,gaze_adjust,sensor_noise,moderate
M4,21,/speech_cmd,2112.0,2176.2912020126123,2165.7834,39.4279,187,0,1,0,28.5376,210.5954,comfort_prompt,sensor_noise,moderate
M4,21,/event_log,2114.0,2150.5532960523587,2165.5188,38.4463,292,0,1,0,28.5376,210.5954,sync_tick,sensor_noise,moderate
M4,21,/system_health,2116.0,2163.6242396480434,2169.4341,40.5507,277,0,1,0,28.5376,210.5954,system_ok,sensor_noise,moderate
M4,22,/camera/image_raw,2199.6044,2217.32606281782,2251.3975,37.578,264,0,1,0,29.1184,206.8416,rgb_frame,sensor_noise,moderate
M4,22,/audio/stream,2204.1313,2238.9133155477753,2256.9605,38.9678,234,0,1,0,29.1184,206.8416,wav_chunk,sensor_noise,moderate
M4,22,/robot_pose,2198.0423,2232.7638065015735,2261.3873,49.7616,222,0,1,0,29.1184,206.8416,pose_state,sensor_noise,moderate
M4,22,/head_cmd,2210.0,2267.0886412584346,2277.4429,52.9061,173,0,1,0,29.1184,206.8416,gaze_adjust,sensor_noise,moderate
M4,22,/speech_cmd,2212.0,2259.999473110107,2268.5734,43.1014,310,0,1,0,29.1184,206.8416,comfort_prompt,sensor_noise,moderate
M4,22,/event_log,2214.0,2266.506087407868,2266.735,38.8868,352,0,1,0,29.1184,206.8416,sync_tick,sensor_noise,moderate
M4,22,/system_health,2216.0,2292.311313358393,2272.9747,41.9963,282,0,1,0,29.1184,206.8416,system_ok,sensor_noise,moderate
M4,23,/camera/image_raw,2296.8889,2364.574012768161,2354.7593,43.5008,271,0,1,0,30.1482,214.0446,rgb_frame,sensor_noise,moderate
M4,23,/audio/stream,2304.8908,2328.3395465482113,2358.7377,40.6478,250,0,1,0,30.1482,214.0446,wav_chunk,sensor_noise,moderate
M4,23,/robot_pose,2306.0461,2369.9739778410317,2360.8968,40.9836,276,0,1,0,30.1482,214.0446,pose_state,sensor_noise,moderate
M4,23,/head_cmd,2310.0,2364.195684553946,2365.003,40.1841,295,0,1,0,30.1482,214.0446,gaze_adjust,sensor_noise,moderate
M4,23,/speech_cmd,2312.0,2363.00662422335,2365.8737,40.7675,363,0,1,0,30.1482,214.0446,comfort_prompt,sensor_noise,moderate
M4,23,/event_log,2314.0,2365.12270846113,2367.6666,39.5313,235,0,1,0,30.1482,214.0446,sync_tick,sensor_noise,moderate
M4,23,/system_health,2316.0,2369.8271437055523,2369.5805,38.1452,339,0,1,0,30.1482,214.0446,system_ok,sensor_noise,moderate
M4,24,/camera/image_raw,2403.1108,2443.485737761756,2457.7867,40.8289,271,0,1,0,30.0812,208.4674,rgb_frame,sensor_noise,moderate
M4,24,/audio/stream,2399.14,2448.151084564556,2454.1157,40.2934,218,0,1,0,30.0812,208.4674,wav_chunk,sensor_noise,moderate
M4,24,/robot_pose,2403.0956,2478.723504230053,2458.8876,42.317,221,0,1,0,30.0812,208.4674,pose_state,sensor_noise,moderate
M4,24,/head_cmd,2410.0,2446.69049588034,2460.7031,37.3608,316,0,1,0,30.0812,208.4674,gaze_adjust,sensor_noise,moderate
M4,24,/speech_cmd,2412.0,2441.062316428848,2461.2411,35.6003,331,0,1,0,30.0812,208.4674,comfort_prompt,sensor_noise,moderate
M4,24,/event_log,2414.0,2462.0834677382704,2465.2436,37.1942,195,0,1,0,30.0812,208.4674,sync_tick,sensor_noise,moderate
M4,24,/system_health,2416.0,2450.458103778386,2473.6857,42.8083,300,0,1,0,30.0812,208.4674,system_ok,sensor_noise,moderate
M4,25,/camera/image_raw,2503.7627,2527.578003813822,2560.2334,42.8254,258,0,1,0,29.1035,212.6117,rgb_frame,sensor_noise,moderate
M4,25,/audio/stream,2500.5887,2544.953990812653,2552.4518,38.5657,266,0,1,0,29.1035,212.6117,wav_chunk,sensor_noise,moderate
M4,25,/robot_pose,2497.3781,2573.5574939221506,2548.9203,38.1042,167,0,1,0,29.1035,212.6117,pose_state,sensor_noise,moderate
M4,25,/head_cmd,2510.0,2554.8160262742163,2557.4138,33.5109,250,0,1,0,29.1035,212.6117,gaze_adjust,sensor_noise,moderate
M4,25,/speech_cmd,2512.0,2563.4792877000677,2562.9855,36.2649,252,0,1,0,29.1035,212.6117,comfort_prompt,sensor_noise,moderate
M4,25,/event_log,2514.0,2529.7310295532798,2570.1274,42.0737,208,0,1,0,29.1035,212.6117,sync_tick,sensor_noise,moderate
M4,25,/system_health,2516.0,2576.1088588639373,2569.4125,40.2226,288,0,1,0,29.1035,212.6117,system_ok,sensor_noise,moderate
M4,26,/camera/image_raw,2593.44,2645.078185503576,2645.9023,37.9576,326,0,1,0,31.1688,205.8567,rgb_frame,sensor_noise,moderate
M4,26,/audio/stream,2607.3459,2654.7125330952917,2668.9141,47.3351,366,0,1,0,31.1688,205.8567,wav_chunk,sensor_noise,moderate
M4,26,/robot_pose,2598.3077,2653.0587084852427,2652.8968,39.5101,199,0,1,0,31.1688,205.8567,pose_state,sensor_noise,moderate
M4,26,/head_cmd,2610.0,2667.411689108843,2664.6762,42.3495,188,0,1,0,31.1688,205.8567,gaze_adjust,sensor_noise,moderate
M4,26,/speech_cmd,2612.0,2647.4646172895573,2667.6855,42.5354,281,0,1,0,31.1688,205.8567,comfort_prompt,sensor_noise,moderate
M4,26,/event_log,2614.0,2676.2678670820383,2672.0935,44.2945,197,0,1,0,31.1688,205.8567,sync_tick,sensor_noise,moderate
M4,26,/system_health,2616.0,2688.3204376054887,2668.1993,38.772,249,0,1,0,31.1688,205.8567,system_ok,sensor_noise,moderate
M4,27,/camera/image_raw,2700.7146,2744.7451534414768,2751.1063,36.1334,326,0,1,0,29.2087,212.896,rgb_frame,sensor_noise,moderate
M4,27,/audio/stream,2697.5519,2738.759004356132,2756.2395,44.8238,289,0,1,0,29.2087,212.896,wav_chunk,sensor_noise,moderate
M4,27,/robot_pose,2708.3718,2759.1584587435686,2764.1229,41.9831,292,0,1,0,29.2087,212.896,pose_state,sensor_noise,moderate
M4,27,/head_cmd,2710.0,2785.1314375111597,2772.3257,47.7484,289,0,1,0,29.2087,212.896,gaze_adjust,sensor_noise,moderate
M4,27,/speech_cmd,2712.0,2744.9132608926493,2768.0182,42.987,283,0,1,0,29.2087,212.896,comfort_prompt,sensor_noise,moderate
M4,27,/event_log,2714.0,2772.6453486581154,2763.9594,36.2313,385,0,1,0,29.2087,212.896,sync_tick,sensor_noise,moderate
M4,27,/system_health,2716.0,2755.081039746631,2768.8932,39.2853,325,0,1,0,29.2087,212.896,system_ok,sensor_noise,moderate
M4,28,/camera/image_raw,2793.3663,2852.4448354648353,2849.9705,42.7214,348,0,1,0,30.047,204.6275,rgb_frame,sensor_noise,moderate
M4,28,/audio/stream,2796.4206,2836.38343704918,2849.5824,38.1207,362,0,1,0,30.047,204.6275,wav_chunk,sensor_noise,moderate
M4,28,/robot_pose,2806.2453,2845.1806948085323,2857.4324,37.1417,279,0,1,0,30.047,204.6275,pose_state,sensor_noise,moderate
M4,28,/head_cmd,2810.0,2886.531808492231,2861.5323,37.1161,242,0,1,0,30.047,204.6275,gaze_adjust,sensor_noise,moderate
M4,28,/speech_cmd,2812.0,2838.2016413703973,2865.8044,39.5652,260,0,1,0,30.047,204.6275,comfort_prompt,sensor_noise,moderate
M4,28,/event_log,2814.0,2875.93759119582,2868.9219,41.201,222,0,1,0,30.047,204.6275,sync_tick,sensor_noise,moderate
M4,28,/system_health,2816.0,2899.2349393965833,2870.2353,40.0711,229,0,1,0,30.047,204.6275,system_ok,sensor_noise,moderate
M4,29,/camera/image_raw,2902.2676,2974.1380946765107,2964.0137,47.5311,266,0,1,0,29.6921,206.6029,rgb_frame,sensor_noise,moderate
M4,29,/audio/stream,2885.4819,2912.6035536572945,2938.7506,39.0814,183,0,1,0,29.6921,206.6029,wav_chunk,sensor_noise,moderate
M4,29,/robot_pose,2896.3477,2925.6142508395224,2950.1331,40.335,239,0,1,0,29.6921,206.6029,pose_state,sensor_noise,moderate
M4,29,/head_cmd,2910.0,2939.245343220365,2954.0722,30.7746,343,0,1,0,29.6921,206.6029,gaze_adjust,sensor_noise,moderate
M4,29,/speech_cmd,2912.0,2971.1782424073576,2971.5911,44.3359,339,0,1,0,29.6921,206.6029,comfort_prompt,sensor_noise,moderate
M4,29,/event_log,2914.0,2973.773168493603,2971.5439,43.7062,193,0,1,0,29.6921,206.6029,sync_tick,sensor_noise,moderate
M4,29,/system_health,2916.0,2950.710762022605,2975.8529,45.6013,405,0,1,0,29.6921,206.6029,system_ok,sensor_noise,moderate
M4,30,/camera/image_raw,2997.4443,3030.8435657479545,3048.3652,37.1089,194,0,1,0,31.4697,213.7507,rgb_frame,sensor_noise,moderate
M4,30,/audio/stream,3015.7832,3049.45741523436,3066.7977,36.2809,244,0,1,0,31.4697,213.7507,wav_chunk,sensor_noise,moderate
M4,30,/robot_pose,2999.216,3049.372757453932,3055.2712,41.4101,144,0,1,0,31.4697,213.7507,pose_state,sensor_noise,moderate
M4,30,/head_cmd,3010.0,3104.0722182312393,3070.2685,46.3477,287,0,1,0,31.4697,213.7507,gaze_adjust,sensor_noise,moderate
M4,30,/speech_cmd,3012.0,3050.886132818778,3070.9802,43.6835,249,0,1,0,31.4697,213.7507,comfort_prompt,sensor_noise,moderate
M4,30,/event_log,3014.0,3041.120859003556,3060.9518,32.7061,268,0,1,0,31.4697,213.7507,sync_tick,sensor_noise,moderate
M4,30,/system_health,3016.0,3044.6670746874106,3067.3816,37.0636,234,0,1,0,31.4697,213.7507,system_ok,sensor_noise,moderate
M4,31,/camera/image_raw,3090.6007,3159.7550022823602,3150.4824,45.7145,260,0,1,0,29.553,207.7048,rgb_frame,sensor_noise,moderate
M4,31,/audio/stream,3105.3719,3155.637751265608,3158.9522,39.01,336,0,1,0,29.553,207.7048,wav_chunk,sensor_noise,moderate
M4,31,/robot_pose,3097.1814,3136.4133221329407,3155.2948,43.364,292,0,1,0,29.553,207.7048,pose_state,sensor_noise,moderate
M4,31,/head_cmd,3110.0,3150.72127949199,3158.7507,35.2516,243,0,1,0,29.553,207.7048,gaze_adjust,sensor_noise,moderate
M4,31,/speech_cmd,3112.0,3147.6219145827613,3163.2175,37.8691,143,0,1,0,29.553,207.7048,comfort_prompt,sensor_noise,moderate
M4,31,/event_log,3114.0,3166.7124430614062,3163.3812,35.3864,251,0,1,0,29.553,207.7048,sync_tick,sensor_noise,moderate
M4,31,/system_health,3116.0,3213.919078922334,3167.8635,37.6003,229,0,1,0,29.553,207.7048,system_ok,sensor_noise,moderate
M4,32,/camera/image_raw,3207.634,3269.25815930246,3260.5541,39.7086,249,0,1,0,30.2235,205.0742,rgb_frame,sensor_noise,moderate
M4,32,/audio/stream,3198.707,3246.1239067280676,3250.3033,37.0907,175,0,1,0,30.2235,205.0742,wav_chunk,sensor_noise,moderate
M4,32,/robot_pose,3203.4817,3243.6421412252166,3258.2696,40.13,310,0,1,0,30.2235,205.0742,pose_state,sensor_noise,moderate
M4,32,/head_cmd,3210.0,3234.833398526073,3261.2288,37.0146,267,0,1,0,30.2235,205.0742,gaze_adjust,sensor_noise,moderate
M4,32,/speech_cmd,3212.0,3283.466115165255,3271.2747,46.2597,201,0,1,0,30.2235,205.0742,comfort_prompt,sensor_noise,moderate
M4,32,/event_log,3214.0,3289.5174752105936,3279.2706,51.2891,142,0,1,0,30.2235,205.0742,sync_tick,sensor_noise,moderate
M4,32,/system_health,3216.0,3257.3511820595654,3265.7259,37.741,270,0,1,0,30.2235,205.0742,system_ok,sensor_noise,moderate
M4,33,/camera/image_raw,3305.6685,3374.777611692967,3354.9551,35.2691,210,0,1,0,31.016,204.0994,rgb_frame,sensor_noise,moderate
M4,33,/audio/stream,3292.7067,3344.4665248999318,3345.2756,39.3799,268,0,1,0,31.016,204.0994,wav_chunk,sensor_noise,moderate
M4,33,/robot_pose,3297.6464,3363.550593237112,3352.2442,39.9585,268,0,1,0,31.016,204.0994,pose_state,sensor_noise,moderate
M4,33,/head_cmd,3310.0,3368.7137460365943,3364.4251,41.3822,285,0,1,0,31.016,204.0994,gaze_adjust,sensor_noise,moderate
M4,33,/speech_cmd,3312.0,3360.0434541622026,3365.2987,39.2319,318,0,1,0,31.016,204.0994,comfort_prompt,sensor_noise,moderate
M4,33,/event_log,3314.0,3346.4897769964655,3366.9586,37.6777,342,0,1,0,31.016,204.0994,sync_tick,sensor_noise,moderate
M4,33,/system_health,3316.0,3368.946941337472,3372.9821,43.5666,124,0,1,0,31.016,204.0994,system_ok,sensor_noise,moderate
M4,34,/camera/image_raw,3407.5518,3473.365512040107,3460.8285,38.6567,189,0,1,0,31.2909,206.5876,rgb_frame,sensor_noise,moderate
M4,34,/audio/stream,3400.8911,3443.6600679858107,3455.8778,39.9154,268,0,1,0,31.2909,206.5876,wav_chunk,sensor_noise,moderate
M4,34,/robot_pose,3396.274,3461.532445120857,3456.7239,45.343,256,0,1,0,31.2909,206.5876,pose_state,sensor_noise,moderate
M4,34,/head_cmd,3410.0,3433.517154123568,3454.3218,31.0064,301,0,1,0,31.2909,206.5876,gaze_adjust,sensor_noise,moderate
M4,34,/speech_cmd,3412.0,3472.1933500503465,3460.091,34.1523,276,0,1,0,31.2909,206.5876,comfort_prompt,sensor_noise,moderate
M4,34,/event_log,3414.0,3477.8645440568193,3473.9716,46.2316,217,0,1,0,31.2909,206.5876,sync_tick,sensor_noise,moderate
M4,34,/system_health,3416.0,3446.505606340943,3470.6243,40.1436,246,0,1,0,31.2909,206.5876,system_ok,sensor_noise,moderate
M4,35,/camera/image_raw,3507.3449,3559.320038576611,3565.6714,44.0074,303,0,1,0,30.4897,207.8793,rgb_frame,sensor_noise,moderate
M4,35,/audio/stream,3493.6068,3563.797736367731,3549.533,41.425,218,0,1,0,30.4897,207.8793,wav_chunk,sensor_noise,moderate
M4,35,/robot_pose,3500.6008,3528.0637142682417,3553.9058,38.1255,294,0,1,0,30.4897,207.8793,pose_state,sensor_noise,moderate
M4,35,/head_cmd,3510.0,3539.279595704751,3560.9014,36.5567,113,0,1,0,30.4897,207.8793,gaze_adjust,sensor_noise,moderate
M4,35,/speech_cmd,3512.0,3561.101854813843,3565.3216,38.3528,248,0,1,0,30.4897,207.8793,comfort_prompt,sensor_noise,moderate
M4,35,/event_log,3514.0,3605.520153147779,3566.9071,41.1202,232,0,1,0,30.4897,207.8793,sync_tick,sensor_noise,moderate
M4,35,/system_health,3516.0,3557.895294487289,3572.5739,42.0017,313,0,1,0,30.4897,207.8793,system_ok,sensor_noise,moderate
M4,36,/camera/image_raw,3598.5282,3651.691931992539,3644.1088,32.2488,346,0,1,0,29.775,205.4676,rgb_frame,sensor_noise,moderate
M4,36,/audio/stream,3598.6748,3653.9151373368245,3651.6087,38.558,225,0,1,0,29.775,205.4676,wav_chunk,sensor_noise,moderate
M4,36,/robot_pose,3593.3394,3627.2060417952202,3640.7663,32.478,125,0,1,0,29.775,205.4676,pose_state,sensor_noise,moderate
M4,36,/head_cmd,3610.0,3662.321500332128,3661.5774,37.4211,269,0,1,0,29.775,205.4676,gaze_adjust,sensor_noise,moderate
M4,36,/speech_cmd,3612.0,3652.673376082291,3661.464,36.7344,207,0,1,0,29.775,205.4676,comfort_prompt,sensor_noise,moderate
M4,36,/event_log,3614.0,3656.2047137779027,3664.2267,36.6452,314,0,1,0,29.775,205.4676,sync_tick,sensor_noise,moderate
M4,36,/system_health,3616.0,3632.882905750084,3665.2266,34.7858,265,0,1,0,29.775,205.4676,system_ok,sensor_noise,moderate
M4,37,/camera/image_raw,3706.7232,3752.2061477724064,3752.7354,33.9228,278,0,1,0,29.8106,210.2163,rgb_frame,sensor_noise,moderate
M4,37,/audio/stream,3698.9349,3768.777983119206,3755.1747,41.6593,224,0,1,0,29.8106,210.2163,wav_chunk,sensor_noise,moderate
M4,37,/robot_pose,3703.9557,3762.882763946034,3763.6812,45.8935,281,0,1,0,29.8106,210.2163,pose_state,sensor_noise,moderate
M4,37,/head_cmd,3710.0,3783.9422396948034,3767.8881,42.3131,236,0,1,0,29.8106,210.2163,gaze_adjust,sensor_noise,moderate
M4,37,/speech_cmd,3712.0,3771.7676940270103,3762.3233,37.3218,349,0,1,0,29.8106,210.2163,comfort_prompt,sensor_noise,moderate
M4,37,/event_log,3714.0,3766.548456486056,3770.1827,41.6202,443,0,1,0,29.8106,210.2163,sync_tick,sensor_noise,moderate
M4,37,/system_health,3716.0,3757.9321400458775,3770.3929,41.2348,244,0,1,0,29.8106,210.2163,system_ok,sensor_noise,moderate
M4,38,/camera/image_raw,3793.1765,3842.3710531234947,3853.5629,45.9473,242,0,1,0,29.3543,205.0988,rgb_frame,sensor_noise,moderate
M4,38,/audio/stream,3796.8331,3824.971711469132,3854.0177,42.6078,272,0,1,0,29.3543,205.0988,wav_chunk,sensor_noise,moderate
M4,38,/robot_pose,3797.9871,3847.49687997823,3854.6115,42.3173,296,0,1,0,29.3543,205.0988,pose_state,sensor_noise,moderate
M4,38,/head_cmd,3810.0,3867.2176776541546,3866.9199,42.5897,242,0,1,0,29.3543,205.0988,gaze_adjust,sensor_noise,moderate
M4,38,/speech_cmd,3812.0,3900.576479760386,3871.5165,45.6989,279,0,1,0,29.3543,205.0988,comfort_prompt,sensor_noise,moderate
M4,38,/event_log,3814.0,3876.7426658190197,3868.9453,41.2329,207,0,1,0,29.3543,205.0988,sync_tick,sensor_noise,moderate
M4,38,/system_health,3816.0,3850.5945283575165,3867.9681,38.1619,168,0,1,0,29.3543,205.0988,system_ok,sensor_noise,moderate
M4,39,/camera/image_raw,3895.4395,3924.4029710406617,3952.065,42.872,283,0,1,0,30.6098,201.7213,rgb_frame,sensor_noise,moderate
M4,39,/audio/stream,3902.1298,3950.6621624303175,3956.4259,40.2503,249,0,1,0,30.6098,201.7213,wav_chunk,sensor_noise,moderate
M4,39,/robot_pose,3906.3297,3973.1585600428994,3961.8224,40.2171,254,0,1,0,30.6098,201.7213,pose_state,sensor_noise,moderate
M4,39,/head_cmd,3910.0,3962.6779059395008,3969.6009,44.649,296,0,1,0,30.6098,201.7213,gaze_adjust,sensor_noise,moderate
M4,39,/speech_cmd,3912.0,3966.9160151501005,3960.2537,33.1603,228,0,1,0,30.6098,201.7213,comfort_prompt,sensor_noise,moderate
M4,39,/event_log,3914.0,3965.9094419134603,3970.5917,43.1697,184,0,1,0,30.6098,201.7213,sync_tick,sensor_noise,moderate
M4,39,/system_health,3916.0,3989.1184078248807,3977.6468,48.2124,324,0,1,0,30.6098,201.7213,system_ok,sensor_noise,moderate
M4,40,/camera/image_raw,4000.8289,4019.2501555912977,4049.8844,35.1718,311,0,1,0,28.5688,208.9615,rgb_frame,sensor_noise,moderate
M4,40,/audio/stream,3996.639,4078.03387816263,4050.1729,40.5196,307,0,1,0,28.5688,208.9615,wav_chunk,sensor_noise,moderate
M4,40,/robot_pose,3999.7759,4031.225497931973,4053.0165,39.4744,300,0,1,0,28.5688,208.9615,pose_state,sensor_noise,moderate
M4,40,/head_cmd,4010.0,4075.1211819351356,4062.1014,38.834,366,0,1,0,28.5688,208.9615,gaze_adjust,sensor_noise,moderate
M4,40,/speech_cmd,4012.0,4058.534288095959,4065.5685,39.4336,231,0,1,0,28.5688,208.9615,comfort_prompt,sensor_noise,moderate
M4,40,/event_log,4014.0,4068.1377977933957,4072.0027,44.2227,163,0,1,0,28.5688,208.9615,sync_tick,sensor_noise,moderate
M4,40,/system_health,4016.0,4060.4482656925375,4068.0495,36.7881,305,0,1,0,28.5688,208.9615,system_ok,sensor_noise,moderate
M4,41,/camera/image_raw,4098.2149,4156.665582530927,4153.5992,41.8498,256,0,1,0,29.7068,208.5355,rgb_frame,sensor_noise,moderate
M4,41,/audio/stream,4110.986,4172.9880417790555,4165.6031,41.7666,244,0,1,0,29.7068,208.5355,wav_chunk,sensor_noise,moderate
M4,41,/robot_pose,4103.7397,4174.110507212816,4158.0825,39.3203,145,0,1,0,29.7068,208.5355,pose_state,sensor_noise,moderate
M4,41,/head_cmd,4110.0,4186.349579886753,4162.8211,39.0065,313,0,1,0,29.7068,208.5355,gaze_adjust,sensor_noise,moderate
M4,41,/speech_cmd,4112.0,4170.331187841981,4167.9952,40.3584,295,0,1,0,29.7068,208.5355,comfort_prompt,sensor_noise,moderate
M4,41,/event_log,4114.0,4195.737736305029,4167.2834,38.8916,234,0,1,0,29.7068,208.5355,sync_tick,sensor_noise,moderate
M4,41,/system_health,4116.0,4173.643605770804,4173.1044,43.9701,206,0,1,0,29.7068,208.5355,system_ok,sensor_noise,moderate
M4,42,/camera/image_raw,4203.1898,4268.546126520553,4248.9509,33.9624,164,0,1,0,31.5119,208.6076,rgb_frame,sensor_noise,moderate
M4,42,/audio/stream,4209.8061,4270.94205411231,4265.3724,41.4191,293,0,1,0,31.5119,208.6076,wav_chunk,sensor_noise,moderate
M4,42,/robot_pose,4188.9902,4230.404416634344,4241.6037,39.3,231,0,1,0,31.5119,208.6076,pose_state,sensor_noise,moderate
M4,42,/head_cmd,4210.0,4266.894514778837,4266.017,41.6323,208,0,1,0,31.5119,208.6076,gaze_adjust,sensor_noise,moderate
M4,42,/speech_cmd,4212.0,4278.160793795164,4270.8066,45.1037,203,0,1,0,31.5119,208.6076,comfort_prompt,sensor_noise,moderate
M4,42,/event_log,4214.0,4264.748733634753,4268.3882,39.3283,248,0,1,0,31.5119,208.6076,sync_tick,sensor_noise,moderate
M4,42,/system_health,4216.0,4274.151317323956,4269.6607,38.7199,384,0,1,0,31.5119,208.6076,system_ok,sensor_noise,moderate
M4,43,/camera/image_raw,4301.4678,4363.922533267883,4350.382,34.8782,218,0,1,0,29.3338,209.0746,rgb_frame,sensor_noise,moderate
M4,43,/audio/stream,4309.8707,4359.846883444074,4361.8676,38.3968,238,0,1,0,29.3338,209.0746,wav_chunk,sensor_noise,moderate
M4,43,/robot_pose,4305.1804,4306.327721963715,4361.4221,42.1373,144,0,1,0,29.3338,209.0746,pose_state,sensor_noise,moderate
M4,43,/head_cmd,4310.0,4389.2327627268805,4360.0084,37.0239,270,0,1,0,29.3338,209.0746,gaze_adjust,sensor_noise,moderate
M4,43,/speech_cmd,4312.0,4360.664954256034,4368.4269,42.0216,208,0,1,0,29.3338,209.0746,comfort_prompt,sensor_noise,moderate
M4,43,/event_log,4314.0,4352.176756025018,4368.8197,40.9958,187,0,1,0,29.3338,209.0746,sync_tick,sensor_noise,moderate
M4,43,/system_health,4316.0,4350.742114678249,4373.8305,42.9761,312,0,1,0,29.3338,209.0746,system_ok,sensor_noise,moderate
M4,44,/camera/image_raw,4395.7416,4441.432773757994,4447.7519,39.7473,237,0,1,0,30.7189,207.5694,rgb_frame,sensor_noise,moderate
M4,44,/audio/stream,4409.4349,4452.313039036295,4464.3144,41.0076,361,0,1,0,30.7189,207.5694,wav_chunk,sensor_noise,moderate
M4,44,/robot_pose,4397.5321,4432.259229650076,4447.2746,35.9933,201,0,1,0,30.7189,207.5694,pose_state,sensor_noise,moderate
M4,44,/head_cmd,4410.0,4448.109827142798,4463.4132,38.3881,344,0,1,0,30.7189,207.5694,gaze_adjust,sensor_noise,moderate
M4,44,/speech_cmd,4412.0,4471.375370833077,4463.4616,37.84,186,0,1,0,30.7189,207.5694,comfort_prompt,sensor_noise,moderate
M4,44,/event_log,4414.0,4508.414841938056,4474.9651,45.8683,249,0,1,0,30.7189,207.5694,sync_tick,sensor_noise,moderate
M4,44,/system_health,4416.0,4477.829088764268,4464.2135,35.0588,266,0,1,0,30.7189,207.5694,system_ok,sensor_noise,moderate
M4,45,/camera/image_raw,4503.8454,4583.455667325582,4565.9681,47.4035,190,0,1,0,31.7801,208.391,rgb_frame,sensor_noise,moderate
M4,45,/audio/stream,4483.4708,4528.951719433959,4537.8421,40.2743,198,0,1,0,31.7801,208.391,wav_chunk,sensor_noise,moderate
M4,45,/robot_pose,4498.3935,4549.84287657991,4551.3643,37.5655,197,0,1,0,31.7801,208.391,pose_state,sensor_noise,moderate
M4,45,/head_cmd,4510.0,4575.435383276145,4569.6095,45.7587,254,0,1,0,31.7801,208.391,gaze_adjust,sensor_noise,moderate
M4,45,/speech_cmd,4512.0,4555.82025791443,4569.4135,43.6923,290,0,1,0,31.7801,208.391,comfort_prompt,sensor_noise,moderate
M4,45,/event_log,4514.0,4551.596058730116,4561.811,33.2592,107,0,1,0,31.7801,208.391,sync_tick,sensor_noise,moderate
M4,45,/system_health,4516.0,4583.919535249995,4571.421,40.5376,293,0,1,0,31.7801,208.391,system_ok,sensor_noise,moderate
M4,46,/camera/image_raw,4590.9111,4662.193169591802,4645.0171,39.6568,239,0,1,0,30.2048,203.3106,rgb_frame,sensor_noise,moderate
M4,46,/audio/stream,4590.6427,4645.666984851275,4646.8326,41.811,223,0,1,0,30.2048,203.3106,wav_chunk,sensor_noise,moderate
M4,46,/robot_pose,4596.5566,4619.008770745983,4642.8283,31.9649,198,0,1,0,30.2048,203.3106,pose_state,sensor_noise,moderate
M4,46,/head_cmd,4610.0,4654.075644302083,4661.9796,37.3963,341,0,1,0,30.2048,203.3106,gaze_adjust,sensor_noise,moderate
M4,46,/speech_cmd,4612.0,4637.613439578894,4666.2007,39.5574,169,0,1,0,30.2048,203.3106,comfort_prompt,sensor_noise,moderate
M4,46,/event_log,4614.0,4668.045443377025,4668.8438,40.6918,329,0,1,0,30.2048,203.3106,sync_tick,sensor_noise,moderate
M4,46,/system_health,4616.0,4670.145056002886,4667.5545,37.5478,319,0,1,0,30.2048,203.3106,system_ok,sensor_noise,moderate
M4,47,/camera/image_raw,4699.3558,4749.46521242132,4756.7521,42.9822,244,0,1,0,28.8135,208.8188,rgb_frame,sensor_noise,moderate
M4,47,/audio/stream,4691.1293,4748.336502002898,4745.9977,40.8564,189,0,1,0,28.8135,208.8188,wav_chunk,sensor_noise,moderate
M4,47,/robot_pose,4712.7582,4782.458722303509,4776.9785,50.1963,291,0,1,0,28.8135,208.8188,pose_state,sensor_noise,moderate
M4,47,/head_cmd,4710.0,4766.880416772328,4764.173,40.2569,228,0,1,0,28.8135,208.8188,gaze_adjust,sensor_noise,moderate
M4,47,/speech_cmd,4712.0,4737.768554738655,4761.4676,35.3961,231,0,1,0,28.8135,208.8188,comfort_prompt,sensor_noise,moderate
M4,47,/event_log,4714.0,4767.722842140772,4773.5242,46.2816,221,0,1,0,28.8135,208.8188,sync_tick,sensor_noise,moderate
M4,47,/system_health,4716.0,4773.378873608793,4769.3557,38.0017,203,0,1,0,28.8135,208.8188,system_ok,sensor_noise,moderate
M4,48,/camera/image_raw,4803.9361,4887.8110118835075,4860.5857,43.4581,279,0,1,0,28.4855,205.1804,rgb_frame,sensor_noise,moderate
M4,48,/audio/stream,4807.7613,4855.343036495703,4862.7394,40.4764,284,0,1,0,28.4855,205.1804,wav_chunk,sensor_noise,moderate
M4,48,/robot_pose,4799.2694,4857.4688236080665,4848.9733,36.2843,298,0,1,0,28.4855,205.1804,pose_state,sensor_noise,moderate
M4,48,/head_cmd,4810.0,4875.308434414628,4859.5015,37.5017,294,0,1,0,28.4855,205.1804,gaze_adjust,sensor_noise,moderate
M4,48,/speech_cmd,4812.0,4856.334701429294,4862.4477,35.874,339,0,1,0,28.4855,205.1804,comfort_prompt,sensor_noise,moderate
M4,48,/event_log,4814.0,4886.757439454773,4869.0827,40.0861,265,0,1,0,28.4855,205.1804,sync_tick,sensor_noise,moderate
M4,48,/system_health,4816.0,4896.007828965756,4875.7191,46.3687,255,0,1,0,28.4855,205.1804,system_ok,sensor_noise,moderate
M4,49,/camera/image_raw,4904.7121,4989.9219252131015,4967.5007,48.3629,289,0,1,0,29.5248,214.7942,rgb_frame,sensor_noise,moderate
M4,49,/audio/stream,4898.4767,4963.36927904174,4956.3678,44.6408,177,0,1,0,29.5248,214.7942,wav_chunk,sensor_noise,moderate
M4,49,/robot_pose,4905.7611,5005.143370493835,4965.0801,44.8998,242,0,1,0,29.5248,214.7942,pose_state,sensor_noise,moderate
M4,49,/head_cmd,4910.0,4950.843503970242,4962.2098,39.9186,244,0,1,0,29.5248,214.7942,gaze_adjust,sensor_noise,moderate
M4,49,/speech_cmd,4912.0,4999.095296551221,4963.7964,36.8619,315,0,1,0,29.5248,214.7942,comfort_prompt,sensor_noise,moderate
M4,49,/event_log,4914.0,4982.0101907958515,4970.6972,42.1808,166,0,1,0,29.5248,214.7942,sync_tick,sensor_noise,moderate
M4,49,/system_health,4916.0,4994.363671994482,4972.9402,42.2367,330,0,1,0,29.5248,214.7942,system_ok,sensor_noise,moderate
M4,50,/camera/image_raw,5014.8275,5063.524520418249,5071.298,42.4578,317,0,1,0,29.1835,209.483,rgb_frame,sensor_noise,moderate
M4,50,/audio/stream,4986.4595,5051.658544653347,5037.8251,37.9985,194,0,1,0,29.1835,209.483,wav_chunk,sensor_noise,moderate
M4,50,/robot_pose,4998.0576,5076.706034945958,5052.2376,40.9628,253,0,1,0,29.1835,209.483,pose_state,sensor_noise,moderate
M4,50,/head_cmd,5010.0,5044.16974441297,5065.313,41.7422,308,0,1,0,29.1835,209.483,gaze_adjust,sensor_noise,moderate
M4,50,/speech_cmd,5012.0,5063.226326927322,5069.2163,42.1662,244,0,1,0,29.1835,209.483,comfort_prompt,sensor_noise,moderate
M4,50,/event_log,5014.0,5029.764851611838,5070.0571,42.3074,255,0,1,0,29.1835,209.483,sync_tick,sensor_noise,moderate
M4,50,/system_health,5016.0,5070.043106416715,5075.124,45.2531,287,0,1,0,29.1835,209.483,system_ok,sensor_noise,moderate
M4,51,/camera/image_raw,5094.3108,5138.117852517718,5154.0827,46.4952,167,0,1,0,30.9368,209.1707,rgb_frame,sensor_noise,moderate
M4,51,/audio/stream,5106.0724,5152.099081616599,5157.1112,37.9465,173,0,1,0,30.9368,209.1707,wav_chunk,sensor_noise,moderate
M4,51,/robot_pose,5097.1005,5204.623680436884,5154.1947,42.8976,227,0,1,0,30.9368,209.1707,pose_state,sensor_noise,moderate
M4,51,/head_cmd,5110.0,5191.78396312235,5162.5858,38.8635,355,0,1,0,30.9368,209.1707,gaze_adjust,sensor_noise,moderate
M4,51,/speech_cmd,5112.0,5135.559344339388,5162.6117,37.4694,303,0,1,0,30.9368,209.1707,comfort_prompt,sensor_noise,moderate
M4,51,/event_log,5114.0,5175.551689428789,5169.3794,39.5484,224,0,1,0,30.9368,209.1707,sync_tick,sensor_noise,moderate
M4,51,/system_health,5116.0,5186.176059567066,5174.8611,43.7953,224,0,1,0,30.9368,209.1707,system_ok,sensor_noise,moderate
M4,52,/camera/image_raw,5194.7996,5230.907452439317,5239.6659,30.19,240,0,1,0,28.4483,205.8404,rgb_frame,sensor_noise,moderate
M4,52,/audio/stream,5205.9309,5260.827636856853,5258.4649,39.6872,190,0,1,0,28.4483,205.8404,wav_chunk,sensor_noise,moderate
M4,52,/robot_pose,5202.8745,5258.266079733469,5254.9605,38.4239,263,0,1,0,28.4483,205.8404,pose_state,sensor_noise,moderate
M4,52,/head_cmd,5210.0,5240.430595288487,5268.6853,42.6696,254,0,1,0,28.4483,205.8404,gaze_adjust,sensor_noise,moderate
M4,52,/speech_cmd,5212.0,5250.2334716264495,5270.3334,44.7974,155,0,1,0,28.4483,205.8404,comfort_prompt,sensor_noise,moderate
M4,52,/event_log,5214.0,5268.027940931937,5265.8484,38.9266,256,0,1,0,28.4483,205.8404,sync_tick,sensor_noise,moderate
M4,52,/system_health,5216.0,5267.0031455036715,5265.8505,37.2139,360,0,1,0,28.4483,205.8404,system_ok,sensor_noise,moderate
M4,53,/camera/image_raw,5296.2371,5333.660371122489,5348.1818,38.1774,276,0,1,0,29.1985,212.0525,rgb_frame,sensor_noise,moderate
M4,53,/audio/stream,5286.899,5328.0841294826305,5345.1977,43.4839,250,0,1,0,29.1985,212.0525,wav_chunk,sensor_noise,moderate
M4,53,/robot_pose,5304.4909,5358.100273505918,5362.5128,43.2255,268,0,1,0,29.1985,212.0525,pose_state,sensor_noise,moderate
M4,53,/head_cmd,5310.0,5378.491117153699,5363.5841,40.5404,291,0,1,0,29.1985,212.0525,gaze_adjust,sensor_noise,moderate
M4,53,/speech_cmd,5312.0,5363.902956122956,5367.1488,41.2797,332,0,1,0,29.1985,212.0525,comfort_prompt,sensor_noise,moderate
M4,53,/event_log,5314.0,5390.608854951442,5364.9149,35.3997,254,0,1,0,29.1985,212.0525,sync_tick,sensor_noise,moderate
M4,53,/system_health,5316.0,5357.856330142074,5372.2651,42.3811,155,0,1,0,29.1985,212.0525,system_ok,sensor_noise,moderate
M4,54,/camera/image_raw,5399.0227,5447.855076426187,5448.2207,33.3564,190,0,1,0,29.7822,202.8609,rgb_frame,sensor_noise,moderate
M4,54,/audio/stream,5402.678,5453.531882276128,5461.3619,45.2312,245,0,1,0,29.7822,202.8609,wav_chunk,sensor_noise,moderate
M4,54,/robot_pose,5403.3811,5467.988297035436,5458.9488,42.0238,351,0,1,0,29.7822,202.8609,pose_state,sensor_noise,moderate
M4,54,/head_cmd,5410.0,5447.757318119946,5464.3946,39.8259,239,0,1,0,29.7822,202.8609,gaze_adjust,sensor_noise,moderate
M4,54,/speech_cmd,5412.0,5500.851059571888,5469.6209,42.1579,248,0,1,0,29.7822,202.8609,comfort_prompt,sensor_noise,moderate
M4,54,/event_log,5414.0,5442.010876744632,5474.1526,46.4419,301,0,1,0,29.7822,202.8609,sync_tick,sensor_noise,moderate
M4,54,/system_health,5416.0,5500.358144314245,5470.8246,41.4795,268,0,1,0,29.7822,202.8609,system_ok,sensor_noise,moderate
M4,55,/camera/image_raw,5500.0516,5553.430892443959,5553.9391,39.7596,233,0,1,0,30.1609,208.7968,rgb_frame,sensor_noise,moderate
M4,55,/audio/stream,5493.1745,5555.711342471444,5547.4525,40.5932,415,0,1,0,30.1609,208.7968,wav_chunk,sensor_noise,moderate
M4,55,/robot_pose,5501.79,5572.207948255655,5549.9188,34.3965,225,0,1,0,30.1609,208.7968,pose_state,sensor_noise,moderate
M4,55,/head_cmd,5510.0,5585.6337069129895,5571.3397,48.1958,281,0,1,0,30.1609,208.7968,gaze_adjust,sensor_noise,moderate
M4,55,/speech_cmd,5512.0,5551.886916019725,5567.4943,41.0274,330,0,1,0,30.1609,208.7968,comfort_prompt,sensor_noise,moderate
M4,55,/event_log,5514.0,5581.698811994727,5572.7364,44.8972,267,0,1,0,30.1609,208.7968,sync_tick,sensor_noise,moderate
M4,55,/system_health,5516.0,5594.192031507423,5562.8567,32.5775,208,0,1,0,30.1609,208.7968,system_ok,sensor_noise,moderate
M4,56,/camera/image_raw,5598.6953,5630.678949181105,5648.1705,35.9549,325,0,1,0,28.1338,209.4152,rgb_frame,sensor_noise,moderate
M4,56,/audio/stream,5586.517,5679.861313201492,5644.8489,43.2126,349,0,1,0,28.1338,209.4152,wav_chunk,sensor_noise,moderate
M4,56,/robot_pose,5602.0244,5658.736544747434,5655.1931,37.7695,168,0,1,0,28.1338,209.4152,pose_state,sensor_noise,moderate
M4,56,/head_cmd,5610.0,5658.047200105435,5667.6506,43.8453,200,0,1,0,28.1338,209.4152,gaze_adjust,sensor_noise,moderate
M4,56,/speech_cmd,5612.0,5651.239591077051,5670.2747,43.3188,310,0,1,0,28.1338,209.4152,comfort_prompt,sensor_noise,moderate
M4,56,/event_log,5614.0,5663.701132660651,5670.0259,41.7203,287,0,1,0,28.1338,209.4152,sync_tick,sensor_noise,moderate
M4,56,/system_health,5616.0,5634.880890040731,5672.709,42.0759,268,0,1,0,28.1338,209.4152,system_ok,sensor_noise,moderate
M4,57,/camera/image_raw,5705.8995,5758.262899556941,5767.558,47.8378,263,0,1,0,28.4778,209.7748,rgb_frame,sensor_noise,moderate
M4,57,/audio/stream,5686.9823,5738.545609610599,5743.8242,44.296,224,0,1,0,28.4778,209.7748,wav_chunk,sensor_noise,moderate
M4,57,/robot_pose,5699.3436,5734.732354315976,5753.9542,42.7281,197,0,1,0,28.4778,209.7748,pose_state,sensor_noise,moderate
M4,57,/head_cmd,5710.0,5781.134713508279,5770.6759,45.6735,278,0,1,0,28.4778,209.7748,gaze_adjust,sensor_noise,moderate
M4,57,/speech_cmd,5712.0,5764.86100681979,5771.1709,44.7988,289,0,1,0,28.4778,209.7748,comfort_prompt,sensor_noise,moderate
M4,57,/event_log,5714.0,5754.563098196941,5768.3001,40.0074,218,0,1,0,28.4778,209.7748,sync_tick,sensor_noise,moderate
M4,57,/system_health,5716.0,5768.467989168766,5777.7412,46.324,338,0,1,0,28.4778,209.7748,system_ok,sensor_noise,moderate
M4,58,/camera/image_raw,5797.1432,5853.682434519686,5849.831,38.1473,190,0,1,0,30.5983,209.92,rgb_frame,sensor_noise,moderate
M4,58,/audio/stream,5792.3698,5848.905881788406,5850.891,43.2181,353,0,1,0,30.5983,209.92,wav_chunk,sensor_noise,moderate
M4,58,/robot_pose,5806.3849,5849.283248414424,5862.9952,43.5159,267,0,1,0,30.5983,209.92,pose_state,sensor_noise,moderate
M4,58,/head_cmd,5810.0,5873.502262532728,5872.7456,49.2405,252,0,1,0,30.5983,209.92,gaze_adjust,sensor_noise,moderate
M4,58,/speech_cmd,5812.0,5869.4237327638075,5873.0296,46.3359,404,0,1,0,30.5983,209.92,comfort_prompt,sensor_noise,moderate
M4,58,/event_log,5814.0,5843.239943983321,5865.1585,37.7503,329,0,1,0,30.5983,209.92,sync_tick,sensor_noise,moderate
M4,58,/system_health,5816.0,5858.705215516869,5865.9409,35.8983,252,0,1,0,30.5983,209.92,system_ok,sensor_noise,moderate
M4,59,/camera/image_raw,5907.2519,5985.379288867576,5977.7042,55.6993,261,0,0,0,29.5573,212.402,rgb_frame,sensor_noise,moderate
M4,59,/audio/stream,5904.9141,5961.617188678137,5953.0087,34.4045,243,0,1,0,29.5573,212.402,wav_chunk,sensor_noise,moderate
M4,59,/robot_pose,5902.2853,5947.603542016739,5953.9301,37.4576,362,0,1,0,29.5573,212.402,pose_state,sensor_noise,moderate
M4,59,/head_cmd,5910.0,5978.766610306148,5968.6576,44.5847,183,0,1,0,29.5573,212.402,gaze_adjust,sensor_noise,moderate
M4,59,/speech_cmd,5912.0,5951.306301054276,5971.1062,44.9455,152,0,1,0,29.5573,212.402,comfort_prompt,sensor_noise,moderate
M4,59,/event_log,5914.0,5951.363918912521,5971.4663,42.4457,110,0,1,0,29.5573,212.402,sync_tick,sensor_noise,moderate
M4,59,/system_health,5916.0,5959.775210660714,5966.4094,36.2978,300,0,1,0,29.5573,212.402,system_ok,sensor_noise,moderate
M4,60,/camera/image_raw,5996.3898,6071.135090449568,6045.297,35.7891,301,0,1,1,29.4848,210.5178,rgb_frame,sensor_noise,moderate
M4,60,/audio/stream,5993.3429,6049.526629277688,6049.5261,41.2452,224,0,1,0,29.4848,210.5178,wav_chunk,sensor_noise,moderate
M4,60,/robot_pose,6003.6358,6047.734015426016,6055.9792,37.0547,164,0,1,0,29.4848,210.5178,pose_state,sensor_noise,moderate
M4,60,/head_cmd,6010.0,6095.03548402172,6070.4974,45.241,307,0,1,0,29.4848,210.5178,gaze_adjust,sensor_noise,moderate
M4,60,/speech_cmd,6012.0,6056.319008166336,6063.0307,37.4839,243,0,1,0,29.4848,210.5178,comfort_prompt,sensor_noise,moderate
M4,60,/event_log,6014.0,6101.280198271148,6062.4856,35.055,294,0,1,0,29.4848,210.5178,sync_tick,sensor_noise,moderate
M4,60,/system_health,6016.0,6061.629503774826,6072.1929,42.8326,296,0,1,0,29.4848,210.5178,system_ok,sensor_noise,moderate
M4,61,/camera/image_raw,6103.1801,6140.996682873477,6160.3782,44.0277,248,0,1,0,31.1644,210.3358,rgb_frame,sensor_noise,moderate
M4,61,/audio/stream,6112.0791,6161.036684452667,6166.0362,39.9521,282,0,1,0,31.1644,210.3358,wav_chunk,sensor_noise,moderate
M4,61,/robot_pose,6102.8457,6153.007683304934,6160.005,42.6455,245,0,1,0,31.1644,210.3358,pose_state,sensor_noise,moderate
M4,61,/head_cmd,6110.0,6144.626140425713,6162.2428,37.1651,276,0,1,0,31.1644,210.3358,gaze_adjust,sensor_noise,moderate
M4,61,/speech_cmd,6112.0,6206.869133406852,6162.0786,36.0336,151,0,1,0,31.1644,210.3358,comfort_prompt,sensor_noise,moderate
M4,61,/event_log,6114.0,6171.984778220494,6168.2908,40.2495,221,0,1,0,31.1644,210.3358,sync_tick,sensor_noise,moderate
M4,61,/system_health,6116.0,6182.802892326088,6175.7215,46.4464,298,0,1,0,31.1644,210.3358,system_ok,sensor_noise,moderate
M4,62,/camera/image_raw,6215.307,6258.202673191535,6268.1669,39.2096,212,0,1,0,28.7525,205.1862,rgb_frame,sensor_noise,moderate
M4,62,/audio/stream,6208.6181,6249.770551074587,6262.2868,39.5505,285,0,1,0,28.7525,205.1862,wav_chunk,sensor_noise,moderate
M4,62,/robot_pose,6199.8423,6266.206950402919,6249.4011,35.9046,246,0,1,0,28.7525,205.1862,pose_state,sensor_noise,moderate
M4,62,/head_cmd,6210.0,6231.908648093385,6265.743,40.0738,269,0,1,0,28.7525,205.1862,gaze_adjust,sensor_noise,moderate
M4,62,/speech_cmd,6212.0,6237.829839489773,6260.9359,34.4014,288,0,1,0,28.7525,205.1862,comfort_prompt,sensor_noise,moderate
M4,62,/event_log,6214.0,6261.903646899064,6267.5845,40.3552,361,0,1,0,28.7525,205.1862,sync_tick,sensor_noise,moderate
M4,62,/system_health,6216.0,6288.8950515014185,6267.3048,36.5762,268,0,1,0,28.7525,205.1862,system_ok,sensor_noise,moderate
M4,63,/camera/image_raw,6304.2057,6347.24159448655,6356.3137,37.7772,178,0,1,0,29.3855,212.0968,rgb_frame,sensor_noise,moderate
M4,63,/audio/stream,6313.6549,6369.314028030935,6364.0644,36.1685,278,0,1,0,29.3855,212.0968,wav_chunk,sensor_noise,moderate
M4,63,/robot_pose,6302.8082,6348.799316228985,6350.8981,33.492,206,0,1,0,29.3855,212.0968,pose_state,sensor_noise,moderate
M4,63,/head_cmd,6310.0,6390.753051432863,6369.3388,45.4204,188,0,1,0,29.3855,212.0968,gaze_adjust,sensor_noise,moderate
M4,63,/speech_cmd,6312.0,6336.079785672167,6366.0718,40.6048,332,0,1,0,29.3855,212.0968,comfort_prompt,sensor_noise,moderate
M4,63,/event_log,6314.0,6379.55103766701,6368.3824,40.3037,291,0,1,0,29.3855,212.0968,sync_tick,sensor_noise,moderate
M4,63,/system_health,6316.0,6360.701619264633,6365.4505,36.2818,280,0,1,0,29.3855,212.0968,system_ok,sensor_noise,moderate
M4,64,/camera/image_raw,6392.3023,6459.031715490549,6443.8608,38.0815,362,0,1,0,30.5776,205.4893,rgb_frame,sensor_noise,moderate
M4,64,/audio/stream,6391.1999,6432.634922090194,6449.2453,44.1821,290,0,1,0,30.5776,205.4893,wav_chunk,sensor_noise,moderate
M4,64,/robot_pose,6404.1838,6451.756175257531,6452.979,35.1333,262,0,1,0,30.5776,205.4893,pose_state,sensor_noise,moderate
M4,64,/head_cmd,6410.0,6462.521879203572,6466.489,42.367,270,0,1,0,30.5776,205.4893,gaze_adjust,sensor_noise,moderate
M4,64,/speech_cmd,6412.0,6446.827561516233,6466.9405,40.8714,238,0,1,0,30.5776,205.4893,comfort_prompt,sensor_noise,moderate
M4,64,/event_log,6414.0,6441.805565766955,6467.2386,38.853,280,0,1,0,30.5776,205.4893,sync_tick,sensor_noise,moderate
M4,64,/system_health,6416.0,6458.904095486463,6470.6086,41.3515,196,0,1,0,30.5776,205.4893,system_ok,sensor_noise,moderate
M4,65,/camera/image_raw,6502.7922,6552.90496032191,6553.8134,35.7741,267,0,1,0,29.5472,209.6282,rgb_frame,sensor_noise,moderate
M4,65,/audio/stream,6511.7734,6547.792479962519,6563.4835,37.6435,224,0,1,0,29.5472,209.6282,wav_chunk,sensor_noise,moderate
M4,65,/robot_pose,6500.7621,6552.388775865499,6560.3683,45.568,265,0,1,0,29.5472,209.6282,pose_state,sensor_noise,moderate
M4,65,/head_cmd,6510.0,6530.671947619296,6566.2236,42.6163,267,0,1,0,29.5472,209.6282,gaze_adjust,sensor_noise,moderate
M4,65,/speech_cmd,6512.0,6558.747401431293,6566.3758,41.4191,271,0,1,0,29.5472,209.6282,comfort_prompt,sensor_noise,moderate
M4,65,/event_log,6514.0,6584.56285963925,6568.4423,40.1383,258,0,1,0,29.5472,209.6282,sync_tick,sensor_noise,moderate
M4,65,/system_health,6516.0,6582.051245867462,6572.6279,41.358,185,0,1,0,29.5472,209.6282,system_ok,sensor_noise,moderate
M4,66,/camera/image_raw,6597.6049,6650.424205133511,6655.0936,42.3839,237,0,1,0,30.5053,216.71,rgb_frame,sensor_noise,moderate
M4,66,/audio/stream,6605.3329,6657.674449050255,6655.2372,35.9557,298,0,1,0,30.5053,216.71,wav_chunk,sensor_noise,moderate
M4,66,/robot_pose,6602.4046,6641.050612879306,6658.4819,41.5547,243,0,1,0,30.5053,216.71,pose_state,sensor_noise,moderate
M4,66,/head_cmd,6610.0,6689.672096299246,6662.4883,38.4322,299,0,1,0,30.5053,216.71,gaze_adjust,sensor_noise,moderate
M4,66,/speech_cmd,6612.0,6704.51002511725,6668.6853,43.2903,301,0,1,0,30.5053,216.71,comfort_prompt,sensor_noise,moderate
M4,66,/event_log,6614.0,6666.291325352708,6665.8996,37.3245,244,0,1,0,30.5053,216.71,sync_tick,sensor_noise,moderate
M4,66,/system_health,6616.0,6720.822845049107,6676.0561,46.1905,266,0,1,0,30.5053,216.71,system_ok,sensor_noise,moderate
M4,67,/camera/image_raw,6704.2462,6742.592517312363,6757.9254,38.5896,220,0,1,0,29.7068,207.5613,rgb_frame,sensor_noise,moderate
M4,67,/audio/stream,6693.0083,6725.103073678759,6750.0742,42.6142,172,0,1,0,29.7068,207.5613,wav_chunk,sensor_noise,moderate
M4,67,/robot_pose,6699.6357,6741.287672426306,6755.1301,42.4252,293,0,1,0,29.7068,207.5613,pose_state,sensor_noise,moderate
M4,67,/head_cmd,6710.0,6756.36897522865,6762.5265,38.3198,178,0,1,0,29.7068,207.5613,gaze_adjust,sensor_noise,moderate
M4,67,/speech_cmd,6712.0,6806.455297921653,6767.7796,40.8381,207,0,1,0,29.7068,207.5613,comfort_prompt,sensor_noise,moderate
M4,67,/event_log,6714.0,6758.859035706692,6766.4836,37.9199,284,0,1,0,29.7068,207.5613,sync_tick,sensor_noise,moderate
M4,67,/system_health,6716.0,6743.137995369528,6762.4241,30.6118,287,0,1,0,29.7068,207.5613,system_ok,sensor_noise,moderate
M4,68,/camera/image_raw,6804.8784,6843.580540527606,6861.7777,42.8744,270,0,1,0,30.7422,207.4175,rgb_frame,sensor_noise,moderate
M4,68,/audio/stream,6798.8517,6868.970698016779,6851.3418,37.5986,184,0,1,0,30.7422,207.4175,wav_chunk,sensor_noise,moderate
M4,68,/robot_pose,6790.7232,6870.355531469562,6856.3945,49.6809,353,0,1,0,30.7422,207.4175,pose_state,sensor_noise,moderate
M4,68,/head_cmd,6810.0,6859.061892645635,6869.9329,45.8005,325,0,1,0,30.7422,207.4175,gaze_adjust,sensor_noise,moderate
M4,68,/speech_cmd,6812.0,6830.549785910612,6865.2711,40.3139,346,0,1,0,30.7422,207.4175,comfort_prompt,sensor_noise,moderate
M4,68,/event_log,6814.0,6850.899216195233,6873.3889,45.2139,182,0,1,0,30.7422,207.4175,sync_tick,sensor_noise,moderate
M4,68,/system_health,6816.0,6897.336189074992,6867.0969,38.3538,312,0,1,0,30.7422,207.4175,system_ok,sensor_noise,moderate
M4,69,/camera/image_raw,6888.7768,6952.462341921891,6942.9343,39.2869,179,0,1,0,28.4306,209.6674,rgb_frame,sensor_noise,moderate
M4,69,/audio/stream,6902.2946,6953.065804760049,6952.1774,37.5929,124,0,1,0,28.4306,209.6674,wav_chunk,sensor_noise,moderate
M4,69,/robot_pose,6895.7815,6989.2353971167195,6959.4633,47.8149,261,0,1,0,28.4306,209.6674,pose_state,sensor_noise,moderate
M4,69,/head_cmd,6910.0,6994.576672910607,6961.2881,37.3268,308,0,1,0,28.4306,209.6674,gaze_adjust,sensor_noise,moderate
M4,69,/speech_cmd,6912.0,6961.917687164696,6964.9547,38.5646,255,0,1,0,28.4306,209.6674,comfort_prompt,sensor_noise,moderate
M4,69,/event_log,6914.0,6964.03060831043,6966.1259,38.3469,273,0,1,0,28.4306,209.6674,sync_tick,sensor_noise,moderate
M4,69,/system_health,6916.0,6954.237759721983,6967.276,36.7146,227,0,1,0,28.4306,209.6674,system_ok,sensor_noise,moderate
M4,70,/camera/image_raw,7000.8916,7046.3167408252675,7053.6618,38.5481,371,0,1,0,31.0118,203.9823,rgb_frame,sensor_noise,moderate
M4,70,/audio/stream,7011.0717,7028.907550435598,7057.7844,32.5897,343,0,1,0,31.0118,203.9823,wav_chunk,sensor_noise,moderate
M4,70,/robot_pose,6999.159,7021.621545228687,7050.4782,37.2894,275,0,1,0,31.0118,203.9823,pose_state,sensor_noise,moderate
M4,70,/head_cmd,7010.0,7032.159740359693,7066.6202,41.1676,282,0,1,0,31.0118,203.9823,gaze_adjust,sensor_noise,moderate
M4,70,/speech_cmd,7012.0,7089.2586661245505,7071.6526,45.7406,211,0,1,0,31.0118,203.9823,comfort_prompt,sensor_noise,moderate
M4,70,/event_log,7014.0,7037.421359987574,7066.7993,39.5266,285,0,1,0,31.0118,203.9823,sync_tick,sensor_noise,moderate
M4,70,/system_health,7016.0,7101.985321376711,7068.5486,38.886,285,0,1,0,31.0118,203.9823,system_ok,sensor_noise,moderate
M4,71,/camera/image_raw,7091.994,7134.07519795841,7149.5657,43.228,300,0,1,0,31.275,207.9003,rgb_frame,sensor_noise,moderate
M4,71,/audio/stream,7106.164,7190.576498322085,7160.1735,41.1402,316,0,1,0,31.275,207.9003,wav_chunk,sensor_noise,moderate
M4,71,/robot_pose,7097.6083,7143.387021828421,7152.7896,40.3497,297,0,1,0,31.275,207.9003,pose_state,sensor_noise,moderate
M4,71,/head_cmd,7110.0,7131.415838123432,7161.0754,37.6072,295,0,1,0,31.275,207.9003,gaze_adjust,sensor_noise,moderate
M4,71,/speech_cmd,7112.0,7186.595420165178,7166.4366,39.4874,245,0,1,0,31.275,207.9003,comfort_prompt,sensor_noise,moderate
M4,71,/event_log,7114.0,7196.027581297398,7173.3327,44.794,273,0,1,0,31.275,207.9003,sync_tick,sensor_noise,moderate
M4,71,/system_health,7116.0,7150.895481995193,7169.5903,39.2044,327,0,1,0,31.275,207.9003,system_ok,sensor_noise,moderate
M4,72,/camera/image_raw,7199.6205,7250.013159201246,7258.2464,44.3624,268,0,1,0,30.1371,213.8256,rgb_frame,sensor_noise,moderate
M4,72,/audio/stream,7204.2494,7236.6930731419025,7255.059,36.748,274,0,1,0,30.1371,213.8256,wav_chunk,sensor_noise,moderate
M4,72,/robot_pose,7200.2318,7253.020219499761,7257.9891,42.9579,189,0,1,0,30.1371,213.8256,pose_state,sensor_noise,moderate
M4,72,/head_cmd,7210.0,7267.404324653935,7267.5924,43.4634,196,0,1,0,30.1371,213.8256,gaze_adjust,sensor_noise,moderate
M4,72,/speech_cmd,7212.0,7262.576104935923,7272.2716,44.901,271,0,1,0,30.1371,213.8256,comfort_prompt,sensor_noise,moderate
M4,72,/event_log,7214.0,7235.650554882965,7271.2046,42.3906,339,0,1,0,30.1371,213.8256,sync_tick,sensor_noise,moderate
M4,72,/system_health,7216.0,7260.0118723283795,7271.6056,42.4677,376,0,1,0,30.1371,213.8256,system_ok,sensor_noise,moderate
M4,73,/camera/image_raw,7307.4596,7373.955837743973,7364.0872,41.8329,222,0,1,0,30.5553,208.2209,rgb_frame,sensor_noise,moderate
M4,73,/audio/stream,7295.9238,7340.212108233274,7346.481,36.0485,223,0,1,0,30.5553,208.2209,wav_chunk,sensor_noise,moderate
M4,73,/robot_pose,7294.8519,7342.055268703889,7349.0745,41.0973,240,0,1,0,30.5553,208.2209,pose_state,sensor_noise,moderate
M4,73,/head_cmd,7310.0,7348.618722189446,7368.0575,43.3727,208,0,1,0,30.5553,208.2209,gaze_adjust,sensor_noise,moderate
M4,73,/speech_cmd,7312.0,7348.858975354443,7362.0525,35.8399,289,0,1,0,30.5553,208.2209,comfort_prompt,sensor_noise,moderate
M4,73,/event_log,7314.0,7393.494665918475,7369.9239,42.1336,273,0,1,0,30.5553,208.2209,sync_tick,sensor_noise,moderate
M4,73,/system_health,7316.0,7354.006309377562,7376.8865,46.5223,158,0,1,0,30.5553,208.2209,system_ok,sensor_noise,moderate
M4,74,/camera/image_raw,7401.4224,7468.515415740334,7457.896,42.1182,324,0,1,0,30.0327,208.3663,rgb_frame,sensor_noise,moderate
M4,74,/audio/stream,7416.3517,7471.272393976264,7473.6472,42.0738,248,0,1,0,30.0327,208.3663,wav_chunk,sensor_noise,moderate
M4,74,/robot_pose,7393.563,7450.303691936186,7447.5618,40.3341,146,0,1,0,30.0327,208.3663,pose_state,sensor_noise,moderate
M4,74,/head_cmd,7410.0,7451.655386941738,7468.681,42.8378,283,0,1,0,30.0327,208.3663,gaze_adjust,sensor_noise,moderate
M4,74,/speech_cmd,7412.0,7462.149607411137,7470.3512,44.4816,241,0,1,0,30.0327,208.3663,comfort_prompt,sensor_noise,moderate
M4,74,/event_log,7414.0,7471.570236756905,7475.4802,45.6732,345,0,1,0,30.0327,208.3663,sync_tick,sensor_noise,moderate
M4,74,/system_health,7416.0,7463.583594637034,7475.1837,44.9556,268,0,1,0,30.0327,208.3663,system_ok,sensor_noise,moderate
M4,75,/camera/image_raw,7494.7254,7546.570777872657,7542.7751,33.8795,236,0,1,0,30.0548,208.1824,rgb_frame,sensor_noise,moderate
M4,75,/audio/stream,7488.4147,7543.714502290215,7537.3844,35.0659,236,0,1,0,30.0548,208.1824,wav_chunk,sensor_noise,moderate
M4,75,/robot_pose,7494.366,7582.765519225159,7546.5981,37.2907,141,0,1,0,30.0548,208.1824,pose_state,sensor_noise,moderate
M4,75,/head_cmd,7510.0,7558.821520528522,7556.0167,31.8141,261,0,1,0,30.0548,208.1824,gaze_adjust,sensor_noise,moderate
M4,75,/speech_cmd,7512.0,7530.953832200661,7567.143,41.3742,200,0,1,0,30.0548,208.1824,comfort_prompt,sensor_noise,moderate
M4,75,/event_log,7514.0,7586.662343455097,7567.5748,39.728,349,0,1,0,30.0548,208.1824,sync_tick,sensor_noise,moderate
M4,75,/system_health,7516.0,7562.790728450548,7568.6178,38.4604,404,0,1,0,30.0548,208.1824,system_ok,sensor_noise,moderate
M4,76,/camera/image_raw,7598.6367,7687.324256532863,7653.3898,40.4729,221,0,1,0,30.8045,209.8106,rgb_frame,sensor_noise,moderate
M4,76,/audio/stream,7604.4493,7683.925440145095,7661.2718,40.9996,328,0,1,0,30.8045,209.8106,wav_chunk,sensor_noise,moderate
M4,76,/robot_pose,7603.2315,7647.0498870931915,7659.0294,40.9132,203,0,1,0,30.8045,209.8106,pose_state,sensor_noise,moderate
M4,76,/head_cmd,7610.0,7673.649750109681,7663.6137,38.6555,345,0,1,0,30.8045,209.8106,gaze_adjust,sensor_noise,moderate
M4,76,/speech_cmd,7612.0,7649.9228073405375,7662.4272,36.614,386,0,1,0,30.8045,209.8106,comfort_prompt,sensor_noise,moderate
M4,76,/event_log,7614.0,7666.131034875464,7669.7412,40.0826,268,0,1,0,30.8045,209.8106,sync_tick,sensor_noise,moderate
M4,76,/system_health,7616.0,7680.849926658371,7670.6378,40.6822,312,0,1,0,30.8045,209.8106,system_ok,sensor_noise,moderate
M4,77,/camera/image_raw,7709.5044,7780.699003708837,7763.6727,39.1606,322,0,1,0,31.0066,208.6373,rgb_frame,sensor_noise,moderate
M4,77,/audio/stream,7691.72,7759.169204919953,7745.4254,39.3356,183,0,1,0,31.0066,208.6373,wav_chunk,sensor_noise,moderate
M4,77,/robot_pose,7698.2377,7749.139813374431,7750.0893,37.5522,257,0,1,0,31.0066,208.6373,pose_state,sensor_noise,moderate
M4,77,/head_cmd,7710.0,7803.968230201462,7760.8939,37.2666,192,0,1,0,31.0066,208.6373,gaze_adjust,sensor_noise,moderate
M4,77,/speech_cmd,7712.0,7760.384032682512,7767.5803,42.9544,195,0,1,0,31.0066,208.6373,comfort_prompt,sensor_noise,moderate
M4,77,/event_log,7714.0,7730.752788629412,7762.2176,33.6824,147,0,1,0,31.0066,208.6373,sync_tick,sensor_noise,moderate
M4,77,/system_health,7716.0,7743.796512686232,7772.7727,41.2611,356,0,1,0,31.0066,208.6373,system_ok,sensor_noise,moderate
M4,78,/camera/image_raw,7787.3586,7871.607339142202,7847.755,45.7166,213,0,1,0,28.6876,208.6823,rgb_frame,sensor_noise,moderate
M4,78,/audio/stream,7802.3873,7856.631047442757,7858.4159,43.6236,210,0,1,0,28.6876,208.6823,wav_chunk,sensor_noise,moderate
M4,78,/robot_pose,7795.0551,7847.426034964974,7846.8257,37.5079,243,0,1,0,28.6876,208.6823,pose_state,sensor_noise,moderate
M4,78,/head_cmd,7810.0,7852.472170161363,7864.2978,40.2376,257,0,1,0,28.6876,208.6823,gaze_adjust,sensor_noise,moderate
M4,78,/speech_cmd,7812.0,7858.815355372614,7869.2834,42.964,238,0,1,0,28.6876,208.6823,comfort_prompt,sensor_noise,moderate
M4,78,/event_log,7814.0,7854.242674502912,7871.2713,42.4104,222,0,1,0,28.6876,208.6823,sync_tick,sensor_noise,moderate
M4,78,/system_health,7816.0,7877.046514639942,7871.6953,40.5658,189,0,1,0,28.6876,208.6823,system_ok,sensor_noise,moderate
M4,79,/camera/image_raw,7912.6329,7962.668261484332,7966.2204,39.7881,233,0,1,0,28.9548,215.1262,rgb_frame,sensor_noise,moderate
M4,79,/audio/stream,7889.2868,7951.300796800461,7945.408,42.1839,248,0,1,0,28.9548,215.1262,wav_chunk,sensor_noise,moderate
M4,79,/robot_pose,7898.2732,7944.067790935715,7940.2036,27.6847,257,0,1,0,28.9548,215.1262,pose_state,sensor_noise,moderate
M4,79,/head_cmd,7910.0,7960.289982794608,7971.2031,45.9558,244,0,1,0,28.9548,215.1262,gaze_adjust,sensor_noise,moderate
M4,79,/speech_cmd,7912.0,7942.809348744549,7970.3852,45.0665,302,0,1,0,28.9548,215.1262,comfort_prompt,sensor_noise,moderate
M4,79,/event_log,7914.0,7937.687207272012,7966.7639,39.5116,244,0,1,0,28.9548,215.1262,sync_tick,sensor_noise,moderate
M4,79,/system_health,7916.0,8029.883128650511,7977.7482,47.4034,345,0,1,0,28.9548,215.1262,system_ok,sensor_noise,moderate
M4,80,/camera/image_raw,7994.7589,8076.6468219996195,8052.4403,43.2808,211,0,1,0,30.2479,209.6067,rgb_frame,sensor_noise,moderate
M4,80,/audio/stream,8008.3828,8088.662186204041,8068.1242,44.1561,220,0,1,0,30.2479,209.6067,wav_chunk,sensor_noise,moderate
M4,80,/robot_pose,7996.7392,8029.890177474235,8044.6326,33.2939,236,0,1,0,30.2479,209.6067,pose_state,sensor_noise,moderate
M4,80,/head_cmd,8010.0,8062.281675207736,8064.7554,40.1105,228,0,1,0,30.2479,209.6067,gaze_adjust,sensor_noise,moderate
M4,80,/speech_cmd,8012.0,8048.882969737103,8065.6794,39.5595,344,0,1,0,30.2479,209.6067,comfort_prompt,sensor_noise,moderate
M4,80,/event_log,8014.0,8043.137722287013,8067.9666,40.7552,184,0,1,0,30.2479,209.6067,sync_tick,sensor_noise,moderate
M4,80,/system_health,8016.0,8058.593876633237,8070.4882,41.1918,162,0,1,0,30.2479,209.6067,system_ok,sensor_noise,moderate
M4,81,/camera/image_raw,8104.4488,8182.607729341732,8161.4202,42.2877,99,0,1,0,30.323,209.5267,rgb_frame,sensor_noise,moderate
M4,81,/audio/stream,8105.476,8171.525416604632,8159.0063,38.916,231,0,1,0,30.323,209.5267,wav_chunk,sensor_noise,moderate
M4,81,/robot_pose,8098.1593,8132.721235970804,8152.9827,40.0228,260,0,1,0,30.323,209.5267,pose_state,sensor_noise,moderate
M4,81,/head_cmd,8110.0,8162.243011097165,8171.0113,45.9097,248,0,1,0,30.323,209.5267,gaze_adjust,sensor_noise,moderate
M4,81,/speech_cmd,8112.0,8176.5700170948585,8163.0056,39.0858,236,0,1,0,30.323,209.5267,comfort_prompt,sensor_noise,moderate
M4,81,/event_log,8114.0,8150.187414886628,8162.8419,34.4649,265,0,1,0,30.323,209.5267,sync_tick,sensor_noise,moderate
M4,81,/system_health,8116.0,8172.093952406989,8173.9788,42.6614,254,0,1,0,30.323,209.5267,system_ok,sensor_noise,moderate
M4,82,/camera/image_raw,8215.9629,8279.266354047168,8273.4753,44.0702,238,0,1,0,29.3817,207.9563,rgb_frame,sensor_noise,moderate
M4,82,/audio/stream,8201.8596,8261.953849933196,8256.7586,41.0575,304,0,1,0,29.3817,207.9563,wav_chunk,sensor_noise,moderate
M4,82,/robot_pose,8193.4489,8254.290517698424,8252.8491,44.267,236,0,1,0,29.3817,207.9563,pose_state,sensor_noise,moderate
M4,82,/head_cmd,8210.0,8256.745250871914,8269.6206,46.5118,172,0,1,0,29.3817,207.9563,gaze_adjust,sensor_noise,moderate
M4,82,/speech_cmd,8212.0,8250.928957424661,8263.0538,36.8465,328,0,1,0,29.3817,207.9563,comfort_prompt,sensor_noise,moderate
M4,82,/event_log,8214.0,8244.88740267263,8267.1118,39.2931,243,0,1,0,29.3817,207.9563,sync_tick,sensor_noise,moderate
M4,82,/system_health,8216.0,8243.88894131696,8273.8109,43.993,223,0,1,0,29.3817,207.9563,system_ok,sensor_noise,moderate
M4,83,/camera/image_raw,8290.5822,8346.297922649575,8350.0952,45.7812,341,0,1,0,30.1,206.9284,rgb_frame,sensor_noise,moderate
M4,83,/audio/stream,8295.4262,8368.56997306257,8356.1221,46.451,166,0,1,0,30.1,206.9284,wav_chunk,sensor_noise,moderate
M4,83,/robot_pose,8305.8873,8343.036816905229,8370.3917,49.9946,236,0,1,0,30.1,206.9284,pose_state,sensor_noise,moderate
M4,83,/head_cmd,8310.0,8371.574618394236,8369.423,44.6611,334,0,1,0,30.1,206.9284,gaze_adjust,sensor_noise,moderate
M4,83,/speech_cmd,8312.0,8376.3105618409,8364.642,38.1872,184,0,1,0,30.1,206.9284,comfort_prompt,sensor_noise,moderate
M4,83,/event_log,8314.0,8336.440692161215,8371.6836,43.5019,272,0,1,0,30.1,206.9284,sync_tick,sensor_noise,moderate
M4,83,/system_health,8316.0,8363.380740197548,8370.2504,40.2512,203,0,1,0,30.1,206.9284,system_ok,sensor_noise,moderate
