class_label,recall,precision,auc
negative,1.0,0.6830087306917394,0.8874141618868034
negative,1.0,0.6834677419354839,0.8874141618868034
negative,1.0,0.683927370544721,0.8874141618868034
negative,0.9990167158308751,0.6837146702557201,0.8874141618868034
negative,0.9990167158308751,0.6841750841750842,0.8874141618868034
negative,0.9990167158308751,0.6846361185983828,0.8874141618868034
negative,0.9990167158308751,0.6850977747808497,0.8874141618868034
negative,0.9980334316617503,0.684885290148448,0.8874141618868034
negative,0.9980334316617503,0.6853477380148548,0.8874141618868034
negative,0.9980334316617503,0.6858108108108109,0.8874141618868034
negative,0.9980334316617503,0.6862745098039216,0.8874141618868034
negative,0.9980334316617503,0.6867388362652233,0.8874141618868034
negative,0.9970501474926253,0.6865267433987813,0.8874141618868034
negative,0.9970501474926253,0.6869918699186992,0.8874141618868034
negative,0.9970501474926253,0.6874576271186441,0.8874141618868034
negative,0.9970501474926253,0.6879240162822252,0.8874141618868034
negative,0.9970501474926253,0.6883910386965377,0.8874141618868034
negative,0.9960668633235005,0.6881793478260869,0.8874141618868034
negative,0.9960668633235005,0.6886471787899389,0.8874141618868034
negative,0.9950835791543756,0.6884353741496598,0.8874141618868034
negative,0.9950835791543756,0.6889040163376446,0.8874141618868034
negative,0.9941002949852508,0.6886920980926431,0.8874141618868034
negative,0.9931170108161259,0.6884798909338786,0.8874141618868034
negative,0.9931170108161259,0.6889495225102319,0.8874141618868034
negative,0.9931170108161259,0.689419795221843,0.8874141618868034
negative,0.9931170108161259,0.6898907103825137,0.8874141618868034
negative,0.992133726647001,0.6896787423103212,0.8874141618868034
negative,0.992133726647001,0.6901504787961696,0.8874141618868034
negative,0.992133726647001,0.6906228610540726,0.8874141618868034
negative,0.992133726647001,0.6910958904109589,0.8874141618868034
negative,0.992133726647001,0.6915695681973955,0.8874141618868034
negative,0.992133726647001,0.6920438957475995,0.8874141618868034
negative,0.992133726647001,0.6925188743994509,0.8874141618868034
negative,0.992133726647001,0.6929945054945055,0.8874141618868034
negative,0.992133726647001,0.6934707903780069,0.8874141618868034
negative,0.992133726647001,0.6939477303988996,0.8874141618868034
negative,0.992133726647001,0.6944253269098417,0.8874141618868034
negative,0.9911504424778761,0.6942148760330579,0.8874141618868034
negative,0.9911504424778761,0.6946933149552033,0.8874141618868034
negative,0.9901671583087512,0.6944827586206896,0.8874141618868034
negative,0.9891838741396264,0.694271911663216,0.8874141618868034
negative,0.9891838741396264,0.6947513812154696,0.8874141618868034
negative,0.9891838741396264,0.6952315134761575,0.8874141618868034
negative,0.9891838741396264,0.6957123098201936,0.8874141618868034
negative,0.9882005899705014,0.6955017301038062,0.8874141618868034
negative,0.9872173058013766,0.6952908587257618,0.8874141618868034
negative,0.9872173058013766,0.6957726957726957,0.8874141618868034
negative,0.9872173058013766,0.6962552011095701,0.8874141618868034
negative,0.9872173058013766,0.6967383761276891,0.8874141618868034
negative,0.9872173058013766,0.6972222222222222,0.8874141618868034
negative,0.9872173058013766,0.6977067407922168,0.8874141618868034
negative,0.9872173058013766,0.6981919332406119,0.8874141618868034
negative,0.9862340216322517,0.697981906750174,0.8874141618868034
negative,0.9852507374631269,0.6977715877437326,0.8874141618868034
negative,0.9852507374631269,0.6982578397212543,0.8874141618868034
negative,0.9852507374631269,0.698744769874477,0.8874141618868034
negative,0.9852507374631269,0.6992323796231682,0.8874141618868034
negative,0.9852507374631269,0.6997206703910615,0.8874141618868034
negative,0.9852507374631269,0.70020964360587,0.8874141618868034
negative,0.9852507374631269,0.7006993006993008,0.8874141618868034
negative,0.9852507374631269,0.7011896431070679,0.8874141618868034
negative,0.9852507374631269,0.7016806722689075,0.8874141618868034
negative,0.9852507374631269,0.7021723896285914,0.8874141618868034
negative,0.9852507374631269,0.7026647966339411,0.8874141618868034
negative,0.9852507374631269,0.7031578947368421,0.8874141618868034
negative,0.984267453294002,0.7029494382022472,0.8874141618868034
negative,0.983284169124877,0.7027406886858749,0.8874141618868034
negative,0.983284169124877,0.7032348804500703,0.8874141618868034
negative,0.983284169124877,0.7037297677691766,0.8874141618868034
negative,0.983284169124877,0.704225352112676,0.8874141618868034
negative,0.983284169124877,0.704721634954193,0.8874141618868034
negative,0.9823008849557522,0.7045133991537377,0.8874141618868034
negative,0.9823008849557522,0.7050105857445307,0.8874141618868034
negative,0.9813176007866273,0.7048022598870056,0.8874141618868034
negative,0.9813176007866273,0.7053003533568905,0.8874141618868034
negative,0.9813176007866273,0.7057991513437057,0.8874141618868034
negative,0.9803343166175025,0.7055909412597311,0.8874141618868034
negative,0.9803343166175025,0.7060906515580736,0.8874141618868034
negative,0.9793510324483776,0.7058823529411765,0.8874141618868034
negative,0.9793510324483776,0.7063829787234043,0.8874141618868034
negative,0.9783677482792527,0.7061745919091554,0.8874141618868034
negative,0.9783677482792527,0.7066761363636364,0.8874141618868034
negative,0.9783677482792527,0.7071783937455579,0.8874141618868034
negative,0.9773844641101278,0.7069701280227596,0.8874141618868034
negative,0.9773844641101278,0.7074733096085409,0.8874141618868034
negative,0.9773844641101278,0.707977207977208,0.8874141618868034
negative,0.976401179941003,0.7077690662865289,0.8874141618868034
negative,0.976401179941003,0.7082738944365192,0.8874141618868034
negative,0.9754178957718781,0.7080656673804425,0.8874141618868034
negative,0.9754178957718781,0.7085714285714285,0.8874141618868034
negative,0.9754178957718781,0.7090779127948534,0.8874141618868034
negative,0.9744346116027532,0.7088698140200286,0.8874141618868034
negative,0.9734513274336283,0.7086614173228346,0.8874141618868034
negative,0.9734513274336283,0.7091690544412608,0.8874141618868034
negative,0.9734513274336283,0.7096774193548387,0.8874141618868034
negative,0.9724680432645034,0.7094691535150646,0.8874141618868034
negative,0.9714847590953786,0.7092605886575736,0.8874141618868034
negative,0.9714847590953786,0.7097701149425287,0.8874141618868034
negative,0.9714847590953786,0.7102803738317757,0.8874141618868034
negative,0.9714847590953786,0.7107913669064748,0.8874141618868034
negative,0.9714847590953786,0.7113030957523399,0.8874141618868034
negative,0.9714847590953786,0.7118155619596542,0.8874141618868034
negative,0.9714847590953786,0.7123287671232876,0.8874141618868034
negative,0.9714847590953786,0.7128427128427128,0.8874141618868034
negative,0.9714847590953786,0.7133574007220217,0.8874141618868034
negative,0.9714847590953786,0.7138728323699421,0.8874141618868034
negative,0.9714847590953786,0.7143890093998554,0.8874141618868034
negative,0.9714847590953786,0.7149059334298119,0.8874141618868034
negative,0.9714847590953786,0.7154236060825488,0.8874141618868034
negative,0.9714847590953786,0.7159420289855073,0.8874141618868034
negative,0.9714847590953786,0.7164612037708484,0.8874141618868034
negative,0.9714847590953786,0.7169811320754716,0.8874141618868034
negative,0.9714847590953786,0.7175018155410312,0.8874141618868034
negative,0.9714847590953786,0.7180232558139535,0.8874141618868034
negative,0.9705014749262537,0.7178181818181818,0.8874141618868034
negative,0.9695181907571289,0.7176128093158661,0.8874141618868034
negative,0.9695181907571289,0.718135469774217,0.8874141618868034
negative,0.9695181907571289,0.7186588921282799,0.8874141618868034
negative,0.9685349065880039,0.7184536834427425,0.8874141618868034
negative,0.967551622418879,0.7182481751824817,0.8874141618868034
negative,0.967551622418879,0.718772826880935,0.8874141618868034
negative,0.967551622418879,0.7192982456140351,0.8874141618868034
negative,0.967551622418879,0.719824433065106,0.8874141618868034
negative,0.967551622418879,0.7203513909224012,0.8874141618868034
negative,0.9665683382497542,0.7201465201465201,0.8874141618868034
negative,0.9665683382497542,0.7206744868035191,0.8874141618868034
negative,0.9665683382497542,0.7212032281731474,0.8874141618868034
negative,0.9665683382497542,0.7217327459618208,0.8874141618868034
negative,0.9665683382497542,0.7222630418809699,0.8874141618868034
negative,0.9665683382497542,0.7227941176470588,0.8874141618868034
negative,0.9655850540806293,0.7225901398086828,0.8874141618868034
negative,0.9655850540806293,0.7231222385861561,0.8874141618868034
negative,0.9655850540806293,0.7236551215917465,0.8874141618868034
negative,0.9655850540806293,0.724188790560472,0.8874141618868034
negative,0.9655850540806293,0.7247232472324723,0.8874141618868034
negative,0.9646017699115044,0.7245199409158051,0.8874141618868034
negative,0.9636184857423795,0.7243163340724317,0.8874141618868034
negative,0.9636184857423795,0.7248520710059172,0.8874141618868034
negative,0.9636184857423795,0.7253886010362695,0.8874141618868034
negative,0.9636184857423795,0.725925925925926,0.8874141618868034
negative,0.9636184857423795,0.72646404744255,0.8874141618868034
negative,0.9626352015732547,0.7262611275964391,0.8874141618868034
negative,0.9616519174041298,0.7260579064587973,0.8874141618868034
negative,0.9616519174041298,0.7265973254086181,0.8874141618868034
negative,0.9616519174041298,0.7271375464684015,0.8874141618868034
negative,0.9616519174041298,0.7276785714285714,0.8874141618868034
negative,0.960668633235005,0.727475800446761,0.8874141618868034
negative,0.960668633235005,0.7280178837555886,0.8874141618868034
negative,0.95968534906588,0.7278150633855331,0.8874141618868034
negative,0.95968534906588,0.7283582089552239,0.8874141618868034
negative,0.9587020648967551,0.7281553398058253,0.8874141618868034
negative,0.9587020648967551,0.7286995515695067,0.8874141618868034
negative,0.9587020648967551,0.7292445774121167,0.8874141618868034
negative,0.9587020648967551,0.7297904191616766,0.8874141618868034
negative,0.9587020648967551,0.7303370786516854,0.8874141618868034
negative,0.9577187807276303,0.7301349325337332,0.8874141618868034
negative,0.9577187807276303,0.7306826706676669,0.8874141618868034
negative,0.9577187807276303,0.7312312312312312,0.8874141618868034
negative,0.9567354965585054,0.7310293012772352,0.8874141618868034
negative,0.9567354965585054,0.7315789473684211,0.8874141618868034
negative,0.9567354965585054,0.7321294206170053,0.8874141618868034
negative,0.9567354965585054,0.7326807228915663,0.8874141618868034
negative,0.9567354965585054,0.7332328560663149,0.8874141618868034
negative,0.9557522123893806,0.7330316742081447,0.8874141618868034
negative,0.9557522123893806,0.7335849056603774,0.8874141618868034
negative,0.9557522123893806,0.7341389728096677,0.8874141618868034
negative,0.9557522123893806,0.7346938775510204,0.8874141618868034
negative,0.9557522123893806,0.735249621785174,0.8874141618868034
negative,0.9557522123893806,0.7358062074186222,0.8874141618868034
negative,0.9547689282202556,0.7356060606060606,0.8874141618868034
negative,0.9547689282202556,0.7361637604245641,0.8874141618868034
negative,0.9547689282202556,0.7367223065250379,0.8874141618868034
negative,0.9547689282202556,0.7372817008352316,0.8874141618868034
negative,0.9547689282202556,0.7378419452887538,0.8874141618868034
negative,0.9547689282202556,0.7384030418250951,0.8874141618868034
negative,0.9547689282202556,0.73896499238965,0.8874141618868034
negative,0.9537856440511308,0.7387661843107388,0.8874141618868034
negative,0.9528023598820059,0.7385670731707317,0.8874141618868034
negative,0.951819075712881,0.738367658276125,0.8874141618868034
negative,0.951819075712881,0.7389312977099237,0.8874141618868034
negative,0.951819075712881,0.7394957983193278,0.8874141618868034
negative,0.951819075712881,0.7400611620795107,0.8874141618868034
negative,0.9508357915437562,0.7398622800306044,0.8874141618868034
negative,0.9508357915437562,0.7404287901990811,0.8874141618868034
negative,0.9508357915437562,0.7409961685823755,0.8874141618868034
negative,0.9508357915437562,0.7415644171779141,0.8874141618868034
negative,0.9508357915437562,0.7421335379892555,0.8874141618868034
negative,0.9498525073746312,0.7419354838709677,0.8874141618868034
negative,0.9498525073746312,0.7425057647963106,0.8874141618868034
negative,0.9488692232055064,0.7423076923076923,0.8874141618868034
negative,0.9488692232055064,0.7428791377983064,0.8874141618868034
negative,0.9488692232055064,0.7434514637904468,0.8874141618868034
negative,0.9488692232055064,0.7440246723207402,0.8874141618868034
negative,0.9488692232055064,0.7445987654320988,0.8874141618868034
negative,0.9478859390363815,0.7444015444015444,0.8874141618868034
negative,0.9478859390363815,0.7449768160741885,0.8874141618868034
negative,0.9478859390363815,0.745552977571539,0.8874141618868034
negative,0.9478859390363815,0.7461300309597523,0.8874141618868034
negative,0.9478859390363815,0.7467079783113865,0.8874141618868034
negative,0.9469026548672567,0.7465116279069768,0.8874141618868034
negative,0.9469026548672567,0.7470907680372382,0.8874141618868034
negative,0.9469026548672567,0.7476708074534162,0.8874141618868034
negative,0.9469026548672567,0.7482517482517482,0.8874141618868034
negative,0.9469026548672567,0.7488335925349923,0.8874141618868034
negative,0.9469026548672567,0.7494163424124514,0.8874141618868034
negative,0.9459193706981318,0.7492211838006231,0.8874141618868034
negative,0.9449360865290068,0.7490257209664848,0.8874141618868034
negative,0.943952802359882,0.748829953198128,0.8874141618868034
negative,0.9429695181907571,0.7486338797814208,0.8874141618868034
negative,0.9429695181907571,0.74921875,0.8874141618868034
negative,0.9419862340216323,0.7490226739640344,0.8874141618868034
negative,0.9410029498525073,0.7488262910798122,0.8874141618868034
negative,0.9400196656833825,0.7486296006264683,0.8874141618868034
negative,0.9390363815142576,0.7484326018808778,0.8874141618868034
negative,0.9390363815142576,0.7490196078431373,0.8874141618868034
negative,0.9390363815142576,0.749607535321821,0.8874141618868034
negative,0.9390363815142576,0.7501963864886095,0.8874141618868034
negative,0.9390363815142576,0.7507861635220126,0.8874141618868034
negative,0.9380530973451328,0.7505900865460268,0.8874141618868034
negative,0.9370698131760079,0.7503937007874015,0.8874141618868034
negative,0.9360865290068829,0.7501970055161544,0.8874141618868034
negative,0.9360865290068829,0.750788643533123,0.8874141618868034
negative,0.9351032448377581,0.7505919494869772,0.8874141618868034
negative,0.9351032448377581,0.7511848341232228,0.8874141618868034
negative,0.9341199606686332,0.7509881422924901,0.8874141618868034
negative,0.9341199606686332,0.7515822784810127,0.8874141618868034
negative,0.9331366764995084,0.7513855898653998,0.8874141618868034
negative,0.9331366764995084,0.7519809825673535,0.8874141618868034
negative,0.9331366764995084,0.7525773195876289,0.8874141618868034
negative,0.9321533923303835,0.7523809523809524,0.8874141618868034
negative,0.9321533923303835,0.7529785544082606,0.8874141618868034
negative,0.9311701081612586,0.7527821939586645,0.8874141618868034
negative,0.9311701081612586,0.7533810660302307,0.8874141618868034
negative,0.9301868239921337,0.7531847133757962,0.8874141618868034
negative,0.9292035398230089,0.7529880478087649,0.8874141618868034
negative,0.928220255653884,0.7527910685805422,0.8874141618868034
negative,0.9272369714847591,0.7525937749401437,0.8874141618868034
negative,0.9272369714847591,0.7531948881789138,0.8874141618868034
negative,0.9272369714847591,0.753796962430056,0.8874141618868034
negative,0.9272369714847591,0.7544,0.8874141618868034
negative,0.9262536873156342,0.7542033626901521,0.8874141618868034
negative,0.9252704031465093,0.7540064102564102,0.8874141618868034
negative,0.9252704031465093,0.7546110665597434,0.8874141618868034
negative,0.9242871189773845,0.7544141252006421,0.8874141618868034
negative,0.9242871189773845,0.7550200803212851,0.8874141618868034
negative,0.9233038348082596,0.7548231511254019,0.8874141618868034
negative,0.9233038348082596,0.7554304102976669,0.8874141618868034
negative,0.9233038348082596,0.7560386473429952,0.8874141618868034
negative,0.9223205506391348,0.7558420628525383,0.8874141618868034
negative,0.9223205506391348,0.7564516129032258,0.8874141618868034
negative,0.9213372664700098,0.7562550443906376,0.8874141618868034
negative,0.9203539823008849,0.7560581583198708,0.8874141618868034
negative,0.9203539823008849,0.7566693613581245,0.8874141618868034
negative,0.9203539823008849,0.7572815533980582,0.8874141618868034
negative,0.9203539823008849,0.7578947368421053,0.8874141618868034
negative,0.9193706981317601,0.7576985413290114,0.8874141618868034
negative,0.9193706981317601,0.7583130575831306,0.8874141618868034
negative,0.9183874139626352,0.7581168831168831,0.8874141618868034
negative,0.9183874139626352,0.7587327376116978,0.8874141618868034
negative,0.9183874139626352,0.759349593495935,0.8874141618868034
negative,0.9174041297935103,0.7591537835638731,0.8874141618868034
negative,0.9174041297935103,0.759771986970684,0.8874141618868034
negative,0.9164208456243854,0.7595762021189894,0.8874141618868034
negative,0.9154375614552606,0.7593800978792822,0.8874141618868034
negative,0.9154375614552606,0.76,0.8874141618868034
negative,0.9154375614552606,0.7606209150326797,0.8874141618868034
negative,0.9144542772861357,0.7604251839738349,0.8874141618868034
negative,0.9144542772861357,0.7610474631751227,0.8874141618868034
negative,0.9144542772861357,0.7616707616707616,0.8874141618868034
negative,0.9134709931170109,0.7614754098360655,0.8874141618868034
negative,0.9124877089478859,0.7612797374897456,0.8874141618868034
negative,0.9124877089478859,0.7619047619047619,0.8874141618868034
negative,0.9124877089478859,0.76253081347576,0.8874141618868034
negative,0.911504424778761,0.7623355263157895,0.8874141618868034
negative,0.9105211406096362,0.7621399176954733,0.8874141618868034
negative,0.9105211406096362,0.7627677100494233,0.8874141618868034
negative,0.9095378564405113,0.7625721352019785,0.8874141618868034
negative,0.9095378564405113,0.7632013201320133,0.8874141618868034
negative,0.9095378564405113,0.763831544178365,0.8874141618868034
negative,0.9085545722713865,0.7636363636363637,0.8874141618868034
negative,0.9085545722713865,0.7642679900744417,0.8874141618868034
negative,0.9075712881022615,0.7640728476821192,0.8874141618868034
negative,0.9075712881022615,0.7647058823529411,0.8874141618868034
negative,0.9065880039331367,0.7645107794361525,0.8874141618868034
negative,0.9056047197640118,0.7643153526970954,0.8874141618868034
negative,0.904621435594887,0.7641196013289037,0.8874141618868034
negative,0.9036381514257621,0.7639235245220283,0.8874141618868034
negative,0.9036381514257621,0.7645590682196339,0.8874141618868034
negative,0.9026548672566371,0.7643630308076603,0.8874141618868034
negative,0.9016715830875123,0.7641666666666667,0.8874141618868034
negative,0.9016715830875123,0.7648040033361134,0.8874141618868034
negative,0.9016715830875123,0.7654424040066778,0.8874141618868034
negative,0.9016715830875123,0.7660818713450293,0.8874141618868034
negative,0.9016715830875123,0.7667224080267558,0.8874141618868034
negative,0.9006882989183874,0.7665271966527196,0.8874141618868034
negative,0.8997050147492626,0.7663316582914573,0.8874141618868034
negative,0.8987217305801377,0.7661357921207042,0.8874141618868034
negative,0.8977384464110127,0.7659395973154363,0.8874141618868034
negative,0.8967551622418879,0.7657430730478589,0.8874141618868034
negative,0.8967551622418879,0.7663865546218488,0.8874141618868034
negative,0.895771878072763,0.7661900756938604,0.8874141618868034
negative,0.895771878072763,0.7668350168350169,0.8874141618868034
negative,0.895771878072763,0.7674810446503791,0.8874141618868034
negative,0.895771878072763,0.7681281618887015,0.8874141618868034
negative,0.895771878072763,0.7687763713080169,0.8874141618868034
negative,0.895771878072763,0.7694256756756757,0.8874141618868034
negative,0.895771878072763,0.7700760777683855,0.8874141618868034
negative,0.8947885939036382,0.7698815566835872,0.8874141618868034
negative,0.8938053097345132,0.7696867061812024,0.8874141618868034
negative,0.8928220255653884,0.7694915254237288,0.8874141618868034
negative,0.8928220255653884,0.7701441899915182,0.8874141618868034
negative,0.8928220255653884,0.7707979626485568,0.8874141618868034
negative,0.8918387413962635,0.7706032285471538,0.8874141618868034
negative,0.8918387413962635,0.7712585034013606,0.8874141618868034
negative,0.8908554572271387,0.7710638297872341,0.8874141618868034
negative,0.8908554572271387,0.7717206132879046,0.8874141618868034
negative,0.8898721730580138,0.7715260017050298,0.8874141618868034
negative,0.8888888888888888,0.7713310580204779,0.8874141618868034
negative,0.8888888888888888,0.7719897523484202,0.8874141618868034
negative,0.887905604719764,0.7717948717948718,0.8874141618868034
negative,0.887905604719764,0.7724550898203593,0.8874141618868034
negative,0.8869223205506391,0.7722602739726028,0.8874141618868034
negative,0.8859390363815143,0.7720651242502142,0.8874141618868034
negative,0.8859390363815143,0.7727272727272727,0.8874141618868034
negative,0.8859390363815143,0.7733905579399142,0.8874141618868034
negative,0.8849557522123894,0.7731958762886598,0.8874141618868034
negative,0.8849557522123894,0.7738607050730868,0.8874141618868034
negative,0.8849557522123894,0.774526678141136,0.8874141618868034
negative,0.8839724680432645,0.7743324720068906,0.8874141618868034
negative,0.8829891838741396,0.7741379310344828,0.8874141618868034
negative,0.8820058997050148,0.7739430543572045,0.8874141618868034
negative,0.8820058997050148,0.7746113989637305,0.8874141618868034
negative,0.8820058997050148,0.7752808988764045,0.8874141618868034
negative,0.8810226155358899,0.7750865051903114,0.8874141618868034
negative,0.880039331366765,0.7748917748917749,0.8874141618868034
negative,0.8790560471976401,0.7746967071057193,0.8874141618868034
negative,0.8790560471976401,0.7753686036426712,0.8874141618868034
negative,0.8780727630285152,0.7751736111111112,0.8874141618868034
negative,0.8780727630285152,0.7758470894874022,0.8874141618868034
negative,0.8770894788593904,0.7756521739130435,0.8874141618868034
negative,0.8761061946902655,0.7754569190600522,0.8874141618868034
negative,0.8751229105211407,0.7752613240418118,0.8874141618868034
negative,0.8741396263520157,0.7750653879686138,0.8874141618868034
negative,0.8741396263520157,0.7757417102966842,0.8874141618868034
negative,0.8741396263520157,0.7764192139737991,0.8874141618868034
negative,0.8731563421828908,0.7762237762237763,0.8874141618868034
negative,0.872173058013766,0.7760279965004374,0.8874141618868034
negative,0.872173058013766,0.776707530647986,0.8874141618868034
negative,0.8711897738446411,0.7765118317265557,0.8874141618868034
negative,0.8711897738446411,0.7771929824561403,0.8874141618868034
negative,0.8711897738446411,0.7778753292361721,0.8874141618868034
negative,0.8702064896755162,0.7776801405975395,0.8874141618868034
negative,0.8692232055063913,0.7774846086191732,0.8874141618868034
negative,0.8682399213372665,0.7772887323943662,0.8874141618868034
negative,0.8682399213372665,0.7779735682819383,0.8874141618868034
negative,0.8672566371681416,0.7777777777777778,0.8874141618868034
negative,0.8662733529990168,0.7775816416593115,0.8874141618868034
negative,0.8652900688298918,0.7773851590106007,0.8874141618868034
negative,0.8652900688298918,0.7780725022104332,0.8874141618868034
negative,0.8643067846607669,0.7778761061946903,0.8874141618868034
negative,0.8633235004916421,0.7776793622674933,0.8874141618868034
negative,0.8623402163225172,0.7774822695035462,0.8874141618868034
negative,0.8623402163225172,0.7781721384205856,0.8874141618868034
negative,0.8623402163225172,0.7788632326820604,0.8874141618868034
negative,0.8613569321533924,0.7786666666666666,0.8874141618868034
negative,0.8613569321533924,0.7793594306049823,0.8874141618868034
negative,0.8613569321533924,0.780053428317008,0.8874141618868034
negative,0.8613569321533924,0.7807486631016043,0.8874141618868034
negative,0.8603736479842674,0.7805530776092774,0.8874141618868034
negative,0.8603736479842674,0.78125,0.8874141618868034
negative,0.8603736479842674,0.7819481680071493,0.8874141618868034
negative,0.8603736479842674,0.7826475849731663,0.8874141618868034
negative,0.8593903638151426,0.7824529991047449,0.8874141618868034
negative,0.8593903638151426,0.7831541218637993,0.8874141618868034
negative,0.8584070796460177,0.7829596412556054,0.8874141618868034
negative,0.8584070796460177,0.7836624775583483,0.8874141618868034
negative,0.8584070796460177,0.784366576819407,0.8874141618868034
negative,0.8584070796460177,0.7850719424460432,0.8874141618868034
negative,0.8574237954768928,0.7848784878487849,0.8874141618868034
negative,0.8574237954768928,0.7855855855855856,0.8874141618868034
negative,0.8574237954768928,0.7862939585211902,0.8874141618868034
negative,0.8574237954768928,0.7870036101083032,0.8874141618868034
negative,0.8574237954768928,0.7877145438121048,0.8874141618868034
negative,0.856440511307768,0.7875226039783002,0.8874141618868034
negative,0.856440511307768,0.788235294117647,0.8874141618868034
negative,0.855457227138643,0.7880434782608695,0.8874141618868034
negative,0.855457227138643,0.7887579329102448,0.8874141618868034
negative,0.8544739429695182,0.7885662431941923,0.8874141618868034
negative,0.8544739429695182,0.7892824704813806,0.8874141618868034
negative,0.8544739429695182,0.79,0.8874141618868034
negative,0.8544739429695182,0.7907188353048226,0.8874141618868034
negative,0.8534906588003933,0.7905282331511839,0.8874141618868034
negative,0.8525073746312685,0.7903372835004557,0.8874141618868034
negative,0.8515240904621436,0.7901459854014599,0.8874141618868034
negative,0.8505408062930186,0.7899543378995434,0.8874141618868034
negative,0.8505408062930186,0.7906764168190128,0.8874141618868034
negative,0.8495575221238938,0.7904849039341263,0.8874141618868034
negative,0.8495575221238938,0.7912087912087912,0.8874141618868034
negative,0.8485742379547689,0.7910174152153987,0.8874141618868034
negative,0.8475909537856441,0.7908256880733945,0.8874141618868034
negative,0.8475909537856441,0.7915518824609734,0.8874141618868034
negative,0.8475909537856441,0.7922794117647058,0.8874141618868034
negative,0.8466076696165191,0.7920883164673413,0.8874141618868034
negative,0.8466076696165191,0.7928176795580111,0.8874141618868034
negative,0.8466076696165191,0.7935483870967742,0.8874141618868034
negative,0.8466076696165191,0.794280442804428,0.8874141618868034
negative,0.8456243854473943,0.7940904893813481,0.8874141618868034
negative,0.8456243854473943,0.7948243992606284,0.8874141618868034
negative,0.8456243854473943,0.7955596669750231,0.8874141618868034
negative,0.8446411012782694,0.7953703703703704,0.8874141618868034
negative,0.8436578171091446,0.7951807228915663,0.8874141618868034
negative,0.8426745329400197,0.7949907235621522,0.8874141618868034
negative,0.8416912487708947,0.7948003714020427,0.8874141618868034
negative,0.8407079646017699,0.7946096654275093,0.8874141618868034
negative,0.8407079646017699,0.7953488372093023,0.8874141618868034
negative,0.8407079646017699,0.7960893854748603,0.8874141618868034
negative,0.839724680432645,0.7958993476234856,0.8874141618868034
negative,0.8387413962635202,0.7957089552238806,0.8874141618868034
negative,0.8377581120943953,0.7955182072829131,0.8874141618868034
negative,0.8377581120943953,0.7962616822429907,0.8874141618868034
negative,0.8367748279252704,0.7960710944808232,0.8874141618868034
negative,0.8367748279252704,0.7968164794007491,0.8874141618868034
negative,0.8357915437561455,0.7966260543580131,0.8874141618868034
negative,0.8357915437561455,0.797373358348968,0.8874141618868034
negative,0.8348082595870207,0.7971830985915493,0.8874141618868034
negative,0.8348082595870207,0.7979323308270677,0.8874141618868034
negative,0.8338249754178958,0.7977422389463782,0.8874141618868034
negative,0.8328416912487709,0.7975517890772128,0.8874141618868034
negative,0.831858407079646,0.7973609802073516,0.8874141618868034
negative,0.831858407079646,0.7981132075471699,0.8874141618868034
negative,0.831858407079646,0.7988668555240793,0.8874141618868034
negative,0.831858407079646,0.7996219281663516,0.8874141618868034
negative,0.8308751229105211,0.7994323557237465,0.8874141618868034
negative,0.8308751229105211,0.8001893939393939,0.8874141618868034
negative,0.8308751229105211,0.8009478672985783,0.8874141618868034
negative,0.8308751229105211,0.801707779886148,0.8874141618868034
negative,0.8298918387413963,0.8015194681861348,0.8874141618868034
negative,0.8289085545722714,0.8013307984790875,0.8874141618868034
negative,0.8289085545722714,0.80209324452902,0.8874141618868034
negative,0.8289085545722714,0.8028571428571428,0.8874141618868034
negative,0.8279252704031466,0.8026692087702574,0.8874141618868034
negative,0.8269419862340216,0.8024809160305344,0.8874141618868034
negative,0.8269419862340216,0.8032473734479465,0.8874141618868034
negative,0.8259587020648967,0.8030592734225621,0.8874141618868034
negative,0.8249754178957719,0.8028708133971292,0.8874141618868034
negative,0.8249754178957719,0.803639846743295,0.8874141618868034
negative,0.823992133726647,0.8034515819750719,0.8874141618868034
negative,0.8230088495575221,0.8032629558541267,0.8874141618868034
negative,0.8230088495575221,0.8040345821325648,0.8874141618868034
negative,0.8230088495575221,0.8048076923076923,0.8874141618868034
negative,0.8230088495575221,0.8055822906641001,0.8874141618868034
negative,0.8220255653883972,0.8053949903660886,0.8874141618868034
negative,0.8220255653883972,0.8061716489874639,0.8874141618868034
negative,0.8220255653883972,0.806949806949807,0.8874141618868034
negative,0.8210422812192724,0.8067632850241546,0.8874141618868034
negative,0.8200589970501475,0.8065764023210832,0.8874141618868034
negative,0.8190757128810227,0.8063891577928364,0.8874141618868034
negative,0.8180924287118977,0.8062015503875969,0.8874141618868034
negative,0.8171091445427728,0.8060135790494666,0.8874141618868034
negative,0.816125860373648,0.8058252427184466,0.8874141618868034
negative,0.816125860373648,0.8066083576287658,0.8874141618868034
negative,0.8151425762045231,0.806420233463035,0.8874141618868034
negative,0.8141592920353983,0.8062317429406037,0.8874141618868034
negative,0.8141592920353983,0.8070175438596491,0.8874141618868034
negative,0.8141592920353983,0.8078048780487805,0.8874141618868034
negative,0.8131760078662733,0.8076171875,0.8874141618868034
negative,0.8131760078662733,0.8084066471163245,0.8874141618868034
negative,0.8121927236971485,0.8082191780821918,0.8874141618868034
negative,0.8112094395280236,0.8080313418217434,0.8874141618868034
negative,0.8102261553588987,0.807843137254902,0.8874141618868034
negative,0.8102261553588987,0.8086359175662414,0.8874141618868034
negative,0.8102261553588987,0.8094302554027505,0.8874141618868034
negative,0.8092428711897739,0.8092428711897739,0.8874141618868034
negative,0.8082595870206489,0.8090551181102362,0.8874141618868034
negative,0.8082595870206489,0.8098522167487685,0.8874141618868034
negative,0.8072763028515241,0.8096646942800789,0.8874141618868034
negative,0.8062930186823992,0.8094768015794669,0.8874141618868034
negative,0.8053097345132744,0.8092885375494071,0.8874141618868034
negative,0.8053097345132744,0.8100890207715133,0.8874141618868034
negative,0.8053097345132744,0.810891089108911,0.8874141618868034
negative,0.8043264503441495,0.8107036669970268,0.8874141618868034
negative,0.8033431661750245,0.810515873015873,0.8874141618868034
negative,0.8023598820058997,0.8103277060575969,0.8874141618868034
negative,0.8023598820058997,0.8111332007952287,0.8874141618868034
negative,0.8013765978367748,0.8109452736318408,0.8874141618868034
negative,0.80039331366765,0.8107569721115537,0.8874141618868034
negative,0.80039331366765,0.8115653040877367,0.8874141618868034
negative,0.799410029498525,0.811377245508982,0.8874141618868034
negative,0.799410029498525,0.8121878121878122,0.8874141618868034
negative,0.7984267453294002,0.812,0.8874141618868034
negative,0.7974434611602753,0.8118118118118118,0.8874141618868034
negative,0.7964601769911505,0.811623246492986,0.8874141618868034
negative,0.7954768928220256,0.8114343029087262,0.8874141618868034
negative,0.7954768928220256,0.8122489959839357,0.8874141618868034
negative,0.7944936086529006,0.8120603015075377,0.8874141618868034
negative,0.7944936086529006,0.8128772635814889,0.8874141618868034
negative,0.7935103244837758,0.8126888217522659,0.8874141618868034
negative,0.7925270403146509,0.8125,0.8874141618868034
negative,0.7915437561455261,0.8123107971745711,0.8874141618868034
negative,0.7905604719764012,0.8121212121212121,0.8874141618868034
negative,0.7905604719764012,0.8129423660262892,0.8874141618868034
negative,0.7905604719764012,0.8137651821862348,0.8874141618868034
negative,0.7905604719764012,0.8145896656534954,0.8874141618868034
negative,0.7905604719764012,0.8154158215010142,0.8874141618868034
negative,0.7895771878072763,0.8152284263959391,0.8874141618868034
negative,0.7895771878072763,0.8160569105691057,0.8874141618868034
negative,0.7895771878072763,0.8168870803662258,0.8874141618868034
negative,0.7895771878072763,0.8177189409368636,0.8874141618868034
negative,0.7885939036381514,0.817533129459735,0.8874141618868034
negative,0.7876106194690266,0.8173469387755102,0.8874141618868034
negative,0.7866273352999017,0.8171603677221655,0.8874141618868034
negative,0.7866273352999017,0.8179959100204499,0.8874141618868034
negative,0.7866273352999017,0.8188331627430911,0.8874141618868034
negative,0.7856440511307768,0.8186475409836066,0.8874141618868034
negative,0.7846607669616519,0.8184615384615385,0.8874141618868034
negative,0.783677482792527,0.8182751540041068,0.8874141618868034
negative,0.7826941986234022,0.8180883864337102,0.8874141618868034
negative,0.7826941986234022,0.8189300411522634,0.8874141618868034
negative,0.7826941986234022,0.819773429454171,0.8874141618868034
negative,0.7817109144542773,0.8195876288659794,0.8874141618868034
negative,0.7807276302851525,0.8194014447884417,0.8874141618868034
negative,0.7797443461160275,0.8192148760330579,0.8874141618868034
negative,0.7787610619469026,0.8190279214064116,0.8874141618868034
negative,0.7777777777777778,0.8188405797101449,0.8874141618868034
negative,0.7767944936086529,0.8186528497409327,0.8874141618868034
negative,0.775811209439528,0.8184647302904564,0.8874141618868034
negative,0.7748279252704031,0.818276220145379,0.8874141618868034
negative,0.7738446411012783,0.818087318087318,0.8874141618868034
negative,0.7728613569321534,0.81789802289282,0.8874141618868034
negative,0.7718780727630286,0.8177083333333334,0.8874141618868034
negative,0.7708947885939036,0.8175182481751825,0.8874141618868034
negative,0.7708947885939036,0.8183716075156576,0.8874141618868034
negative,0.7699115044247787,0.8181818181818182,0.8874141618868034
negative,0.7689282202556539,0.8179916317991632,0.8874141618868034
negative,0.767944936086529,0.8178010471204189,0.8874141618868034
negative,0.767944936086529,0.8186582809224319,0.8874141618868034
negative,0.767944936086529,0.8195173137460651,0.8874141618868034
negative,0.7669616519174042,0.819327731092437,0.8874141618868034
negative,0.7669616519174042,0.8201892744479495,0.8874141618868034
negative,0.7669616519174042,0.8210526315789474,0.8874141618868034
negative,0.7659783677482792,0.8208640674394099,0.8874141618868034
negative,0.7659783677482792,0.8217299578059072,0.8874141618868034
negative,0.7649950835791544,0.8215417106652587,0.8874141618868034
negative,0.7640117994100295,0.821353065539112,0.8874141618868034
negative,0.7630285152409046,0.8211640211640212,0.8874141618868034
negative,0.7630285152409046,0.8220338983050848,0.8874141618868034
negative,0.7630285152409046,0.8229056203605515,0.8874141618868034
negative,0.7620452310717798,0.8227176220806794,0.8874141618868034
negative,0.7610619469026548,0.822529224229543,0.8874141618868034
negative,0.7610619469026548,0.823404255319149,0.8874141618868034
negative,0.7610619469026548,0.8242811501597445,0.8874141618868034
negative,0.7610619469026548,0.8251599147121536,0.8874141618868034
negative,0.7610619469026548,0.8260405549626467,0.8874141618868034
negative,0.7610619469026548,0.8269230769230769,0.8874141618868034
negative,0.76007866273353,0.8267379679144385,0.8874141618868034
negative,0.76007866273353,0.8276231263383298,0.8874141618868034
negative,0.76007866273353,0.8285101822079314,0.8874141618868034
negative,0.76007866273353,0.8293991416309013,0.8874141618868034
negative,0.7590953785644051,0.8292158968850698,0.8874141618868034
negative,0.7590953785644051,0.8301075268817204,0.8874141618868034
negative,0.7590953785644051,0.8310010764262648,0.8874141618868034
negative,0.7581120943952803,0.8308189655172413,0.8874141618868034
negative,0.7571288102261554,0.8306364617044228,0.8874141618868034
negative,0.7561455260570304,0.8304535637149028,0.8874141618868034
negative,0.7551622418879056,0.8302702702702702,0.8874141618868034
negative,0.7551622418879056,0.8311688311688312,0.8874141618868034
negative,0.7541789577187807,0.8309859154929577,0.8874141618868034
negative,0.7531956735496559,0.8308026030368764,0.8874141618868034
negative,0.7531956735496559,0.8317046688382194,0.8874141618868034
negative,0.7522123893805309,0.8315217391304348,0.8874141618868034
negative,0.7522123893805309,0.8324265505984766,0.8874141618868034
negative,0.7522123893805309,0.8333333333333334,0.8874141618868034
negative,0.7512291052114061,0.8331515812431843,0.8874141618868034
negative,0.7502458210422812,0.8329694323144105,0.8874141618868034
negative,0.7492625368731564,0.8327868852459016,0.8874141618868034
negative,0.7492625368731564,0.8336980306345733,0.8874141618868034
negative,0.7492625368731564,0.8346111719605696,0.8874141618868034
negative,0.7492625368731564,0.8355263157894737,0.8874141618868034
negative,0.7482792527040315,0.8353457738748628,0.8874141618868034
negative,0.7482792527040315,0.8362637362637363,0.8874141618868034
negative,0.7472959685349065,0.8360836083608361,0.8874141618868034
negative,0.7472959685349065,0.8370044052863436,0.8874141618868034
negative,0.7472959685349065,0.8379272326350606,0.8874141618868034
negative,0.7463126843657817,0.8377483443708609,0.8874141618868034
negative,0.7463126843657817,0.8386740331491712,0.8874141618868034
negative,0.7453294001966568,0.838495575221239,0.8874141618868034
negative,0.744346116027532,0.8383167220376523,0.8874141618868034
negative,0.7433628318584071,0.8381374722838137,0.8874141618868034
negative,0.7423795476892822,0.8379578246392897,0.8874141618868034
negative,0.7423795476892822,0.8388888888888889,0.8874141618868034
negative,0.7423795476892822,0.8398220244716351,0.8874141618868034
negative,0.7413962635201573,0.8396436525612472,0.8874141618868034
negative,0.7413962635201573,0.8405797101449275,0.8874141618868034
negative,0.7404129793510325,0.8404017857142857,0.8874141618868034
negative,0.7394296951819076,0.8402234636871508,0.8874141618868034
negative,0.7394296951819076,0.8411633109619687,0.8874141618868034
negative,0.7394296951819076,0.8421052631578947,0.8874141618868034
negative,0.7384464110127827,0.8419282511210763,0.8874141618868034
negative,0.7384464110127827,0.8428731762065096,0.8874141618868034
negative,0.7384464110127827,0.8438202247191011,0.8874141618868034
negative,0.7384464110127827,0.8447694038245219,0.8874141618868034
negative,0.7374631268436578,0.8445945945945946,0.8874141618868034
negative,0.7364798426745329,0.8444193912063134,0.8874141618868034
negative,0.7354965585054081,0.8442437923250564,0.8874141618868034
negative,0.7345132743362832,0.8440677966101695,0.8874141618868034
negative,0.7335299901671584,0.8438914027149321,0.8874141618868034
negative,0.7335299901671584,0.8448471121177803,0.8874141618868034
negative,0.7335299901671584,0.8458049886621315,0.8874141618868034
negative,0.7335299901671584,0.8467650397275823,0.8874141618868034
negative,0.7325467059980334,0.8465909090909091,0.8874141618868034
negative,0.7315634218289085,0.8464163822525598,0.8874141618868034
negative,0.7305801376597837,0.8462414578587699,0.8874141618868034
negative,0.7295968534906588,0.8460661345496009,0.8874141618868034
negative,0.7295968534906588,0.8470319634703196,0.8874141618868034
negative,0.7295968534906588,0.848,0.8874141618868034
negative,0.7295968534906588,0.8489702517162472,0.8874141618868034
negative,0.7286135693215339,0.8487972508591065,0.8874141618868034
negative,0.7286135693215339,0.8497706422018348,0.8874141618868034
negative,0.727630285152409,0.8495981630309989,0.8874141618868034
negative,0.727630285152409,0.8505747126436781,0.8874141618868034
negative,0.727630285152409,0.8515535097813579,0.8874141618868034
negative,0.727630285152409,0.8525345622119815,0.8874141618868034
negative,0.7266470009832842,0.8523644752018454,0.8874141618868034
negative,0.7266470009832842,0.8533487297921478,0.8874141618868034
negative,0.7256637168141593,0.8531791907514451,0.8874141618868034
negative,0.7256637168141593,0.8541666666666666,0.8874141618868034
negative,0.7246804326450345,0.8539976825028969,0.8874141618868034
negative,0.7236971484759095,0.8538283062645011,0.8874141618868034
negative,0.7227138643067846,0.8536585365853658,0.8874141618868034
negative,0.7217305801376598,0.8534883720930233,0.8874141618868034
negative,0.7207472959685349,0.8533178114086146,0.8874141618868034
negative,0.7197640117994101,0.8531468531468531,0.8874141618868034
negative,0.7197640117994101,0.8541423570595099,0.8874141618868034
negative,0.7187807276302851,0.8539719626168224,0.8874141618868034
negative,0.7177974434611603,0.8538011695906432,0.8874141618868034
negative,0.7168141592920354,0.8536299765807962,0.8874141618868034
negative,0.7168141592920354,0.854630715123095,0.8874141618868034
negative,0.7158308751229105,0.8544600938967136,0.8874141618868034
negative,0.7148475909537857,0.854289071680376,0.8874141618868034
negative,0.7138643067846607,0.8541176470588235,0.8874141618868034
negative,0.7138643067846607,0.8551236749116607,0.8874141618868034
negative,0.7138643067846607,0.8561320754716981,0.8874141618868034
negative,0.7138643067846607,0.8571428571428571,0.8874141618868034
negative,0.7128810226155359,0.8569739952718676,0.8874141618868034
negative,0.711897738446411,0.8568047337278106,0.8874141618868034
negative,0.7109144542772862,0.8566350710900474,0.8874141618868034
negative,0.7109144542772862,0.8576512455516014,0.8874141618868034
negative,0.7099311701081613,0.8574821852731591,0.8874141618868034
negative,0.7089478859390363,0.8573127229488704,0.8874141618868034
negative,0.7079646017699115,0.8571428571428571,0.8874141618868034
negative,0.7069813176007866,0.8569725864123957,0.8874141618868034
negative,0.7059980334316618,0.8568019093078759,0.8874141618868034
negative,0.7050147492625368,0.8566308243727598,0.8874141618868034
negative,0.704031465093412,0.8564593301435407,0.8874141618868034
negative,0.704031465093412,0.8574850299401198,0.8874141618868034
negative,0.7030481809242871,0.8573141486810552,0.8874141618868034
negative,0.7020648967551623,0.8571428571428571,0.8874141618868034
negative,0.7010816125860374,0.8569711538461539,0.8874141618868034
negative,0.7000983284169124,0.8567990373044525,0.8874141618868034
negative,0.6991150442477876,0.8566265060240964,0.8874141618868034
negative,0.6981317600786627,0.856453558504222,0.8874141618868034
negative,0.6981317600786627,0.857487922705314,0.8874141618868034
negative,0.6981317600786627,0.8585247883917775,0.8874141618868034
negative,0.6981317600786627,0.8595641646489104,0.8874141618868034
negative,0.6981317600786627,0.8606060606060606,0.8874141618868034
negative,0.6981317600786627,0.8616504854368932,0.8874141618868034
negative,0.6971484759095379,0.8614823815309842,0.8874141618868034
negative,0.696165191740413,0.8613138686131386,0.8874141618868034
negative,0.6951819075712881,0.8611449451887941,0.8874141618868034
negative,0.6941986234021632,0.8609756097560975,0.8874141618868034
negative,0.6932153392330384,0.8608058608058609,0.8874141618868034
negative,0.6922320550639135,0.8606356968215159,0.8874141618868034
negative,0.6912487708947886,0.8604651162790697,0.8874141618868034
negative,0.6902654867256637,0.8602941176470589,0.8874141618868034
negative,0.6892822025565388,0.8601226993865031,0.8874141618868034
negative,0.688298918387414,0.85995085995086,0.8874141618868034
negative,0.688298918387414,0.8610086100861009,0.8874141618868034
negative,0.6873156342182891,0.8608374384236454,0.8874141618868034
negative,0.6873156342182891,0.8618988902589396,0.8874141618868034
negative,0.6863323500491643,0.8617283950617284,0.8874141618868034
negative,0.6863323500491643,0.8627935723114957,0.8874141618868034
negative,0.6863323500491643,0.8638613861386139,0.8874141618868034
negative,0.6863323500491643,0.8649318463444857,0.8874141618868034
negative,0.6853490658800393,0.8647642679900744,0.8874141618868034
negative,0.6843657817109144,0.8645962732919255,0.8874141618868034
negative,0.6843657817109144,0.8656716417910447,0.8874141618868034
negative,0.6843657817109144,0.8667496886674969,0.8874141618868034
negative,0.6833824975417896,0.8665835411471322,0.8874141618868034
negative,0.6833824975417896,0.867665418227216,0.8874141618868034
negative,0.6823992133726647,0.8675,0.8874141618868034
negative,0.6814159292035398,0.867334167709637,0.8874141618868034
negative,0.6804326450344149,0.8671679197994987,0.8874141618868034
negative,0.6794493608652901,0.8670012547051443,0.8874141618868034
negative,0.6784660766961652,0.8668341708542714,0.8874141618868034
negative,0.6784660766961652,0.8679245283018868,0.8874141618868034
negative,0.6774827925270404,0.8677581863979849,0.8874141618868034
negative,0.6764995083579154,0.8675914249684742,0.8874141618868034
negative,0.6755162241887905,0.8674242424242424,0.8874141618868034
negative,0.6745329400196657,0.8672566371681416,0.8874141618868034
negative,0.6735496558505408,0.8670886075949367,0.8874141618868034
negative,0.672566371681416,0.8669201520912547,0.8874141618868034
negative,0.672566371681416,0.868020304568528,0.8874141618868034
negative,0.671583087512291,0.8678526048284625,0.8874141618868034
negative,0.671583087512291,0.8689567430025446,0.8874141618868034
negative,0.6705998033431662,0.8687898089171975,0.8874141618868034
negative,0.6696165191740413,0.8686224489795918,0.8874141618868034
negative,0.6686332350049164,0.8684546615581098,0.8874141618868034
negative,0.6676499508357916,0.8682864450127877,0.8874141618868034
negative,0.6676499508357916,0.8693982074263764,0.8874141618868034
negative,0.6666666666666666,0.8692307692307693,0.8874141618868034
negative,0.6656833824975418,0.8690629011553274,0.8874141618868034
negative,0.6647000983284169,0.8688946015424165,0.8874141618868034
negative,0.6637168141592921,0.8687258687258688,0.8874141618868034
negative,0.6627335299901671,0.8685567010309279,0.8874141618868034
negative,0.6627335299901671,0.8696774193548387,0.8874141618868034
negative,0.6617502458210422,0.8695090439276486,0.8874141618868034
negative,0.6607669616519174,0.869340232858991,0.8874141618868034
negative,0.6597836774827925,0.8691709844559585,0.8874141618868034
negative,0.6588003933136677,0.8690012970168612,0.8874141618868034
negative,0.6578171091445427,0.8688311688311688,0.8874141618868034
negative,0.6568338249754179,0.8686605981794538,0.8874141618868034
negative,0.6568338249754179,0.8697916666666666,0.8874141618868034
negative,0.655850540806293,0.8696219035202086,0.8874141618868034
negative,0.6548672566371682,0.8694516971279374,0.8874141618868034
negative,0.6538839724680433,0.869281045751634,0.8874141618868034
negative,0.6529006882989183,0.8691099476439791,0.8874141618868034
negative,0.6519174041297935,0.8689384010484927,0.8874141618868034
negative,0.6509341199606686,0.868766404199475,0.8874141618868034
negative,0.6499508357915438,0.8685939553219448,0.8874141618868034
negative,0.6489675516224189,0.868421052631579,0.8874141618868034
negative,0.647984267453294,0.8682476943346509,0.8874141618868034
negative,0.647984267453294,0.8693931398416886,0.8874141618868034
negative,0.647984267453294,0.8705416116248349,0.8874141618868034
negative,0.647984267453294,0.8716931216931217,0.8874141618868034
negative,0.647984267453294,0.8728476821192053,0.8874141618868034
negative,0.647984267453294,0.8740053050397878,0.8874141618868034
negative,0.6470009832841691,0.8738379814077025,0.8874141618868034
negative,0.6460176991150443,0.8736702127659575,0.8874141618868034
negative,0.6450344149459194,0.8735019973368842,0.8874141618868034
negative,0.6450344149459194,0.8746666666666667,0.8874141618868034
negative,0.6440511307767945,0.8744993324432577,0.8874141618868034
negative,0.6430678466076696,0.8743315508021391,0.8874141618868034
negative,0.6430678466076696,0.8755020080321285,0.8874141618868034
negative,0.6430678466076696,0.8766756032171582,0.8874141618868034
negative,0.6430678466076696,0.8778523489932886,0.8874141618868034
negative,0.6420845624385447,0.8776881720430108,0.8874141618868034
negative,0.6411012782694199,0.8775235531628532,0.8874141618868034
negative,0.640117994100295,0.8773584905660378,0.8874141618868034
negative,0.640117994100295,0.8785425101214575,0.8874141618868034
negative,0.640117994100295,0.8797297297297297,0.8874141618868034
negative,0.640117994100295,0.8809201623815968,0.8874141618868034
negative,0.63913470993117,0.8807588075880759,0.8874141618868034
negative,0.63913470993117,0.8819538670284939,0.8874141618868034
negative,0.63913470993117,0.8831521739130435,0.8874141618868034
negative,0.6381514257620452,0.8829931972789116,0.8874141618868034
negative,0.6381514257620452,0.8841961852861036,0.8874141618868034
negative,0.6371681415929203,0.8840381991814461,0.8874141618868034
negative,0.6361848574237955,0.8838797814207651,0.8874141618868034
negative,0.6361848574237955,0.8850889192886456,0.8874141618868034
negative,0.6352015732546706,0.8849315068493151,0.8874141618868034
negative,0.6352015732546706,0.8861454046639232,0.8874141618868034
negative,0.6342182890855457,0.885989010989011,0.8874141618868034
negative,0.6332350049164208,0.8858321870701513,0.8874141618868034
negative,0.632251720747296,0.8856749311294766,0.8874141618868034
negative,0.6312684365781711,0.8855172413793103,0.8874141618868034
negative,0.6302851524090463,0.8853591160220995,0.8874141618868034
negative,0.6293018682399213,0.8852005532503457,0.8874141618868034
negative,0.6293018682399213,0.8864265927977839,0.8874141618868034
negative,0.6283185840707964,0.8862690707350902,0.8874141618868034
negative,0.6283185840707964,0.8875,0.8874141618868034
negative,0.6273352999016716,0.8873435326842837,0.8874141618868034
negative,0.6263520157325467,0.8871866295264624,0.8874141618868034
negative,0.6253687315634219,0.8870292887029289,0.8874141618868034
negative,0.6243854473942969,0.8868715083798883,0.8874141618868034
negative,0.6234021632251721,0.8867132867132868,0.8874141618868034
negative,0.6234021632251721,0.8879551820728291,0.8874141618868034
negative,0.6224188790560472,0.8877980364656382,0.8874141618868034
negative,0.6214355948869223,0.8876404494382022,0.8874141618868034
negative,0.6204523107177975,0.8874824191279888,0.8874141618868034
negative,0.6194690265486725,0.8873239436619719,0.8874141618868034
negative,0.6184857423795477,0.8871650211565585,0.8874141618868034
negative,0.6175024582104228,0.8870056497175142,0.8874141618868034
negative,0.616519174041298,0.8868458274398868,0.8874141618868034
negative,0.615535889872173,0.886685552407932,0.8874141618868034
negative,0.615535889872173,0.8879432624113475,0.8874141618868034
negative,0.6145526057030481,0.8877840909090909,0.8874141618868034
negative,0.6135693215339233,0.887624466571835,0.8874141618868034
negative,0.6125860373647984,0.8874643874643875,0.8874141618868034
negative,0.6116027531956736,0.8873038516405135,0.8874141618868034
negative,0.6106194690265486,0.8871428571428571,0.8874141618868034
negative,0.6106194690265486,0.8884120171673819,0.8874141618868034
negative,0.6096361848574238,0.8882521489971347,0.8874141618868034
negative,0.6086529006882989,0.8880918220946915,0.8874141618868034
negative,0.6076696165191741,0.8879310344827587,0.8874141618868034
negative,0.6066863323500492,0.8877697841726618,0.8874141618868034
negative,0.6066863323500492,0.8890489913544669,0.8874141618868034
negative,0.6057030481809242,0.8888888888888888,0.8874141618868034
negative,0.6057030481809242,0.8901734104046243,0.8874141618868034
negative,0.6057030481809242,0.8914616497829233,0.8874141618868034
negative,0.6057030481809242,0.8927536231884058,0.8874141618868034
negative,0.6047197640117994,0.8925979680696662,0.8874141618868034
negative,0.6037364798426745,0.8924418604651163,0.8874141618868034
negative,0.6027531956735497,0.8922852983988355,0.8874141618868034
negative,0.6017699115044248,0.892128279883382,0.8874141618868034
negative,0.6007866273352999,0.891970802919708,0.8874141618868034
negative,0.6007866273352999,0.8932748538011696,0.8874141618868034
negative,0.599803343166175,0.8931185944363104,0.8874141618868034
negative,0.599803343166175,0.8944281524926686,0.8874141618868034
negative,0.5988200589970502,0.8942731277533039,0.8874141618868034
negative,0.5978367748279253,0.8941176470588236,0.8874141618868034
negative,0.5968534906588004,0.8939617083946981,0.8874141618868034
negative,0.5958702064896755,0.8938053097345132,0.8874141618868034
negative,0.5948869223205506,0.8936484490398818,0.8874141618868034
negative,0.5948869223205506,0.8949704142011834,0.8874141618868034
negative,0.5939036381514258,0.8948148148148148,0.8874141618868034
negative,0.5939036381514258,0.8961424332344213,0.8874141618868034
negative,0.5929203539823009,0.8959881129271917,0.8874141618868034
negative,0.591937069813176,0.8958333333333334,0.8874141618868034
negative,0.5909537856440511,0.8956780923994039,0.8874141618868034
negative,0.5899705014749262,0.8955223880597015,0.8874141618868034
negative,0.5889872173058014,0.8953662182361734,0.8874141618868034
negative,0.5889872173058014,0.8967065868263473,0.8874141618868034
negative,0.5880039331366765,0.896551724137931,0.8874141618868034
negative,0.5870206489675516,0.8963963963963963,0.8874141618868034
negative,0.5860373647984267,0.8962406015037594,0.8874141618868034
negative,0.5850540806293019,0.8960843373493976,0.8874141618868034
negative,0.584070796460177,0.8959276018099548,0.8874141618868034
negative,0.5830875122910522,0.8957703927492447,0.8874141618868034
negative,0.5830875122910522,0.897125567322239,0.8874141618868034
negative,0.5821042281219272,0.896969696969697,0.8874141618868034
negative,0.5821042281219272,0.8983308042488619,0.8874141618868034
negative,0.5811209439528023,0.898176291793313,0.8874141618868034
negative,0.5811209439528023,0.8995433789954338,0.8874141618868034
negative,0.5801376597836775,0.899390243902439,0.8874141618868034
negative,0.5791543756145526,0.899236641221374,0.8874141618868034
negative,0.5781710914454278,0.8990825688073395,0.8874141618868034
negative,0.5771878072763028,0.8989280245022971,0.8874141618868034
negative,0.576204523107178,0.8987730061349694,0.8874141618868034
negative,0.5752212389380531,0.8986175115207373,0.8874141618868034
negative,0.5742379547689282,0.8984615384615384,0.8874141618868034
negative,0.5742379547689282,0.8998459167950693,0.8874141618868034
negative,0.5742379547689282,0.9012345679012346,0.8874141618868034
negative,0.5732546705998034,0.9010819165378671,0.8874141618868034
negative,0.5722713864306784,0.9009287925696594,0.8874141618868034
negative,0.5712881022615536,0.9007751937984496,0.8874141618868034
negative,0.5703048180924287,0.9006211180124224,0.8874141618868034
negative,0.5693215339233039,0.9004665629860031,0.8874141618868034
negative,0.5683382497541789,0.9003115264797508,0.8874141618868034
negative,0.567354965585054,0.9001560062402496,0.8874141618868034
negative,0.5663716814159292,0.9,0.8874141618868034
negative,0.5653883972468043,0.8998435054773083,0.8874141618868034
negative,0.5644051130776795,0.8996865203761756,0.8874141618868034
negative,0.5634218289085545,0.8995290423861853,0.8874141618868034
negative,0.5624385447394297,0.89937106918239,0.8874141618868034
negative,0.5624385447394297,0.9007874015748032,0.8874141618868034
negative,0.5614552605703048,0.9006309148264984,0.8874141618868034
negative,0.56047197640118,0.9004739336492891,0.8874141618868034
negative,0.5594886922320551,0.9003164556962026,0.8874141618868034
negative,0.5585054080629301,0.9001584786053882,0.8874141618868034
negative,0.5575221238938053,0.9,0.8874141618868034
negative,0.5565388397246804,0.8998410174880763,0.8874141618868034
negative,0.5555555555555556,0.8996815286624203,0.8874141618868034
negative,0.5545722713864307,0.8995215311004785,0.8874141618868034
negative,0.5535889872173058,0.8993610223642172,0.8874141618868034
negative,0.5526057030481809,0.8992,0.8874141618868034
negative,0.551622418879056,0.8990384615384616,0.8874141618868034
negative,0.5506391347099312,0.898876404494382,0.8874141618868034
negative,0.5496558505408063,0.8987138263665595,0.8874141618868034
negative,0.5486725663716814,0.8985507246376812,0.8874141618868034
negative,0.5476892822025565,0.8983870967741936,0.8874141618868034
negative,0.5467059980334317,0.8982229402261712,0.8874141618868034
negative,0.5457227138643068,0.8980582524271845,0.8874141618868034
negative,0.5457227138643068,0.899513776337115,0.8874141618868034
negative,0.5447394296951819,0.8993506493506493,0.8874141618868034
negative,0.543756145526057,0.8991869918699187,0.8874141618868034
negative,0.5427728613569321,0.8990228013029316,0.8874141618868034
negative,0.5417895771878073,0.8988580750407831,0.8874141618868034
negative,0.5408062930186824,0.8986928104575164,0.8874141618868034
negative,0.5398230088495575,0.8985270049099836,0.8874141618868034
negative,0.5388397246804326,0.898360655737705,0.8874141618868034
negative,0.5378564405113078,0.8981937602627258,0.8874141618868034
negative,0.5368731563421829,0.8980263157894737,0.8874141618868034
negative,0.5358898721730581,0.8978583196046128,0.8874141618868034
negative,0.5349065880039331,0.8976897689768977,0.8874141618868034
negative,0.5349065880039331,0.8991735537190083,0.8874141618868034
negative,0.5349065880039331,0.9006622516556292,0.8874141618868034
negative,0.5339233038348082,0.900497512437811,0.8874141618868034
negative,0.5339233038348082,0.9019933554817275,0.8874141618868034
negative,0.5329400196656834,0.9018302828618968,0.8874141618868034
negative,0.5319567354965585,0.9016666666666666,0.8874141618868034
negative,0.5319567354965585,0.9031719532554258,0.8874141618868034
negative,0.5309734513274337,0.903010033444816,0.8874141618868034
negative,0.5309734513274337,0.9045226130653267,0.8874141618868034
negative,0.5309734513274337,0.9060402684563759,0.8874141618868034
negative,0.5299901671583087,0.9058823529411765,0.8874141618868034
negative,0.5290068829891839,0.9057239057239057,0.8874141618868034
negative,0.528023598820059,0.9055649241146712,0.8874141618868034
negative,0.5270403146509341,0.9054054054054054,0.8874141618868034
negative,0.5260570304818093,0.9052453468697124,0.8874141618868034
negative,0.5250737463126843,0.9050847457627119,0.8874141618868034
negative,0.5250737463126843,0.9066213921901528,0.8874141618868034
negative,0.5240904621435595,0.9064625850340136,0.8874141618868034
negative,0.5231071779744346,0.9063032367972743,0.8874141618868034
negative,0.5221238938053098,0.9061433447098977,0.8874141618868034
negative,0.5211406096361848,0.905982905982906,0.8874141618868034
negative,0.52015732546706,0.9058219178082192,0.8874141618868034
negative,0.5191740412979351,0.9056603773584906,0.8874141618868034
negative,0.5181907571288102,0.9054982817869416,0.8874141618868034
negative,0.5172074729596854,0.9053356282271945,0.8874141618868034
negative,0.5162241887905604,0.9051724137931034,0.8874141618868034
negative,0.5152409046214356,0.9050086355785838,0.8874141618868034
negative,0.5142576204523107,0.9048442906574394,0.8874141618868034
negative,0.5132743362831859,0.9046793760831889,0.8874141618868034
negative,0.5132743362831859,0.90625,0.8874141618868034
negative,0.512291052114061,0.9060869565217391,0.8874141618868034
negative,0.511307767944936,0.9059233449477352,0.8874141618868034
negative,0.5103244837758112,0.9057591623036649,0.8874141618868034
negative,0.5093411996066863,0.9055944055944056,0.8874141618868034
negative,0.5093411996066863,0.9071803852889667,0.8874141618868034
negative,0.5083579154375615,0.9070175438596492,0.8874141618868034
negative,0.5073746312684366,0.9068541300527241,0.8874141618868034
negative,0.5063913470993117,0.9066901408450704,0.8874141618868034
negative,0.5054080629301868,0.9065255731922398,0.8874141618868034
negative,0.5054080629301868,0.9081272084805654,0.8874141618868034
negative,0.5054080629301868,0.9097345132743363,0.8874141618868034
negative,0.5054080629301868,0.9113475177304965,0.8874141618868034
negative,0.5054080629301868,0.9129662522202486,0.8874141618868034
negative,0.504424778761062,0.9128113879003559,0.8874141618868034
negative,0.504424778761062,0.9144385026737968,0.8874141618868034
negative,0.5034414945919371,0.9142857142857143,0.8874141618868034
negative,0.5024582104228122,0.9141323792486583,0.8874141618868034
negative,0.5014749262536873,0.9139784946236559,0.8874141618868034
negative,0.5014749262536873,0.9156193895870736,0.8874141618868034
negative,0.5014749262536873,0.9172661870503597,0.8874141618868034
negative,0.5004916420845624,0.9171171171171171,0.8874141618868034
negative,0.4995083579154376,0.9169675090252708,0.8874141618868034
negative,0.4995083579154376,0.918625678119349,0.8874141618868034
negative,0.4995083579154376,0.9202898550724637,0.8874141618868034
negative,0.49852507374631266,0.9201451905626135,0.8874141618868034
negative,0.4975417895771878,0.92,0.8874141618868034
negative,0.49655850540806296,0.9198542805100182,0.8874141618868034
negative,0.49557522123893805,0.9197080291970803,0.8874141618868034
negative,0.4945919370698132,0.9195612431444241,0.8874141618868034
negative,0.4936086529006883,0.9194139194139194,0.8874141618868034
negative,0.49262536873156343,0.9192660550458716,0.8874141618868034
negative,0.4916420845624385,0.9191176470588235,0.8874141618868034
negative,0.4916420845624385,0.9208103130755064,0.8874141618868034
negative,0.4916420845624385,0.922509225092251,0.8874141618868034
negative,0.49065880039331367,0.922365988909427,0.8874141618868034
negative,0.4896755162241888,0.9222222222222223,0.8874141618868034
negative,0.4886922320550639,0.922077922077922,0.8874141618868034
negative,0.48770894788593905,0.9219330855018587,0.8874141618868034
negative,0.48672566371681414,0.9217877094972067,0.8874141618868034
negative,0.4857423795476893,0.9216417910447762,0.8874141618868034
negative,0.48475909537856443,0.9214953271028037,0.8874141618868034
negative,0.4837758112094395,0.9213483146067416,0.8874141618868034
negative,0.48279252704031467,0.9212007504690432,0.8874141618868034
negative,0.48180924287118976,0.9210526315789473,0.8874141618868034
negative,0.4808259587020649,0.9209039548022598,0.8874141618868034
negative,0.47984267453294,0.9207547169811321,0.8874141618868034
negative,0.47885939036381514,0.9206049149338374,0.8874141618868034
negative,0.4778761061946903,0.9204545454545454,0.8874141618868034
negative,0.4768928220255654,0.920303605313093,0.8874141618868034
negative,0.4759095378564405,0.9201520912547528,0.8874141618868034
negative,0.4749262536873156,0.92,0.8874141618868034
negative,0.4749262536873156,0.9217557251908397,0.8874141618868034
negative,0.47394296951819076,0.9216061185468452,0.8874141618868034
negative,0.4729596853490659,0.921455938697318,0.8874141618868034
negative,0.471976401179941,0.9213051823416507,0.8874141618868034
negative,0.47099311701081614,0.9211538461538461,0.8874141618868034
negative,0.47000983284169123,0.9210019267822736,0.8874141618868034
negative,0.4690265486725664,0.9208494208494209,0.8874141618868034
negative,0.46804326450344147,0.9206963249516441,0.8874141618868034
negative,0.4670599803343166,0.9205426356589147,0.8874141618868034
negative,0.46607669616519176,0.920388349514563,0.8874141618868034
negative,0.46607669616519176,0.9221789883268483,0.8874141618868034
negative,0.46509341199606685,0.9220272904483431,0.8874141618868034
negative,0.464110127826942,0.921875,0.8874141618868034
negative,0.464110127826942,0.923679060665362,0.8874141618868034
negative,0.4631268436578171,0.9235294117647059,0.8874141618868034
negative,0.46214355948869223,0.9233791748526523,0.8874141618868034
negative,0.46214355948869223,0.9251968503937008,0.8874141618868034
negative,0.4611602753195674,0.9250493096646942,0.8874141618868034
negative,0.46017699115044247,0.924901185770751,0.8874141618868034
negative,0.4591937069813176,0.9247524752475248,0.8874141618868034
negative,0.4582104228121927,0.9246031746031746,0.8874141618868034
negative,0.45722713864306785,0.9244532803180915,0.8874141618868034
negative,0.45722713864306785,0.9262948207171314,0.8874141618868034
negative,0.45722713864306785,0.9281437125748503,0.8874141618868034
negative,0.45624385447394294,0.928,0.8874141618868034
negative,0.45624385447394294,0.9298597194388778,0.8874141618868034
negative,0.4552605703048181,0.929718875502008,0.8874141618868034
negative,0.4552605703048181,0.93158953722334,0.8874141618868034
negative,0.45427728613569324,0.9314516129032258,0.8874141618868034
negative,0.4532940019665683,0.9313131313131313,0.8874141618868034
negative,0.4523107177974435,0.9311740890688259,0.8874141618868034
negative,0.45132743362831856,0.9310344827586207,0.8874141618868034
negative,0.4503441494591937,0.9308943089430894,0.8874141618868034
negative,0.4503441494591937,0.9327902240325866,0.8874141618868034
negative,0.44936086529006886,0.9326530612244898,0.8874141618868034
negative,0.44936086529006886,0.934560327198364,0.8874141618868034
negative,0.44837758112094395,0.9344262295081968,0.8874141618868034
negative,0.4473942969518191,0.9342915811088296,0.8874141618868034
negative,0.4473942969518191,0.9362139917695473,0.8874141618868034
negative,0.4464110127826942,0.9360824742268041,0.8874141618868034
negative,0.44542772861356933,0.9359504132231405,0.8874141618868034
negative,0.4444444444444444,0.9358178053830227,0.8874141618868034
negative,0.44346116027531957,0.9356846473029046,0.8874141618868034
negative,0.4424778761061947,0.9355509355509356,0.8874141618868034
negative,0.4414945919370698,0.9354166666666667,0.8874141618868034
negative,0.44051130776794495,0.9352818371607515,0.8874141618868034
negative,0.43952802359882004,0.9351464435146444,0.8874141618868034
negative,0.4385447394296952,0.9350104821802935,0.8874141618868034
negative,0.43756145526057033,0.9348739495798319,0.8874141618868034
negative,0.43756145526057033,0.9368421052631579,0.8874141618868034
negative,0.4365781710914454,0.9367088607594937,0.8874141618868034
negative,0.43559488692232057,0.9365750528541226,0.8874141618868034
negative,0.43461160275319566,0.9364406779661016,0.8874141618868034
negative,0.4336283185840708,0.9363057324840764,0.8874141618868034
negative,0.4326450344149459,0.9361702127659575,0.8874141618868034
negative,0.4326450344149459,0.9381663113006397,0.8874141618868034
negative,0.43166175024582104,0.938034188034188,0.8874141618868034
negative,0.4306784660766962,0.9379014989293362,0.8874141618868034
negative,0.4296951819075713,0.9377682403433476,0.8874141618868034
negative,0.4287118977384464,0.9376344086021505,0.8874141618868034
negative,0.4277286135693215,0.9375,0.8874141618868034
negative,0.42674532940019666,0.937365010799136,0.8874141618868034
negative,0.4257620452310718,0.9372294372294372,0.8874141618868034
negative,0.4247787610619469,0.9370932754880694,0.8874141618868034
negative,0.42379547689282204,0.9369565217391305,0.8874141618868034
negative,0.42281219272369713,0.9368191721132898,0.8874141618868034
negative,0.4218289085545723,0.9366812227074236,0.8874141618868034
negative,0.42084562438544737,0.936542669584245,0.8874141618868034
negative,0.4198623402163225,0.9364035087719298,0.8874141618868034
negative,0.41887905604719766,0.9362637362637363,0.8874141618868034
negative,0.41887905604719766,0.9383259911894273,0.8874141618868034
negative,0.41789577187807275,0.9381898454746137,0.8874141618868034
negative,0.4169124877089479,0.9380530973451328,0.8874141618868034
negative,0.415929203539823,0.9379157427937915,0.8874141618868034
negative,0.41494591937069814,0.9377777777777778,0.8874141618868034
negative,0.41494591937069814,0.9398663697104677,0.8874141618868034
negative,0.41494591937069814,0.9419642857142857,0.8874141618868034
negative,0.4139626352015733,0.941834451901566,0.8874141618868034
negative,0.41297935103244837,0.9417040358744395,0.8874141618868034
negative,0.4119960668633235,0.9415730337078652,0.8874141618868034
negative,0.4110127826941986,0.9414414414414415,0.8874141618868034
negative,0.41002949852507375,0.9413092550790068,0.8874141618868034
negative,0.40904621435594885,0.9411764705882353,0.8874141618868034
negative,0.408062930186824,0.9410430839002267,0.8874141618868034
negative,0.40707964601769914,0.9409090909090909,0.8874141618868034
negative,0.4060963618485742,0.9407744874715261,0.8874141618868034
negative,0.4051130776794494,0.9406392694063926,0.8874141618868034
negative,0.4051130776794494,0.9427917620137299,0.8874141618868034
negative,0.40412979351032446,0.9426605504587156,0.8874141618868034
negative,0.4031465093411996,0.9425287356321839,0.8874141618868034
negative,0.40216322517207476,0.9423963133640553,0.8874141618868034
negative,0.40117994100294985,0.9422632794457275,0.8874141618868034
negative,0.400196656833825,0.9421296296296297,0.8874141618868034
negative,0.3992133726647001,0.9419953596287703,0.8874141618868034
negative,0.39823008849557523,0.9418604651162791,0.8874141618868034
negative,0.3972468043264503,0.9417249417249417,0.8874141618868034
negative,0.39626352015732547,0.9415887850467289,0.8874141618868034
negative,0.3952802359882006,0.9414519906323185,0.8874141618868034
negative,0.3952802359882006,0.9436619718309859,0.8874141618868034
negative,0.3942969518190757,0.9435294117647058,0.8874141618868034
negative,0.39331366764995085,0.9433962264150944,0.8874141618868034
negative,0.39233038348082594,0.9432624113475178,0.8874141618868034
negative,0.3913470993117011,0.943127962085308,0.8874141618868034
negative,0.39036381514257623,0.9429928741092637,0.8874141618868034
negative,0.3893805309734513,0.9428571428571428,0.8874141618868034
negative,0.38839724680432647,0.9427207637231504,0.8874141618868034
negative,0.38741396263520156,0.9425837320574163,0.8874141618868034
negative,0.3864306784660767,0.9424460431654677,0.8874141618868034
negative,0.3854473942969518,0.9423076923076923,0.8874141618868034
negative,0.38446411012782694,0.9421686746987952,0.8874141618868034
negative,0.3834808259587021,0.9420289855072463,0.8874141618868034
negative,0.3824975417895772,0.9418886198547215,0.8874141618868034
negative,0.3824975417895772,0.9441747572815534,0.8874141618868034
negative,0.3815142576204523,0.9440389294403893,0.8874141618868034
negative,0.3805309734513274,0.9439024390243902,0.8874141618868034
negative,0.37954768928220256,0.9437652811735942,0.8874141618868034
negative,0.3785644051130777,0.9436274509803921,0.8874141618868034
negative,0.3775811209439528,0.9434889434889435,0.8874141618868034
negative,0.37659783677482794,0.9433497536945813,0.8874141618868034
negative,0.37561455260570303,0.9432098765432099,0.8874141618868034
negative,0.3746312684365782,0.943069306930693,0.8874141618868034
negative,0.37364798426745327,0.9429280397022333,0.8874141618868034
negative,0.37364798426745327,0.945273631840796,0.8874141618868034
negative,0.3726647000983284,0.9451371571072319,0.8874141618868034
negative,0.37168141592920356,0.945,0.8874141618868034
negative,0.37069813176007865,0.9448621553884712,0.8874141618868034
negative,0.3697148475909538,0.9447236180904522,0.8874141618868034
negative,0.3687315634218289,0.9445843828715366,0.8874141618868034
negative,0.36774827925270404,0.9444444444444444,0.8874141618868034
negative,0.3667649950835792,0.9443037974683545,0.8874141618868034
negative,0.36578171091445427,0.9441624365482234,0.8874141618868034
negative,0.3647984267453294,0.9440203562340967,0.8874141618868034
negative,0.3638151425762045,0.9438775510204082,0.8874141618868034
negative,0.36283185840707965,0.9437340153452686,0.8874141618868034
negative,0.36184857423795475,0.9435897435897436,0.8874141618868034
negative,0.3608652900688299,0.9434447300771208,0.8874141618868034
negative,0.35988200589970504,0.9432989690721649,0.8874141618868034
negative,0.35889872173058013,0.9431524547803618,0.8874141618868034
negative,0.3579154375614553,0.9430051813471503,0.8874141618868034
negative,0.35693215339233036,0.9428571428571428,0.8874141618868034
negative,0.3559488692232055,0.9427083333333334,0.8874141618868034
negative,0.35496558505408066,0.9425587467362925,0.8874141618868034
negative,0.35398230088495575,0.9424083769633508,0.8874141618868034
negative,0.3529990167158309,0.9422572178477691,0.8874141618868034
negative,0.352015732546706,0.9421052631578948,0.8874141618868034
negative,0.35103244837758113,0.941952506596306,0.8874141618868034
negative,0.3500491642084562,0.9417989417989417,0.8874141618868034
negative,0.34906588003933137,0.9416445623342176,0.8874141618868034
negative,0.3480825958702065,0.9414893617021277,0.8874141618868034
negative,0.3470993117010816,0.9413333333333334,0.8874141618868034
negative,0.34611602753195675,0.9411764705882353,0.8874141618868034
negative,0.34513274336283184,0.9410187667560321,0.8874141618868034
negative,0.344149459193707,0.9408602150537635,0.8874141618868034
negative,0.34316617502458213,0.9407008086253369,0.8874141618868034
negative,0.34316617502458213,0.9432432432432433,0.8874141618868034
negative,0.3421828908554572,0.943089430894309,0.8874141618868034
negative,0.34119960668633237,0.9429347826086957,0.8874141618868034
negative,0.34021632251720746,0.9427792915531336,0.8874141618868034
negative,0.3392330383480826,0.9426229508196722,0.8874141618868034
negative,0.3382497541789577,0.9424657534246575,0.8874141618868034
negative,0.33726647000983284,0.9423076923076923,0.8874141618868034
negative,0.336283185840708,0.9421487603305785,0.8874141618868034
negative,0.3352999016715831,0.9419889502762431,0.8874141618868034
negative,0.3352999016715831,0.9445983379501385,0.8874141618868034
negative,0.3343166175024582,0.9444444444444444,0.8874141618868034
negative,0.3333333333333333,0.9442896935933147,0.8874141618868034
negative,0.33235004916420846,0.9441340782122905,0.8874141618868034
negative,0.33136676499508355,0.9439775910364145,0.8874141618868034
negative,0.3303834808259587,0.9438202247191011,0.8874141618868034
negative,0.32940019665683384,0.9436619718309859,0.8874141618868034
negative,0.32841691248770893,0.943502824858757,0.8874141618868034
negative,0.3274336283185841,0.943342776203966,0.8874141618868034
negative,0.32645034414945917,0.9431818181818182,0.8874141618868034
negative,0.32645034414945917,0.9458689458689459,0.8874141618868034
negative,0.3254670599803343,0.9457142857142857,0.8874141618868034
negative,0.32448377581120946,0.9455587392550143,0.8874141618868034
negative,0.32350049164208455,0.9454022988505747,0.8874141618868034
negative,0.3225172074729597,0.9452449567723343,0.8874141618868034
negative,0.3215339233038348,0.9450867052023122,0.8874141618868034
negative,0.32055063913470994,0.9449275362318841,0.8874141618868034
negative,0.32055063913470994,0.9476744186046512,0.8874141618868034
negative,0.319567354965585,0.9475218658892128,0.8874141618868034
negative,0.3185840707964602,0.9473684210526315,0.8874141618868034
negative,0.3176007866273353,0.9472140762463344,0.8874141618868034
negative,0.3166175024582104,0.9470588235294117,0.8874141618868034
negative,0.31563421828908556,0.9469026548672567,0.8874141618868034
negative,0.31465093411996065,0.9467455621301775,0.8874141618868034
negative,0.3136676499508358,0.9465875370919882,0.8874141618868034
negative,0.31268436578171094,0.9464285714285714,0.8874141618868034
negative,0.31170108161258603,0.9462686567164179,0.8874141618868034
negative,0.3107177974434612,0.9461077844311377,0.8874141618868034
negative,0.30973451327433627,0.9459459459459459,0.8874141618868034
negative,0.3087512291052114,0.9457831325301205,0.8874141618868034
negative,0.3087512291052114,0.9486404833836858,0.8874141618868034
negative,0.3077679449360865,0.9484848484848485,0.8874141618868034
negative,0.30678466076696165,0.9483282674772037,0.8874141618868034
negative,0.3058013765978368,0.948170731707317,0.8874141618868034
negative,0.3048180924287119,0.9480122324159022,0.8874141618868034
negative,0.30383480825958703,0.9478527607361963,0.8874141618868034
negative,0.3028515240904621,0.9476923076923077,0.8874141618868034
negative,0.30186823992133727,0.9475308641975309,0.8874141618868034
negative,0.3008849557522124,0.9473684210526315,0.8874141618868034
negative,0.2999016715830875,0.9472049689440993,0.8874141618868034
negative,0.29891838741396265,0.9470404984423676,0.8874141618868034
negative,0.29793510324483774,0.946875,0.8874141618868034
negative,0.2969518190757129,0.9467084639498433,0.8874141618868034
negative,0.295968534906588,0.9465408805031447,0.8874141618868034
negative,0.2949852507374631,0.9463722397476341,0.8874141618868034
negative,0.29400196656833827,0.9462025316455697,0.8874141618868034
negative,0.29301868239921336,0.946031746031746,0.8874141618868034
negative,0.2920353982300885,0.945859872611465,0.8874141618868034
negative,0.2910521140609636,0.9456869009584664,0.8874141618868034
negative,0.29006882989183874,0.9455128205128205,0.8874141618868034
negative,0.2890855457227139,0.9453376205787781,0.8874141618868034
negative,0.288102261553589,0.9451612903225807,0.8874141618868034
negative,0.2871189773844641,0.9449838187702265,0.8874141618868034
negative,0.2861356932153392,0.9448051948051948,0.8874141618868034
negative,0.28515240904621436,0.9446254071661238,0.8874141618868034
negative,0.28416912487708945,0.9444444444444444,0.8874141618868034
negative,0.2831858407079646,0.9442622950819672,0.8874141618868034
negative,0.28220255653883974,0.944078947368421,0.8874141618868034
negative,0.28121927236971483,0.9438943894389439,0.8874141618868034
negative,0.28023598820059,0.9437086092715232,0.8874141618868034
negative,0.28023598820059,0.946843853820598,0.8874141618868034
negative,0.27925270403146507,0.9466666666666667,0.8874141618868034
negative,0.2782694198623402,0.9464882943143813,0.8874141618868034
negative,0.2782694198623402,0.9496644295302014,0.8874141618868034
negative,0.27728613569321536,0.9494949494949495,0.8874141618868034
negative,0.27630285152409045,0.9493243243243243,0.8874141618868034
negative,0.2753195673549656,0.9491525423728814,0.8874141618868034
negative,0.2743362831858407,0.9489795918367347,0.8874141618868034
negative,0.27335299901671584,0.9488054607508533,0.8874141618868034
negative,0.2723697148475909,0.9486301369863014,0.8874141618868034
negative,0.2723697148475909,0.9518900343642611,0.8874141618868034
negative,0.2723697148475909,0.9551724137931035,0.8874141618868034
negative,0.2713864306784661,0.9550173010380623,0.8874141618868034
negative,0.2704031465093412,0.9548611111111112,0.8874141618868034
negative,0.2694198623402163,0.9547038327526133,0.8874141618868034
negative,0.26843657817109146,0.9545454545454546,0.8874141618868034
negative,0.26745329400196655,0.9543859649122807,0.8874141618868034
negative,0.2664700098328417,0.954225352112676,0.8874141618868034
negative,0.26548672566371684,0.9540636042402827,0.8874141618868034
negative,0.26450344149459193,0.9539007092198581,0.8874141618868034
negative,0.2635201573254671,0.9537366548042705,0.8874141618868034
negative,0.26253687315634217,0.9535714285714286,0.8874141618868034
negative,0.2615535889872173,0.953405017921147,0.8874141618868034
negative,0.2605703048180924,0.9532374100719424,0.8874141618868034
negative,0.25958702064896755,0.9530685920577617,0.8874141618868034
negative,0.2586037364798427,0.9528985507246377,0.8874141618868034
negative,0.2586037364798427,0.9563636363636364,0.8874141618868034
negative,0.2576204523107178,0.9562043795620438,0.8874141618868034
negative,0.2576204523107178,0.9597069597069597,0.8874141618868034
negative,0.25663716814159293,0.9595588235294118,0.8874141618868034
negative,0.255653883972468,0.959409594095941,0.8874141618868034
negative,0.25467059980334317,0.9592592592592593,0.8874141618868034
negative,0.2536873156342183,0.9591078066914498,0.8874141618868034
negative,0.2527040314650934,0.9589552238805971,0.8874141618868034
negative,0.25172074729596855,0.9588014981273408,0.8874141618868034
negative,0.25172074729596855,0.9624060150375939,0.8874141618868034
negative,0.25073746312684364,0.9622641509433962,0.8874141618868034
negative,0.2497541789577188,0.9621212121212122,0.8874141618868034
negative,0.2487708947885939,0.9619771863117871,0.8874141618868034
negative,0.24778761061946902,0.9618320610687023,0.8874141618868034
negative,0.24680432645034414,0.9616858237547893,0.8874141618868034
negative,0.24582104228121926,0.9615384615384616,0.8874141618868034
negative,0.2448377581120944,0.9613899613899614,0.8874141618868034
negative,0.24385447394296952,0.9612403100775194,0.8874141618868034
negative,0.24287118977384464,0.9610894941634242,0.8874141618868034
negative,0.24188790560471976,0.9609375,0.8874141618868034
negative,0.24090462143559488,0.9607843137254902,0.8874141618868034
negative,0.23992133726647,0.9606299212598425,0.8874141618868034
negative,0.23893805309734514,0.9604743083003953,0.8874141618868034
negative,0.23795476892822026,0.9603174603174603,0.8874141618868034
negative,0.23697148475909538,0.9601593625498008,0.8874141618868034
negative,0.23697148475909538,0.964,0.8874141618868034
negative,0.2359882005899705,0.963855421686747,0.8874141618868034
negative,0.23500491642084562,0.9637096774193549,0.8874141618868034
negative,0.23402163225172073,0.9635627530364372,0.8874141618868034
negative,0.23303834808259588,0.9634146341463414,0.8874141618868034
negative,0.232055063913471,0.963265306122449,0.8874141618868034
negative,0.23107177974434612,0.9631147540983607,0.8874141618868034
negative,0.23008849557522124,0.9629629629629629,0.8874141618868034
negative,0.22910521140609635,0.9628099173553719,0.8874141618868034
negative,0.22812192723697147,0.9626556016597511,0.8874141618868034
negative,0.22713864306784662,0.9625,0.8874141618868034
negative,0.22615535889872174,0.9623430962343096,0.8874141618868034
negative,0.22517207472959685,0.9621848739495799,0.8874141618868034
negative,0.22418879056047197,0.9620253164556962,0.8874141618868034
negative,0.2232055063913471,0.961864406779661,0.8874141618868034
negative,0.2222222222222222,0.9617021276595744,0.8874141618868034
negative,0.22123893805309736,0.9615384615384616,0.8874141618868034
negative,0.22025565388397247,0.9613733905579399,0.8874141618868034
negative,0.2192723697148476,0.9612068965517241,0.8874141618868034
negative,0.2182890855457227,0.961038961038961,0.8874141618868034
negative,0.21730580137659783,0.9608695652173913,0.8874141618868034
negative,0.21632251720747295,0.9606986899563319,0.8874141618868034
negative,0.2153392330383481,0.9605263157894737,0.8874141618868034
negative,0.2143559488692232,0.960352422907489,0.8874141618868034
negative,0.21337266470009833,0.9601769911504425,0.8874141618868034
negative,0.21238938053097345,0.96,0.8874141618868034
negative,0.21140609636184857,0.9598214285714286,0.8874141618868034
negative,0.21042281219272368,0.9596412556053812,0.8874141618868034
negative,0.20943952802359883,0.9594594594594594,0.8874141618868034
negative,0.20845624385447395,0.9592760180995475,0.8874141618868034
negative,0.20747295968534907,0.9590909090909091,0.8874141618868034
negative,0.20648967551622419,0.958904109589041,0.8874141618868034
negative,0.2055063913470993,0.9587155963302753,0.8874141618868034
negative,0.2055063913470993,0.9631336405529954,0.8874141618868034
negative,0.20452310717797442,0.9629629629629629,0.8874141618868034
negative,0.20353982300884957,0.9627906976744186,0.8874141618868034
negative,0.2025565388397247,0.9626168224299065,0.8874141618868034
negative,0.2015732546705998,0.9624413145539906,0.8874141618868034
negative,0.20058997050147492,0.9622641509433962,0.8874141618868034
negative,0.19960668633235004,0.9620853080568721,0.8874141618868034
negative,0.19862340216322516,0.9619047619047619,0.8874141618868034
negative,0.1976401179941003,0.9617224880382775,0.8874141618868034
negative,0.19665683382497542,0.9615384615384616,0.8874141618868034
negative,0.19567354965585054,0.961352657004831,0.8874141618868034
negative,0.19469026548672566,0.9611650485436893,0.8874141618868034
negative,0.19370698131760078,0.9609756097560975,0.8874141618868034
negative,0.1927236971484759,0.9607843137254902,0.8874141618868034
negative,0.19174041297935104,0.9605911330049262,0.8874141618868034
negative,0.19075712881022616,0.9603960396039604,0.8874141618868034
negative,0.18977384464110128,0.9601990049751243,0.8874141618868034
negative,0.1887905604719764,0.96,0.8874141618868034
negative,0.18780727630285152,0.9597989949748744,0.8874141618868034
negative,0.18682399213372664,0.9595959595959596,0.8874141618868034
negative,0.18584070796460178,0.9593908629441624,0.8874141618868034
negative,0.1848574237954769,0.9591836734693877,0.8874141618868034
negative,0.18387413962635202,0.958974358974359,0.8874141618868034
negative,0.18387413962635202,0.9639175257731959,0.8874141618868034
negative,0.18289085545722714,0.9637305699481865,0.8874141618868034
negative,0.18190757128810225,0.9635416666666666,0.8874141618868034
negative,0.18092428711897737,0.9633507853403142,0.8874141618868034
negative,0.17994100294985252,0.9631578947368421,0.8874141618868034
negative,0.17895771878072764,0.9629629629629629,0.8874141618868034
negative,0.17797443461160276,0.9627659574468085,0.8874141618868034
negative,0.17699115044247787,0.9625668449197861,0.8874141618868034
negative,0.176007866273353,0.9623655913978495,0.8874141618868034
negative,0.1750245821042281,0.9621621621621622,0.8874141618868034
negative,0.17404129793510326,0.9619565217391305,0.8874141618868034
negative,0.17305801376597837,0.9617486338797814,0.8874141618868034
negative,0.1720747295968535,0.9615384615384616,0.8874141618868034
negative,0.1710914454277286,0.9613259668508287,0.8874141618868034
negative,0.17010816125860373,0.9611111111111111,0.8874141618868034
negative,0.16912487708947885,0.9608938547486033,0.8874141618868034
negative,0.168141592920354,0.9606741573033708,0.8874141618868034
negative,0.1671583087512291,0.96045197740113,0.8874141618868034
negative,0.16617502458210423,0.9602272727272727,0.8874141618868034
negative,0.16519174041297935,0.96,0.8874141618868034
negative,0.16420845624385447,0.9597701149425287,0.8874141618868034
negative,0.16322517207472959,0.9595375722543352,0.8874141618868034
negative,0.16224188790560473,0.9593023255813954,0.8874141618868034
negative,0.16125860373647985,0.9590643274853801,0.8874141618868034
negative,0.16027531956735497,0.9588235294117647,0.8874141618868034
negative,0.16027531956735497,0.9644970414201184,0.8874141618868034
negative,0.1592920353982301,0.9642857142857143,0.8874141618868034
negative,0.1583087512291052,0.9640718562874252,0.8874141618868034
negative,0.15732546705998032,0.963855421686747,0.8874141618868034
negative,0.15634218289085547,0.9636363636363636,0.8874141618868034
negative,0.1553588987217306,0.9634146341463414,0.8874141618868034
negative,0.1543756145526057,0.9631901840490797,0.8874141618868034
negative,0.15339233038348082,0.9629629629629629,0.8874141618868034
negative,0.15240904621435594,0.9627329192546584,0.8874141618868034
negative,0.15142576204523106,0.9625,0.8874141618868034
negative,0.1504424778761062,0.9622641509433962,0.8874141618868034
negative,0.14945919370698132,0.9620253164556962,0.8874141618868034
negative,0.14847590953785644,0.9617834394904459,0.8874141618868034
negative,0.14749262536873156,0.9615384615384616,0.8874141618868034
negative,0.14650934119960668,0.9612903225806452,0.8874141618868034
negative,0.1455260570304818,0.961038961038961,0.8874141618868034
negative,0.14454277286135694,0.9607843137254902,0.8874141618868034
negative,0.14355948869223206,0.9605263157894737,0.8874141618868034
negative,0.14257620452310718,0.9602649006622517,0.8874141618868034
negative,0.1415929203539823,0.96,0.8874141618868034
negative,0.14060963618485742,0.959731543624161,0.8874141618868034
negative,0.13962635201573254,0.9594594594594594,0.8874141618868034
negative,0.13864306784660768,0.9591836734693877,0.8874141618868034
negative,0.1376597836774828,0.958904109589041,0.8874141618868034
negative,0.13667649950835792,0.9586206896551724,0.8874141618868034
negative,0.13667649950835792,0.9652777777777778,0.8874141618868034
negative,0.13569321533923304,0.965034965034965,0.8874141618868034
negative,0.13470993117010815,0.9647887323943662,0.8874141618868034
negative,0.13372664700098327,0.9645390070921985,0.8874141618868034
negative,0.13274336283185842,0.9642857142857143,0.8874141618868034
negative,0.13176007866273354,0.9640287769784173,0.8874141618868034
negative,0.13077679449360866,0.9637681159420289,0.8874141618868034
negative,0.12979351032448377,0.9635036496350365,0.8874141618868034
negative,0.1288102261553589,0.9632352941176471,0.8874141618868034
negative,0.127826941986234,0.9629629629629629,0.8874141618868034
negative,0.12684365781710916,0.9626865671641791,0.8874141618868034
negative,0.12586037364798427,0.9624060150375939,0.8874141618868034
negative,0.1248770894788594,0.9621212121212122,0.8874141618868034
negative,0.12389380530973451,0.9618320610687023,0.8874141618868034
negative,0.12291052114060963,0.9615384615384616,0.8874141618868034
negative,0.12192723697148476,0.9612403100775194,0.8874141618868034
negative,0.12094395280235988,0.9609375,0.8874141618868034
negative,0.119960668633235,0.9606299212598425,0.8874141618868034
negative,0.11897738446411013,0.9603174603174603,0.8874141618868034
negative,0.11799410029498525,0.96,0.8874141618868034
negative,0.11701081612586037,0.9596774193548387,0.8874141618868034
negative,0.1160275319567355,0.959349593495935,0.8874141618868034
negative,0.1160275319567355,0.9672131147540983,0.8874141618868034
negative,0.11504424778761062,0.9669421487603306,0.8874141618868034
negative,0.11406096361848574,0.9666666666666667,0.8874141618868034
negative,0.11307767944936087,0.9663865546218487,0.8874141618868034
negative,0.11209439528023599,0.9661016949152542,0.8874141618868034
negative,0.1111111111111111,0.9658119658119658,0.8874141618868034
negative,0.11012782694198624,0.9655172413793104,0.8874141618868034
negative,0.10914454277286136,0.9652173913043478,0.8874141618868034
negative,0.10816125860373647,0.9649122807017544,0.8874141618868034
negative,0.1071779744346116,0.9646017699115044,0.8874141618868034
negative,0.10619469026548672,0.9642857142857143,0.8874141618868034
negative,0.10521140609636184,0.963963963963964,0.8874141618868034
negative,0.10422812192723697,0.9636363636363636,0.8874141618868034
negative,0.10324483775811209,0.963302752293578,0.8874141618868034
negative,0.10226155358898721,0.9629629629629629,0.8874141618868034
negative,0.10127826941986234,0.9626168224299065,0.8874141618868034
negative,0.10029498525073746,0.9622641509433962,0.8874141618868034
negative,0.09931170108161258,0.9619047619047619,0.8874141618868034
negative,0.09832841691248771,0.9615384615384616,0.8874141618868034
negative,0.09734513274336283,0.9611650485436893,0.8874141618868034
negative,0.09636184857423795,0.9607843137254902,0.8874141618868034
negative,0.09537856440511308,0.9603960396039604,0.8874141618868034
negative,0.0943952802359882,0.96,0.8874141618868034
negative,0.09341199606686332,0.9595959595959596,0.8874141618868034
negative,0.09242871189773845,0.9591836734693877,0.8874141618868034
negative,0.09144542772861357,0.9587628865979382,0.8874141618868034
negative,0.09144542772861357,0.96875,0.8874141618868034
negative,0.09046214355948869,0.968421052631579,0.8874141618868034
negative,0.08947885939036382,0.9680851063829787,0.8874141618868034
negative,0.08849557522123894,0.967741935483871,0.8874141618868034
negative,0.08751229105211406,0.967391304347826,0.8874141618868034
negative,0.08652900688298919,0.967032967032967,0.8874141618868034
negative,0.0855457227138643,0.9666666666666667,0.8874141618868034
negative,0.08456243854473942,0.9662921348314607,0.8874141618868034
negative,0.08357915437561456,0.9659090909090909,0.8874141618868034
negative,0.08259587020648967,0.9655172413793104,0.8874141618868034
negative,0.08161258603736479,0.9651162790697675,0.8874141618868034
negative,0.08062930186823992,0.9647058823529412,0.8874141618868034
negative,0.07964601769911504,0.9642857142857143,0.8874141618868034
negative,0.07866273352999016,0.963855421686747,0.8874141618868034
negative,0.0776794493608653,0.9634146341463414,0.8874141618868034
negative,0.07669616519174041,0.9629629629629629,0.8874141618868034
negative,0.07571288102261553,0.9625,0.8874141618868034
negative,0.07472959685349066,0.9620253164556962,0.8874141618868034
negative,0.07374631268436578,0.9615384615384616,0.8874141618868034
negative,0.07374631268436578,0.974025974025974,0.8874141618868034
negative,0.0727630285152409,0.9736842105263158,0.8874141618868034
negative,0.07177974434611603,0.9733333333333334,0.8874141618868034
negative,0.07079646017699115,0.972972972972973,0.8874141618868034
negative,0.06981317600786627,0.9726027397260274,0.8874141618868034
negative,0.06981317600786627,0.9861111111111112,0.8874141618868034
negative,0.0688298918387414,0.9859154929577465,0.8874141618868034
negative,0.06784660766961652,0.9857142857142858,0.8874141618868034
negative,0.06686332350049164,0.9855072463768116,0.8874141618868034
negative,0.06588003933136677,0.9852941176470589,0.8874141618868034
negative,0.06489675516224189,0.9850746268656716,0.8874141618868034
negative,0.063913470993117,0.9848484848484849,0.8874141618868034
negative,0.06293018682399214,0.9846153846153847,0.8874141618868034
negative,0.061946902654867256,0.984375,0.8874141618868034
negative,0.06096361848574238,0.9841269841269841,0.8874141618868034
negative,0.0599803343166175,0.9838709677419355,0.8874141618868034
negative,0.058997050147492625,0.9836065573770492,0.8874141618868034
negative,0.05801376597836775,0.9833333333333333,0.8874141618868034
negative,0.05703048180924287,0.9830508474576272,0.8874141618868034
negative,0.05604719764011799,0.9827586206896551,0.8874141618868034
negative,0.05506391347099312,0.9824561403508771,0.8874141618868034
negative,0.05408062930186824,0.9821428571428571,0.8874141618868034
negative,0.05309734513274336,0.9818181818181818,0.8874141618868034
negative,0.05211406096361849,0.9814814814814815,0.8874141618868034
negative,0.051130776794493606,0.9811320754716981,0.8874141618868034
negative,0.05014749262536873,0.9807692307692307,0.8874141618868034
negative,0.049164208456243856,0.9803921568627451,0.8874141618868034
negative,0.048180924287118974,0.98,0.8874141618868034
negative,0.0471976401179941,0.9795918367346939,0.8874141618868034
negative,0.046214355948869225,0.9791666666666666,0.8874141618868034
negative,0.04523107177974434,0.9787234042553191,0.8874141618868034
negative,0.04424778761061947,0.9782608695652174,0.8874141618868034
negative,0.043264503441494594,0.9777777777777777,0.8874141618868034
negative,0.04228121927236971,0.9772727272727273,0.8874141618868034
negative,0.04129793510324484,0.9767441860465116,0.8874141618868034
negative,0.04031465093411996,0.9761904761904762,0.8874141618868034
negative,0.03933136676499508,0.975609756097561,0.8874141618868034
negative,0.038348082595870206,0.975,0.8874141618868034
negative,0.03736479842674533,0.9743589743589743,0.8874141618868034
negative,0.03638151425762045,0.9736842105263158,0.8874141618868034
negative,0.035398230088495575,0.972972972972973,0.8874141618868034
negative,0.0344149459193707,0.9722222222222222,0.8874141618868034
negative,0.03343166175024582,0.9714285714285714,0.8874141618868034
negative,0.032448377581120944,0.9705882352941176,0.8874141618868034
negative,0.03146509341199607,0.9696969696969697,0.8874141618868034
negative,0.03048180924287119,0.96875,0.8874141618868034
negative,0.029498525073746312,0.967741935483871,0.8874141618868034
negative,0.028515240904621434,0.9666666666666667,0.8874141618868034
negative,0.02753195673549656,0.9655172413793104,0.8874141618868034
negative,0.02654867256637168,0.9642857142857143,0.8874141618868034
negative,0.025565388397246803,0.9629629629629629,0.8874141618868034
negative,0.024582104228121928,0.9615384615384616,0.8874141618868034
negative,0.02359882005899705,0.96,0.8874141618868034
negative,0.02261553588987217,0.9583333333333334,0.8874141618868034
negative,0.021632251720747297,0.9565217391304348,0.8874141618868034
negative,0.02064896755162242,0.9545454545454546,0.8874141618868034
negative,0.01966568338249754,0.9523809523809523,0.8874141618868034
negative,0.018682399213372666,0.95,0.8874141618868034
negative,0.017699115044247787,0.9473684210526315,0.8874141618868034
negative,0.01671583087512291,0.9444444444444444,0.8874141618868034
negative,0.015732546705998034,0.9411764705882353,0.8874141618868034
negative,0.014749262536873156,0.9375,0.8874141618868034
negative,0.01376597836774828,0.9333333333333333,0.8874141618868034
negative,0.012782694198623401,0.9285714285714286,0.8874141618868034
negative,0.011799410029498525,0.9230769230769231,0.8874141618868034
negative,0.010816125860373648,0.9166666666666666,0.8874141618868034
negative,0.00983284169124877,0.9090909090909091,0.8874141618868034
negative,0.008849557522123894,0.9,0.8874141618868034
negative,0.007866273352999017,0.8888888888888888,0.8874141618868034
negative,0.00688298918387414,0.875,0.8874141618868034
negative,0.0058997050147492625,0.8571428571428571,0.8874141618868034
negative,0.004916420845624385,0.8333333333333334,0.8874141618868034
negative,0.003933136676499509,0.8,0.8874141618868034
negative,0.0029498525073746312,0.75,0.8874141618868034
negative,0.0019665683382497543,0.6666666666666666,0.8874141618868034
negative,0.0009832841691248771,0.5,0.8874141618868034
negative,0.0,0.0,0.8874141618868034
negative,0.0,1.0,0.8874141618868034
neutral,1.0,0.14640698455339154,0.49563221120564316
neutral,1.0,0.14650537634408603,0.49563221120564316
neutral,1.0,0.14660390047074648,0.49563221120564316
neutral,1.0,0.14670255720053835,0.49563221120564316
neutral,1.0,0.1468013468013468,0.49563221120564316
neutral,1.0,0.14690026954177898,0.49563221120564316
neutral,1.0,0.14699932569116655,0.49563221120564316
neutral,1.0,0.14709851551956815,0.49563221120564316
neutral,1.0,0.14719783929777178,0.49563221120564316
neutral,1.0,0.1472972972972973,0.49563221120564316
neutral,1.0,0.14739688979039892,0.49563221120564316
neutral,1.0,0.14749661705006767,0.49563221120564316
neutral,1.0,0.14759647935003387,0.49563221120564316
neutral,1.0,0.14769647696476965,0.49563221120564316
neutral,1.0,0.14779661016949153,0.49563221120564316
neutral,1.0,0.14789687924016282,0.49563221120564316
neutral,1.0,0.14799728445349628,0.49563221120564316
neutral,1.0,0.1480978260869565,0.49563221120564316
neutral,1.0,0.14819850441876276,0.49563221120564316
neutral,1.0,0.14829931972789115,0.49563221120564316
neutral,1.0,0.1484002722940776,0.49563221120564316
neutral,1.0,0.14850136239782016,0.49563221120564316
neutral,1.0,0.14860259032038173,0.49563221120564316
neutral,1.0,0.14870395634379263,0.49563221120564316
neutral,1.0,0.14880546075085324,0.49563221120564316
neutral,1.0,0.1489071038251366,0.49563221120564316
neutral,1.0,0.14900888585099112,0.49563221120564316
neutral,1.0,0.1491108071135431,0.49563221120564316
neutral,1.0,0.14921286789869953,0.49563221120564316
neutral,1.0,0.14931506849315068,0.49563221120564316
neutral,1.0,0.14941740918437285,0.49563221120564316
neutral,1.0,0.149519890260631,0.49563221120564316
neutral,1.0,0.14962251201098148,0.49563221120564316
neutral,1.0,0.14972527472527472,0.49563221120564316
neutral,1.0,0.14982817869415807,0.49563221120564316
neutral,1.0,0.1499312242090784,0.49563221120564316
neutral,1.0,0.15003441156228492,0.49563221120564316
neutral,1.0,0.15013774104683195,0.49563221120564316
neutral,1.0,0.15024121295658166,0.49563221120564316
neutral,1.0,0.1503448275862069,0.49563221120564316
neutral,1.0,0.15044858523119392,0.49563221120564316
neutral,1.0,0.1505524861878453,0.49563221120564316
neutral,1.0,0.15065653075328264,0.49563221120564316
neutral,1.0,0.1507607192254495,0.49563221120564316
neutral,1.0,0.1508650519031142,0.49563221120564316
neutral,1.0,0.15096952908587258,0.49563221120564316
neutral,1.0,0.15107415107415106,0.49563221120564316
neutral,1.0,0.15117891816920942,0.49563221120564316
neutral,1.0,0.15128383067314366,0.49563221120564316
neutral,1.0,0.15138888888888888,0.49563221120564316
neutral,1.0,0.15149409312022238,0.49563221120564316
neutral,1.0,0.15159944367176634,0.49563221120564316
neutral,1.0,0.15170494084899094,0.49563221120564316
neutral,1.0,0.15181058495821728,0.49563221120564316
neutral,1.0,0.15191637630662022,0.49563221120564316
neutral,1.0,0.15202231520223153,0.49563221120564316
neutral,1.0,0.15212840195394278,0.49563221120564316
neutral,1.0,0.15223463687150837,0.49563221120564316
neutral,1.0,0.15234102026554858,0.49563221120564316
neutral,1.0,0.15244755244755245,0.49563221120564316
neutral,1.0,0.15255423372988103,0.49563221120564316
neutral,1.0,0.15266106442577032,0.49563221120564316
neutral,1.0,0.15276804484933426,0.49563221120564316
neutral,1.0,0.15287517531556802,0.49563221120564316
neutral,1.0,0.1529824561403509,0.49563221120564316
neutral,1.0,0.15308988764044945,0.49563221120564316
neutral,1.0,0.15319747013352072,0.49563221120564316
neutral,1.0,0.15330520393811534,0.49563221120564316
neutral,1.0,0.1534130893736805,0.49563221120564316
neutral,1.0,0.15352112676056337,0.49563221120564316
neutral,1.0,0.1536293164200141,0.49563221120564316
neutral,1.0,0.153737658674189,0.49563221120564316
neutral,1.0,0.15384615384615385,0.49563221120564316
neutral,1.0,0.153954802259887,0.49563221120564316
neutral,1.0,0.15406360424028268,0.49563221120564316
neutral,1.0,0.15417256011315417,0.49563221120564316
neutral,1.0,0.1542816702052371,0.49563221120564316
neutral,1.0,0.15439093484419264,0.49563221120564316
neutral,1.0,0.15450035435861093,0.49563221120564316
neutral,1.0,0.15460992907801419,0.49563221120564316
neutral,1.0,0.1547196593328602,0.49563221120564316
neutral,1.0,0.15482954545454544,0.49563221120564316
neutral,1.0,0.15493958777540867,0.49563221120564316
neutral,1.0,0.155049786628734,0.49563221120564316
neutral,1.0,0.15516014234875444,0.49563221120564316
neutral,1.0,0.15527065527065528,0.49563221120564316
neutral,1.0,0.15538132573057734,0.49563221120564316
neutral,1.0,0.15549215406562053,0.49563221120564316
neutral,1.0,0.15560314061384725,0.49563221120564316
neutral,1.0,0.15571428571428572,0.49563221120564316
neutral,1.0,0.15582558970693353,0.49563221120564316
neutral,1.0,0.15593705293276108,0.49563221120564316
neutral,1.0,0.15604867573371511,0.49563221120564316
neutral,1.0,0.15616045845272206,0.49563221120564316
neutral,1.0,0.15627240143369175,0.49563221120564316
neutral,1.0,0.1563845050215208,0.49563221120564316
neutral,1.0,0.15649676956209618,0.49563221120564316
neutral,1.0,0.15660919540229884,0.49563221120564316
neutral,1.0,0.15672178289000718,0.49563221120564316
neutral,1.0,0.15683453237410072,0.49563221120564316
neutral,1.0,0.15694744420446363,0.49563221120564316
neutral,1.0,0.15706051873198848,0.49563221120564316
neutral,1.0,0.15717375630857966,0.49563221120564316
neutral,1.0,0.15728715728715728,0.49563221120564316
neutral,1.0,0.15740072202166064,0.49563221120564316
neutral,1.0,0.157514450867052,0.49563221120564316
neutral,1.0,0.1576283441793203,0.49563221120564316
neutral,1.0,0.1577424023154848,0.49563221120564316
neutral,1.0,0.15785662563359884,0.49563221120564316
neutral,1.0,0.15797101449275364,0.49563221120564316
neutral,1.0,0.15808556925308195,0.49563221120564316
neutral,1.0,0.15820029027576196,0.49563221120564316
neutral,1.0,0.15831517792302105,0.49563221120564316
neutral,1.0,0.15843023255813954,0.49563221120564316
neutral,1.0,0.15854545454545454,0.49563221120564316
neutral,1.0,0.1586608442503639,0.49563221120564316
neutral,1.0,0.15877640203932994,0.49563221120564316
neutral,1.0,0.1588921282798834,0.49563221120564316
neutral,1.0,0.15900802334062727,0.49563221120564316
neutral,1.0,0.1591240875912409,0.49563221120564316
neutral,1.0,0.15924032140248356,0.49563221120564316
neutral,1.0,0.15935672514619884,0.49563221120564316
neutral,1.0,0.15947329919531822,0.49563221120564316
neutral,1.0,0.1595900439238653,0.49563221120564316
neutral,1.0,0.1597069597069597,0.49563221120564316
neutral,1.0,0.1598240469208211,0.49563221120564316
neutral,1.0,0.15994130594277328,0.49563221120564316
neutral,1.0,0.16005873715124816,0.49563221120564316
neutral,1.0,0.16017634092578986,0.49563221120564316
neutral,1.0,0.16029411764705884,0.49563221120564316
neutral,1.0,0.1604120676968359,0.49563221120564316
neutral,1.0,0.16053019145802652,0.49563221120564316
neutral,1.0,0.1606484893146647,0.49563221120564316
neutral,1.0,0.1607669616519174,0.49563221120564316
neutral,1.0,0.16088560885608857,0.49563221120564316
neutral,1.0,0.16100443131462333,0.49563221120564316
neutral,1.0,0.16112342941611235,0.49563221120564316
neutral,1.0,0.16124260355029585,0.49563221120564316
neutral,1.0,0.16136195410806808,0.49563221120564316
neutral,1.0,0.16148148148148148,0.49563221120564316
neutral,1.0,0.16160118606375093,0.49563221120564316
neutral,1.0,0.16172106824925817,0.49563221120564316
neutral,1.0,0.16184112843355605,0.49563221120564316
neutral,1.0,0.16196136701337296,0.49563221120564316
neutral,1.0,0.1620817843866171,0.49563221120564316
neutral,1.0,0.16220238095238096,0.49563221120564316
neutral,1.0,0.16232315711094564,0.49563221120564316
neutral,1.0,0.16244411326378538,0.49563221120564316
neutral,1.0,0.16256524981357195,0.49563221120564316
neutral,1.0,0.1626865671641791,0.49563221120564316
neutral,1.0,0.16280806572068707,0.49563221120564316
neutral,1.0,0.16292974588938713,0.49563221120564316
neutral,1.0,0.1630516080777861,0.49563221120564316
neutral,1.0,0.1631736526946108,0.49563221120564316
neutral,1.0,0.16329588014981272,0.49563221120564316
neutral,1.0,0.1634182908545727,0.49563221120564316
neutral,1.0,0.16354088522130533,0.49563221120564316
neutral,1.0,0.16366366366366367,0.49563221120564316
neutral,1.0,0.16378662659654394,0.49563221120564316
neutral,1.0,0.16390977443609023,0.49563221120564316
neutral,1.0,0.16403310759969902,0.49563221120564316
neutral,1.0,0.16415662650602408,0.49563221120564316
neutral,1.0,0.16428033157498115,0.49563221120564316
neutral,1.0,0.16440422322775264,0.49563221120564316
neutral,1.0,0.16452830188679246,0.49563221120564316
neutral,1.0,0.1646525679758308,0.49563221120564316
neutral,1.0,0.16477702191987906,0.49563221120564316
neutral,1.0,0.1649016641452345,0.49563221120564316
neutral,1.0,0.16502649507948525,0.49563221120564316
neutral,1.0,0.16515151515151516,0.49563221120564316
neutral,1.0,0.1652767247915087,0.49563221120564316
neutral,1.0,0.165402124430956,0.49563221120564316
neutral,1.0,0.16552771450265755,0.49563221120564316
neutral,1.0,0.1656534954407295,0.49563221120564316
neutral,1.0,0.16577946768060836,0.49563221120564316
neutral,1.0,0.1659056316590563,0.49563221120564316
neutral,1.0,0.16603198781416603,0.49563221120564316
neutral,1.0,0.16615853658536586,0.49563221120564316
neutral,1.0,0.16628527841342486,0.49563221120564316
neutral,1.0,0.166412213740458,0.49563221120564316
neutral,1.0,0.16653934300993126,0.49563221120564316
neutral,1.0,0.16666666666666666,0.49563221120564316
neutral,1.0,0.16679418515684774,0.49563221120564316
neutral,1.0,0.1669218989280245,0.49563221120564316
neutral,1.0,0.16704980842911876,0.49563221120564316
neutral,1.0,0.16717791411042945,0.49563221120564316
neutral,1.0,0.16730621642363777,0.49563221120564316
neutral,1.0,0.1674347158218126,0.49563221120564316
neutral,1.0,0.16756341275941583,0.49563221120564316
neutral,1.0,0.1676923076923077,0.49563221120564316
neutral,1.0,0.16782140107775212,0.49563221120564316
neutral,1.0,0.1679506933744222,0.49563221120564316
neutral,1.0,0.16808018504240554,0.49563221120564316
neutral,1.0,0.16820987654320987,0.49563221120564316
neutral,1.0,0.16833976833976835,0.49563221120564316
neutral,1.0,0.16846986089644514,0.49563221120564316
neutral,1.0,0.168600154679041,0.49563221120564316
neutral,1.0,0.16873065015479877,0.49563221120564316
neutral,1.0,0.168861347792409,0.49563221120564316
neutral,1.0,0.16899224806201552,0.49563221120564316
neutral,1.0,0.16912335143522111,0.49563221120564316
neutral,1.0,0.16925465838509315,0.49563221120564316
neutral,1.0,0.16938616938616938,0.49563221120564316
neutral,1.0,0.16951788491446346,0.49563221120564316
neutral,1.0,0.16964980544747083,0.49563221120564316
neutral,1.0,0.16978193146417445,0.49563221120564316
neutral,1.0,0.16991426344505067,0.49563221120564316
neutral,1.0,0.17004680187207488,0.49563221120564316
neutral,1.0,0.17017954722872755,0.49563221120564316
neutral,1.0,0.1703125,0.49563221120564316
neutral,1.0,0.1704456606724003,0.49563221120564316
neutral,1.0,0.1705790297339593,0.49563221120564316
neutral,1.0,0.1707126076742365,0.49563221120564316
neutral,1.0,0.17084639498432602,0.49563221120564316
neutral,1.0,0.17098039215686275,0.49563221120564316
neutral,1.0,0.17111459968602827,0.49563221120564316
neutral,1.0,0.17124901806755696,0.49563221120564316
neutral,1.0,0.17138364779874213,0.49563221120564316
neutral,1.0,0.17151848937844216,0.49563221120564316
neutral,1.0,0.17165354330708663,0.49563221120564316
neutral,1.0,0.17178881008668243,0.49563221120564316
neutral,1.0,0.1719242902208202,0.49563221120564316
neutral,1.0,0.17205998421468036,0.49563221120564316
neutral,1.0,0.1721958925750395,0.49563221120564316
neutral,1.0,0.17233201581027668,0.49563221120564316
neutral,1.0,0.17246835443037975,0.49563221120564316
neutral,1.0,0.1726049089469517,0.49563221120564316
neutral,1.0,0.17274167987321712,0.49563221120564316
neutral,1.0,0.17287866772402855,0.49563221120564316
neutral,1.0,0.173015873015873,0.49563221120564316
neutral,1.0,0.17315329626687848,0.49563221120564316
neutral,1.0,0.17329093799682035,0.49563221120564316
neutral,1.0,0.17342879872712808,0.49563221120564316
neutral,1.0,0.1735668789808917,0.49563221120564316
neutral,1.0,0.17370517928286852,0.49563221120564316
neutral,1.0,0.17384370015948963,0.49563221120564316
neutral,1.0,0.1739824421388667,0.49563221120564316
neutral,1.0,0.17412140575079874,0.49563221120564316
neutral,1.0,0.17426059152677859,0.49563221120564316
neutral,1.0,0.1744,0.49563221120564316
neutral,1.0,0.1745396317053643,0.49563221120564316
neutral,1.0,0.17467948717948717,0.49563221120564316
neutral,1.0,0.1748195669607057,0.49563221120564316
neutral,1.0,0.17495987158908508,0.49563221120564316
neutral,1.0,0.1751004016064257,0.49563221120564316
neutral,1.0,0.1752411575562701,0.49563221120564316
neutral,1.0,0.1753821399839099,0.49563221120564316
neutral,1.0,0.17552334943639292,0.49563221120564316
neutral,1.0,0.17566478646253023,0.49563221120564316
neutral,1.0,0.17580645161290323,0.49563221120564316
neutral,1.0,0.17594834543987087,0.49563221120564316
neutral,1.0,0.17609046849757673,0.49563221120564316
neutral,1.0,0.17623282134195634,0.49563221120564316
neutral,1.0,0.17637540453074432,0.49563221120564316
neutral,1.0,0.17651821862348177,0.49563221120564316
neutral,1.0,0.1766612641815235,0.49563221120564316
neutral,1.0,0.17680454176804541,0.49563221120564316
neutral,1.0,0.17694805194805194,0.49563221120564316
neutral,1.0,0.17709179528838342,0.49563221120564316
neutral,1.0,0.1772357723577236,0.49563221120564316
neutral,1.0,0.177379983726607,0.49563221120564316
neutral,1.0,0.1775244299674267,0.49563221120564316
neutral,1.0,0.17766911165444174,0.49563221120564316
neutral,1.0,0.17781402936378465,0.49563221120564316
neutral,1.0,0.17795918367346938,0.49563221120564316
neutral,1.0,0.1781045751633987,0.49563221120564316
neutral,1.0,0.17825020441537204,0.49563221120564316
neutral,1.0,0.1783960720130933,0.49563221120564316
neutral,1.0,0.17854217854217855,0.49563221120564316
neutral,1.0,0.17868852459016393,0.49563221120564316
neutral,1.0,0.17883511074651354,0.49563221120564316
neutral,1.0,0.17898193760262726,0.49563221120564316
neutral,1.0,0.1791290057518488,0.49563221120564316
neutral,1.0,0.17927631578947367,0.49563221120564316
neutral,1.0,0.1794238683127572,0.49563221120564316
neutral,1.0,0.17957166392092258,0.49563221120564316
neutral,1.0,0.179719703215169,0.49563221120564316
neutral,1.0,0.17986798679867988,0.49563221120564316
neutral,1.0,0.18001651527663087,0.49563221120564316
neutral,1.0,0.18016528925619835,0.49563221120564316
neutral,1.0,0.18031430934656742,0.49563221120564316
neutral,1.0,0.1804635761589404,0.49563221120564316
neutral,1.0,0.18061309030654515,0.49563221120564316
neutral,1.0,0.18076285240464346,0.49563221120564316
neutral,1.0,0.18091286307053941,0.49563221120564316
neutral,1.0,0.18106312292358803,0.49563221120564316
neutral,1.0,0.18121363258520365,0.49563221120564316
neutral,1.0,0.18136439267886856,0.49563221120564316
neutral,1.0,0.18151540383014156,0.49563221120564316
neutral,1.0,0.18166666666666667,0.49563221120564316
neutral,1.0,0.18181818181818182,0.49563221120564316
neutral,1.0,0.18196994991652754,0.49563221120564316
neutral,1.0,0.1821219715956558,0.49563221120564316
neutral,1.0,0.18227424749163879,0.49563221120564316
neutral,1.0,0.18242677824267783,0.49563221120564316
neutral,1.0,0.18257956448911222,0.49563221120564316
neutral,1.0,0.18273260687342832,0.49563221120564316
neutral,1.0,0.18288590604026847,0.49563221120564316
neutral,1.0,0.18303946263643997,0.49563221120564316
neutral,1.0,0.18319327731092436,0.49563221120564316
neutral,1.0,0.18334735071488645,0.49563221120564316
neutral,1.0,0.1835016835016835,0.49563221120564316
neutral,1.0,0.18365627632687448,0.49563221120564316
neutral,1.0,0.18381112984822934,0.49563221120564316
neutral,1.0,0.1839662447257384,0.49563221120564316
neutral,1.0,0.18412162162162163,0.49563221120564316
neutral,1.0,0.18427726120033813,0.49563221120564316
neutral,1.0,0.1844331641285956,0.49563221120564316
neutral,1.0,0.18458933107535985,0.49563221120564316
neutral,1.0,0.1847457627118644,0.49563221120564316
neutral,1.0,0.18490245971162,0.49563221120564316
neutral,1.0,0.18505942275042445,0.49563221120564316
neutral,1.0,0.18521665250637212,0.49563221120564316
neutral,1.0,0.18537414965986396,0.49563221120564316
neutral,1.0,0.18553191489361703,0.49563221120564316
neutral,1.0,0.18568994889267462,0.49563221120564316
neutral,1.0,0.18584825234441602,0.49563221120564316
neutral,1.0,0.18600682593856654,0.49563221120564316
neutral,1.0,0.18616567036720752,0.49563221120564316
neutral,1.0,0.18632478632478633,0.49563221120564316
neutral,1.0,0.1864841745081266,0.49563221120564316
neutral,1.0,0.18664383561643835,0.49563221120564316
neutral,1.0,0.1868037703513282,0.49563221120564316
neutral,1.0,0.18696397941680962,0.49563221120564316
neutral,1.0,0.1871244635193133,0.49563221120564316
neutral,1.0,0.1872852233676976,0.49563221120564316
neutral,1.0,0.1874462596732588,0.49563221120564316
neutral,1.0,0.18760757314974183,0.49563221120564316
neutral,1.0,0.18776916451335057,0.49563221120564316
neutral,1.0,0.1879310344827586,0.49563221120564316
neutral,1.0,0.18809318377911993,0.49563221120564316
neutral,1.0,0.18825561312607944,0.49563221120564316
neutral,1.0,0.18841832324978391,0.49563221120564316
neutral,1.0,0.18858131487889274,0.49563221120564316
neutral,1.0,0.18874458874458874,0.49563221120564316
neutral,1.0,0.18890814558058924,0.49563221120564316
neutral,1.0,0.18907198612315698,0.49563221120564316
neutral,1.0,0.1892361111111111,0.49563221120564316
neutral,1.0,0.1894005212858384,0.49563221120564316
neutral,1.0,0.18956521739130436,0.49563221120564316
neutral,1.0,0.18973020017406442,0.49563221120564316
neutral,1.0,0.18989547038327526,0.49563221120564316
neutral,1.0,0.1900610287707062,0.49563221120564316
neutral,1.0,0.19022687609075042,0.49563221120564316
neutral,1.0,0.1903930131004367,0.49563221120564316
neutral,1.0,0.19055944055944055,0.49563221120564316
neutral,1.0,0.19072615923009623,0.49563221120564316
neutral,1.0,0.19089316987740806,0.49563221120564316
neutral,1.0,0.19106047326906223,0.49563221120564316
neutral,1.0,0.1912280701754386,0.49563221120564316
neutral,1.0,0.19139596136962247,0.49563221120564316
neutral,1.0,0.19156414762741653,0.49563221120564316
neutral,1.0,0.1917326297273527,0.49563221120564316
neutral,1.0,0.19190140845070422,0.49563221120564316
neutral,1.0,0.1920704845814978,0.49563221120564316
neutral,1.0,0.19223985890652556,0.49563221120564316
neutral,1.0,0.19240953221535745,0.49563221120564316
neutral,1.0,0.19257950530035337,0.49563221120564316
neutral,1.0,0.1927497789566755,0.49563221120564316
neutral,1.0,0.1929203539823009,0.49563221120564316
neutral,1.0,0.19309123117803365,0.49563221120564316
neutral,1.0,0.19326241134751773,0.49563221120564316
neutral,1.0,0.19343389529724933,0.49563221120564316
neutral,1.0,0.1936056838365897,0.49563221120564316
neutral,1.0,0.19377777777777777,0.49563221120564316
neutral,1.0,0.19395017793594305,0.49563221120564316
neutral,1.0,0.19412288512911843,0.49563221120564316
neutral,1.0,0.19429590017825313,0.49563221120564316
neutral,1.0,0.19446922390722568,0.49563221120564316
neutral,1.0,0.19464285714285715,0.49563221120564316
neutral,1.0,0.19481680071492405,0.49563221120564316
neutral,1.0,0.19499105545617174,0.49563221120564316
neutral,1.0,0.19516562220232767,0.49563221120564316
neutral,1.0,0.1953405017921147,0.49563221120564316
neutral,1.0,0.19551569506726457,0.49563221120564316
neutral,1.0,0.19569120287253142,0.49563221120564316
neutral,1.0,0.1958670260557053,0.49563221120564316
neutral,1.0,0.1960431654676259,0.49563221120564316
neutral,1.0,0.19621962196219622,0.49563221120564316
neutral,1.0,0.1963963963963964,0.49563221120564316
neutral,1.0,0.19657348963029755,0.49563221120564316
neutral,1.0,0.1967509025270758,0.49563221120564316
neutral,1.0,0.1969286359530262,0.49563221120564316
neutral,1.0,0.19710669077757687,0.49563221120564316
neutral,1.0,0.19728506787330316,0.49563221120564316
neutral,1.0,0.19746376811594202,0.49563221120564316
neutral,1.0,0.19764279238440616,0.49563221120564316
neutral,1.0,0.19782214156079855,0.49563221120564316
neutral,1.0,0.1980018165304269,0.49563221120564316
neutral,1.0,0.19818181818181818,0.49563221120564316
neutral,1.0,0.19836214740673339,0.49563221120564316
neutral,1.0,0.19854280510018216,0.49563221120564316
neutral,1.0,0.19872379216043756,0.49563221120564316
neutral,1.0,0.1989051094890511,0.49563221120564316
neutral,1.0,0.19908675799086759,0.49563221120564316
neutral,0.9954128440366973,0.1983546617915905,0.49563221120564316
neutral,0.9954128440366973,0.19853613906678866,0.49563221120564316
neutral,0.9954128440366973,0.1987179487179487,0.49563221120564316
neutral,0.9954128440366973,0.19890009165902842,0.49563221120564316
neutral,0.9954128440366973,0.19908256880733946,0.49563221120564316
neutral,0.9954128440366973,0.1992653810835629,0.49563221120564316
neutral,0.9954128440366973,0.19944852941176472,0.49563221120564316
neutral,0.9954128440366973,0.19963201471941122,0.49563221120564316
neutral,0.9954128440366973,0.1998158379373849,0.49563221120564316
neutral,0.9954128440366973,0.2,0.49563221120564316
neutral,0.9954128440366973,0.20018450184501846,0.49563221120564316
neutral,0.9954128440366973,0.20036934441366575,0.49563221120564316
neutral,0.9954128440366973,0.20055452865064696,0.49563221120564316
neutral,0.9954128440366973,0.20074005550416282,0.49563221120564316
neutral,0.9954128440366973,0.20092592592592592,0.49563221120564316
neutral,0.9954128440366973,0.20111214087117701,0.49563221120564316
neutral,0.9954128440366973,0.2012987012987013,0.49563221120564316
neutral,0.9954128440366973,0.20148560817084493,0.49563221120564316
neutral,0.9954128440366973,0.2016728624535316,0.49563221120564316
neutral,0.9954128440366973,0.20186046511627906,0.49563221120564316
neutral,0.9954128440366973,0.20204841713221602,0.49563221120564316
neutral,0.9954128440366973,0.2022367194780988,0.49563221120564316
neutral,0.9954128440366973,0.20242537313432835,0.49563221120564316
neutral,0.9954128440366973,0.20261437908496732,0.49563221120564316
neutral,0.9954128440366973,0.202803738317757,0.49563221120564316
neutral,0.9954128440366973,0.2029934518241347,0.49563221120564316
neutral,0.9954128440366973,0.20318352059925093,0.49563221120564316
neutral,0.9954128440366973,0.20337394564198688,0.49563221120564316
neutral,0.9954128440366973,0.20356472795497185,0.49563221120564316
neutral,0.9954128440366973,0.20375586854460093,0.49563221120564316
neutral,0.9954128440366973,0.20394736842105263,0.49563221120564316
neutral,0.9954128440366973,0.2041392285983067,0.49563221120564316
neutral,0.9954128440366973,0.20433145009416195,0.49563221120564316
neutral,0.9954128440366973,0.20452403393025448,0.49563221120564316
neutral,0.9954128440366973,0.20471698113207548,0.49563221120564316
neutral,0.9954128440366973,0.2049102927289896,0.49563221120564316
neutral,0.9954128440366973,0.2051039697542533,0.49563221120564316
neutral,0.9954128440366973,0.2052980132450331,0.49563221120564316
neutral,0.9954128440366973,0.20549242424242425,0.49563221120564316
neutral,0.9954128440366973,0.20568720379146918,0.49563221120564316
neutral,0.9954128440366973,0.20588235294117646,0.49563221120564316
neutral,0.9954128440366973,0.2060778727445394,0.49563221120564316
neutral,0.9954128440366973,0.20627376425855512,0.49563221120564316
neutral,0.9954128440366973,0.20647002854424357,0.49563221120564316
neutral,0.9954128440366973,0.20666666666666667,0.49563221120564316
neutral,0.9954128440366973,0.20686367969494757,0.49563221120564316
neutral,0.9954128440366973,0.20706106870229007,0.49563221120564316
neutral,0.9954128440366973,0.2072588347659981,0.49563221120564316
neutral,0.9954128440366973,0.2074569789674952,0.49563221120564316
neutral,0.9954128440366973,0.2076555023923445,0.49563221120564316
neutral,0.9954128440366973,0.2078544061302682,0.49563221120564316
neutral,0.9954128440366973,0.2080536912751678,0.49563221120564316
neutral,0.9954128440366973,0.20825335892514396,0.49563221120564316
neutral,0.9954128440366973,0.2084534101825168,0.49563221120564316
neutral,0.9954128440366973,0.20865384615384616,0.49563221120564316
neutral,0.9954128440366973,0.2088546679499519,0.49563221120564316
neutral,0.9954128440366973,0.20905587668593448,0.49563221120564316
neutral,0.9954128440366973,0.20925747348119575,0.49563221120564316
neutral,0.9954128440366973,0.20945945945945946,0.49563221120564316
neutral,0.9954128440366973,0.20966183574879227,0.49563221120564316
neutral,0.9954128440366973,0.20986460348162475,0.49563221120564316
neutral,0.9908256880733946,0.2090997095837367,0.49563221120564316
neutral,0.9908256880733946,0.20930232558139536,0.49563221120564316
neutral,0.9908256880733946,0.20950533462657614,0.49563221120564316
neutral,0.9908256880733946,0.20970873786407768,0.49563221120564316
neutral,0.9908256880733946,0.2099125364431487,0.49563221120564316
neutral,0.9908256880733946,0.21011673151750973,0.49563221120564316
neutral,0.9908256880733946,0.2103213242453749,0.49563221120564316
neutral,0.9908256880733946,0.21052631578947367,0.49563221120564316
neutral,0.9908256880733946,0.21073170731707316,0.49563221120564316
neutral,0.9908256880733946,0.2109375,0.49563221120564316
neutral,0.9908256880733946,0.21114369501466276,0.49563221120564316
neutral,0.9908256880733946,0.21135029354207435,0.49563221120564316
neutral,0.9908256880733946,0.21155729676787463,0.49563221120564316
neutral,0.9908256880733946,0.21176470588235294,0.49563221120564316
neutral,0.9908256880733946,0.21197252208047104,0.49563221120564316
neutral,0.9908256880733946,0.21218074656188604,0.49563221120564316
neutral,0.9908256880733946,0.21238938053097345,0.49563221120564316
neutral,0.9908256880733946,0.2125984251968504,0.49563221120564316
neutral,0.9908256880733946,0.21280788177339902,0.49563221120564316
neutral,0.9908256880733946,0.21301775147928995,0.49563221120564316
neutral,0.9908256880733946,0.21322803553800593,0.49563221120564316
neutral,0.9908256880733946,0.2134387351778656,0.49563221120564316
neutral,0.9908256880733946,0.21364985163204747,0.49563221120564316
neutral,0.9908256880733946,0.21386138613861386,0.49563221120564316
neutral,0.9908256880733946,0.21407333994053518,0.49563221120564316
neutral,0.9908256880733946,0.21428571428571427,0.49563221120564316
neutral,0.9908256880733946,0.21449851042701093,0.49563221120564316
neutral,0.9908256880733946,0.2147117296222664,0.49563221120564316
neutral,0.9908256880733946,0.21492537313432836,0.49563221120564316
neutral,0.9908256880733946,0.2151394422310757,0.49563221120564316
neutral,0.9908256880733946,0.21535393818544366,0.49563221120564316
neutral,0.9908256880733946,0.2155688622754491,0.49563221120564316
neutral,0.9908256880733946,0.21578421578421578,0.49563221120564316
neutral,0.9908256880733946,0.216,0.49563221120564316
neutral,0.9908256880733946,0.21621621621621623,0.49563221120564316
neutral,0.9908256880733946,0.21643286573146292,0.49563221120564316
neutral,0.9908256880733946,0.21664994984954863,0.49563221120564316
neutral,0.9908256880733946,0.21686746987951808,0.49563221120564316
neutral,0.9908256880733946,0.21708542713567838,0.49563221120564316
neutral,0.9908256880733946,0.21730382293762576,0.49563221120564316
neutral,0.9908256880733946,0.2175226586102719,0.49563221120564316
neutral,0.9908256880733946,0.21774193548387097,0.49563221120564316
neutral,0.9908256880733946,0.21796165489404642,0.49563221120564316
neutral,0.9908256880733946,0.21818181818181817,0.49563221120564316
neutral,0.9908256880733946,0.21840242669362994,0.49563221120564316
neutral,0.9908256880733946,0.21862348178137653,0.49563221120564316
neutral,0.9908256880733946,0.2188449848024316,0.49563221120564316
neutral,0.9908256880733946,0.21906693711967545,0.49563221120564316
neutral,0.9908256880733946,0.21928934010152284,0.49563221120564316
neutral,0.9908256880733946,0.21951219512195122,0.49563221120564316
neutral,0.9908256880733946,0.21973550356052898,0.49563221120564316
neutral,0.9908256880733946,0.219959266802444,0.49563221120564316
neutral,0.9908256880733946,0.22018348623853212,0.49563221120564316
neutral,0.9908256880733946,0.22040816326530613,0.49563221120564316
neutral,0.9908256880733946,0.22063329928498468,0.49563221120564316
neutral,0.9908256880733946,0.22085889570552147,0.49563221120564316
neutral,0.9908256880733946,0.2210849539406346,0.49563221120564316
neutral,0.9908256880733946,0.22131147540983606,0.49563221120564316
neutral,0.9908256880733946,0.22153846153846155,0.49563221120564316
neutral,0.9908256880733946,0.22176591375770022,0.49563221120564316
neutral,0.9908256880733946,0.22199383350462487,0.49563221120564316
neutral,0.9908256880733946,0.2222222222222222,0.49563221120564316
neutral,0.9908256880733946,0.22245108135942326,0.49563221120564316
neutral,0.9908256880733946,0.22268041237113403,0.49563221120564316
neutral,0.9908256880733946,0.22291021671826625,0.49563221120564316
neutral,0.9908256880733946,0.2231404958677686,0.49563221120564316
neutral,0.9908256880733946,0.2233712512926577,0.49563221120564316
neutral,0.9908256880733946,0.2236024844720497,0.49563221120564316
neutral,0.9908256880733946,0.22383419689119172,0.49563221120564316
neutral,0.9908256880733946,0.22406639004149378,0.49563221120564316
neutral,0.9862385321100917,0.2232606438213915,0.49563221120564316
neutral,0.9862385321100917,0.2234927234927235,0.49563221120564316
neutral,0.9862385321100917,0.22372528616024975,0.49563221120564316
neutral,0.9862385321100917,0.22395833333333334,0.49563221120564316
neutral,0.9862385321100917,0.22419186652763295,0.49563221120564316
neutral,0.9862385321100917,0.2244258872651357,0.49563221120564316
neutral,0.9862385321100917,0.22466039707419017,0.49563221120564316
neutral,0.9862385321100917,0.22489539748953974,0.49563221120564316
neutral,0.9862385321100917,0.225130890052356,0.49563221120564316
neutral,0.9862385321100917,0.22536687631027252,0.49563221120564316
neutral,0.9862385321100917,0.22560335781741866,0.49563221120564316
neutral,0.9862385321100917,0.22584033613445378,0.49563221120564316
neutral,0.9862385321100917,0.22607781282860148,0.49563221120564316
neutral,0.9862385321100917,0.22631578947368422,0.49563221120564316
neutral,0.9862385321100917,0.22655426765015807,0.49563221120564316
neutral,0.9862385321100917,0.22679324894514769,0.49563221120564316
neutral,0.9862385321100917,0.22703273495248152,0.49563221120564316
neutral,0.9862385321100917,0.22727272727272727,0.49563221120564316
neutral,0.9862385321100917,0.2275132275132275,0.49563221120564316
neutral,0.9862385321100917,0.2277542372881356,0.49563221120564316
neutral,0.9862385321100917,0.22799575821845175,0.49563221120564316
neutral,0.9862385321100917,0.22823779193205945,0.49563221120564316
neutral,0.9862385321100917,0.22848034006376194,0.49563221120564316
neutral,0.9862385321100917,0.22872340425531915,0.49563221120564316
neutral,0.9862385321100917,0.22896698615548455,0.49563221120564316
neutral,0.9862385321100917,0.22921108742004265,0.49563221120564316
neutral,0.9862385321100917,0.2294557097118463,0.49563221120564316
neutral,0.9862385321100917,0.2297008547008547,0.49563221120564316
neutral,0.9862385321100917,0.22994652406417113,0.49563221120564316
neutral,0.9862385321100917,0.23019271948608136,0.49563221120564316
neutral,0.9862385321100917,0.2304394426580922,0.49563221120564316
neutral,0.9862385321100917,0.23068669527896996,0.49563221120564316
neutral,0.9862385321100917,0.23093447905477982,0.49563221120564316
neutral,0.9862385321100917,0.23118279569892472,0.49563221120564316
neutral,0.9862385321100917,0.23143164693218515,0.49563221120564316
neutral,0.9862385321100917,0.23168103448275862,0.49563221120564316
neutral,0.9862385321100917,0.2319309600862999,0.49563221120564316
neutral,0.9862385321100917,0.23218142548596113,0.49563221120564316
neutral,0.9862385321100917,0.23243243243243245,0.49563221120564316
neutral,0.9862385321100917,0.2326839826839827,0.49563221120564316
neutral,0.9862385321100917,0.23293607800650054,0.49563221120564316
neutral,0.9862385321100917,0.23318872017353579,0.49563221120564316
neutral,0.9862385321100917,0.23344191096634093,0.49563221120564316
neutral,0.9862385321100917,0.23369565217391305,0.49563221120564316
neutral,0.9862385321100917,0.23394994559303592,0.49563221120564316
neutral,0.9862385321100917,0.23420479302832245,0.49563221120564316
neutral,0.9862385321100917,0.23446019629225737,0.49563221120564316
neutral,0.9862385321100917,0.23471615720524017,0.49563221120564316
neutral,0.9862385321100917,0.23497267759562843,0.49563221120564316
neutral,0.9862385321100917,0.23522975929978118,0.49563221120564316
neutral,0.9862385321100917,0.23548740416210295,0.49563221120564316
neutral,0.9862385321100917,0.23574561403508773,0.49563221120564316
neutral,0.9862385321100917,0.23600439077936333,0.49563221120564316
neutral,0.9862385321100917,0.23626373626373626,0.49563221120564316
neutral,0.9862385321100917,0.23652365236523654,0.49563221120564316
neutral,0.9862385321100917,0.236784140969163,0.49563221120564316
neutral,0.9862385321100917,0.237045203969129,0.49563221120564316
neutral,0.9862385321100917,0.23730684326710816,0.49563221120564316
neutral,0.9862385321100917,0.23756906077348067,0.49563221120564316
neutral,0.9862385321100917,0.23783185840707965,0.49563221120564316
neutral,0.9862385321100917,0.23809523809523808,0.49563221120564316
neutral,0.9862385321100917,0.23835920177383593,0.49563221120564316
neutral,0.9862385321100917,0.2386237513873474,0.49563221120564316
neutral,0.9862385321100917,0.2388888888888889,0.49563221120564316
neutral,0.9862385321100917,0.23915461624026696,0.49563221120564316
neutral,0.981651376146789,0.2383073496659243,0.49563221120564316
neutral,0.981651376146789,0.23857302118171683,0.49563221120564316
neutral,0.981651376146789,0.23883928571428573,0.49563221120564316
neutral,0.981651376146789,0.23910614525139665,0.49563221120564316
neutral,0.981651376146789,0.23937360178970918,0.49563221120564316
neutral,0.981651376146789,0.23964165733482642,0.49563221120564316
neutral,0.981651376146789,0.2399103139013453,0.49563221120564316
neutral,0.981651376146789,0.24017957351290684,0.49563221120564316
neutral,0.981651376146789,0.24044943820224718,0.49563221120564316
neutral,0.981651376146789,0.2407199100112486,0.49563221120564316
neutral,0.981651376146789,0.240990990990991,0.49563221120564316
neutral,0.981651376146789,0.24126268320180383,0.49563221120564316
neutral,0.981651376146789,0.24153498871331827,0.49563221120564316
neutral,0.9770642201834863,0.24067796610169492,0.49563221120564316
neutral,0.9770642201834863,0.2409502262443439,0.49563221120564316
neutral,0.9770642201834863,0.24122310305775765,0.49563221120564316
neutral,0.9770642201834863,0.24149659863945577,0.49563221120564316
neutral,0.9770642201834863,0.24177071509648126,0.49563221120564316
neutral,0.9770642201834863,0.24204545454545454,0.49563221120564316
neutral,0.9770642201834863,0.24232081911262798,0.49563221120564316
neutral,0.9770642201834863,0.24259681093394078,0.49563221120564316
neutral,0.9770642201834863,0.24287343215507412,0.49563221120564316
neutral,0.9770642201834863,0.24315068493150685,0.49563221120564316
neutral,0.9770642201834863,0.24342857142857144,0.49563221120564316
neutral,0.9770642201834863,0.2437070938215103,0.49563221120564316
neutral,0.9770642201834863,0.24398625429553264,0.49563221120564316
neutral,0.9770642201834863,0.24426605504587157,0.49563221120564316
neutral,0.9770642201834863,0.24454649827784156,0.49563221120564316
neutral,0.9724770642201835,0.24367816091954023,0.49563221120564316
neutral,0.9724770642201835,0.24395857307249713,0.49563221120564316
neutral,0.9724770642201835,0.24423963133640553,0.49563221120564316
neutral,0.9724770642201835,0.24452133794694347,0.49563221120564316
neutral,0.9724770642201835,0.24480369515011546,0.49563221120564316
neutral,0.9724770642201835,0.24508670520231213,0.49563221120564316
neutral,0.9724770642201835,0.24537037037037038,0.49563221120564316
neutral,0.9678899082568807,0.24449594438006952,0.49563221120564316
neutral,0.9678899082568807,0.24477958236658934,0.49563221120564316
neutral,0.9678899082568807,0.2450638792102207,0.49563221120564316
neutral,0.9678899082568807,0.2453488372093023,0.49563221120564316
neutral,0.9678899082568807,0.24563445867287545,0.49563221120564316
neutral,0.9678899082568807,0.24592074592074592,0.49563221120564316
neutral,0.9678899082568807,0.24620770128354727,0.49563221120564316
neutral,0.9678899082568807,0.24649532710280375,0.49563221120564316
neutral,0.9678899082568807,0.24678362573099416,0.49563221120564316
neutral,0.9678899082568807,0.24707259953161592,0.49563221120564316
neutral,0.9678899082568807,0.2473622508792497,0.49563221120564316
neutral,0.9678899082568807,0.2476525821596244,0.49563221120564316
neutral,0.9678899082568807,0.24794359576968272,0.49563221120564316
neutral,0.9678899082568807,0.24823529411764705,0.49563221120564316
neutral,0.9678899082568807,0.24852767962308597,0.49563221120564316
neutral,0.9678899082568807,0.24882075471698112,0.49563221120564316
neutral,0.9678899082568807,0.24911452184179456,0.49563221120564316
neutral,0.9678899082568807,0.24940898345153664,0.49563221120564316
neutral,0.9678899082568807,0.24970414201183433,0.49563221120564316
neutral,0.9678899082568807,0.25,0.49563221120564316
neutral,0.9678899082568807,0.25029655990510086,0.49563221120564316
neutral,0.9678899082568807,0.2505938242280285,0.49563221120564316
neutral,0.9678899082568807,0.25089179548156954,0.49563221120564316
neutral,0.9678899082568807,0.2511904761904762,0.49563221120564316
neutral,0.9678899082568807,0.25148986889153757,0.49563221120564316
neutral,0.9678899082568807,0.25178997613365156,0.49563221120564316
neutral,0.963302752293578,0.25089605734767023,0.49563221120564316
neutral,0.963302752293578,0.2511961722488038,0.49563221120564316
neutral,0.963302752293578,0.25149700598802394,0.49563221120564316
neutral,0.963302752293578,0.2517985611510791,0.49563221120564316
neutral,0.963302752293578,0.25210084033613445,0.49563221120564316
neutral,0.963302752293578,0.25240384615384615,0.49563221120564316
neutral,0.963302752293578,0.2527075812274368,0.49563221120564316
neutral,0.963302752293578,0.25301204819277107,0.49563221120564316
neutral,0.963302752293578,0.25331724969843183,0.49563221120564316
neutral,0.963302752293578,0.2536231884057971,0.49563221120564316
neutral,0.963302752293578,0.2539298669891173,0.49563221120564316
neutral,0.963302752293578,0.2542372881355932,0.49563221120564316
neutral,0.963302752293578,0.2545454545454545,0.49563221120564316
neutral,0.963302752293578,0.25485436893203883,0.49563221120564316
neutral,0.963302752293578,0.2551640340218712,0.49563221120564316
neutral,0.9587155963302753,0.2542579075425791,0.49563221120564316
neutral,0.9587155963302753,0.2545676004872107,0.49563221120564316
neutral,0.9587155963302753,0.2548780487804878,0.49563221120564316
neutral,0.9587155963302753,0.25518925518925517,0.49563221120564316
neutral,0.9587155963302753,0.2555012224938875,0.49563221120564316
neutral,0.9587155963302753,0.2558139534883721,0.49563221120564316
neutral,0.9587155963302753,0.25612745098039214,0.49563221120564316
neutral,0.9587155963302753,0.25644171779141106,0.49563221120564316
neutral,0.9587155963302753,0.25675675675675674,0.49563221120564316
neutral,0.9587155963302753,0.2570725707257073,0.49563221120564316
neutral,0.9587155963302753,0.25738916256157635,0.49563221120564316
neutral,0.9587155963302753,0.25770653514180025,0.49563221120564316
neutral,0.9587155963302753,0.2580246913580247,0.49563221120564316
neutral,0.9587155963302753,0.2583436341161928,0.49563221120564316
neutral,0.9541284403669725,0.25742574257425743,0.49563221120564316
neutral,0.9541284403669725,0.2577447335811648,0.49563221120564316
neutral,0.9541284403669725,0.25806451612903225,0.49563221120564316
neutral,0.9541284403669725,0.25838509316770186,0.49563221120564316
neutral,0.9541284403669725,0.25870646766169153,0.49563221120564316
neutral,0.9541284403669725,0.2590286425902864,0.49563221120564316
neutral,0.9541284403669725,0.2593516209476309,0.49563221120564316
neutral,0.9541284403669725,0.2596754057428215,0.49563221120564316
neutral,0.9541284403669725,0.26,0.49563221120564316
neutral,0.9541284403669725,0.26032540675844806,0.49563221120564316
neutral,0.9541284403669725,0.2606516290726817,0.49563221120564316
neutral,0.9541284403669725,0.26097867001254704,0.49563221120564316
neutral,0.9541284403669725,0.2613065326633166,0.49563221120564316
neutral,0.9541284403669725,0.26163522012578616,0.49563221120564316
neutral,0.9541284403669725,0.2619647355163728,0.49563221120564316
neutral,0.9541284403669725,0.26229508196721313,0.49563221120564316
neutral,0.9541284403669725,0.26262626262626265,0.49563221120564316
neutral,0.9541284403669725,0.2629582806573957,0.49563221120564316
neutral,0.9541284403669725,0.26329113924050634,0.49563221120564316
neutral,0.9541284403669725,0.26362484157160965,0.49563221120564316
neutral,0.9541284403669725,0.2639593908629442,0.49563221120564316
neutral,0.9541284403669725,0.26429479034307496,0.49563221120564316
neutral,0.9541284403669725,0.26463104325699743,0.49563221120564316
neutral,0.9541284403669725,0.26496815286624203,0.49563221120564316
neutral,0.9541284403669725,0.2653061224489796,0.49563221120564316
neutral,0.9495412844036697,0.26436781609195403,0.49563221120564316
neutral,0.9495412844036697,0.2647058823529412,0.49563221120564316
neutral,0.9495412844036697,0.26504481434058896,0.49563221120564316
neutral,0.9495412844036697,0.2653846153846154,0.49563221120564316
neutral,0.9495412844036697,0.26572528883183566,0.49563221120564316
neutral,0.944954128440367,0.2647814910025707,0.49563221120564316
neutral,0.944954128440367,0.2651222651222651,0.49563221120564316
neutral,0.944954128440367,0.2654639175257732,0.49563221120564316
neutral,0.944954128440367,0.2658064516129032,0.49563221120564316
neutral,0.944954128440367,0.2661498708010336,0.49563221120564316
neutral,0.944954128440367,0.2664941785252264,0.49563221120564316
neutral,0.944954128440367,0.266839378238342,0.49563221120564316
neutral,0.944954128440367,0.26718547341115434,0.49563221120564316
neutral,0.944954128440367,0.2675324675324675,0.49563221120564316
neutral,0.944954128440367,0.26788036410923277,0.49563221120564316
neutral,0.944954128440367,0.2682291666666667,0.49563221120564316
neutral,0.944954128440367,0.2685788787483703,0.49563221120564316
neutral,0.944954128440367,0.2689295039164491,0.49563221120564316
neutral,0.944954128440367,0.269281045751634,0.49563221120564316
neutral,0.944954128440367,0.2696335078534031,0.49563221120564316
neutral,0.944954128440367,0.2699868938401048,0.49563221120564316
neutral,0.944954128440367,0.27034120734908135,0.49563221120564316
neutral,0.944954128440367,0.2706964520367937,0.49563221120564316
neutral,0.944954128440367,0.2710526315789474,0.49563221120564316
neutral,0.944954128440367,0.27140974967061926,0.49563221120564316
neutral,0.944954128440367,0.2717678100263852,0.49563221120564316
neutral,0.944954128440367,0.27212681638044917,0.49563221120564316
neutral,0.944954128440367,0.2724867724867725,0.49563221120564316
neutral,0.944954128440367,0.2728476821192053,0.49563221120564316
neutral,0.944954128440367,0.27320954907161804,0.49563221120564316
neutral,0.944954128440367,0.2735723771580345,0.49563221120564316
neutral,0.944954128440367,0.27393617021276595,0.49563221120564316
neutral,0.944954128440367,0.27430093209054596,0.49563221120564316
neutral,0.944954128440367,0.27466666666666667,0.49563221120564316
neutral,0.944954128440367,0.2750333778371162,0.49563221120564316
neutral,0.944954128440367,0.27540106951871657,0.49563221120564316
neutral,0.944954128440367,0.2757697456492637,0.49563221120564316
neutral,0.944954128440367,0.2761394101876676,0.49563221120564316
neutral,0.944954128440367,0.276510067114094,0.49563221120564316
neutral,0.944954128440367,0.2768817204301075,0.49563221120564316
neutral,0.944954128440367,0.2772543741588156,0.49563221120564316
neutral,0.944954128440367,0.2776280323450135,0.49563221120564316
neutral,0.944954128440367,0.27800269905533065,0.49563221120564316
neutral,0.944954128440367,0.27837837837837837,0.49563221120564316
neutral,0.944954128440367,0.2787550744248985,0.49563221120564316
neutral,0.944954128440367,0.2791327913279133,0.49563221120564316
neutral,0.944954128440367,0.27951153324287653,0.49563221120564316
neutral,0.944954128440367,0.2798913043478261,0.49563221120564316
neutral,0.944954128440367,0.2802721088435374,0.49563221120564316
neutral,0.944954128440367,0.28065395095367845,0.49563221120564316
neutral,0.944954128440367,0.2810368349249659,0.49563221120564316
neutral,0.944954128440367,0.2814207650273224,0.49563221120564316
neutral,0.944954128440367,0.2818057455540356,0.49563221120564316
neutral,0.944954128440367,0.2821917808219178,0.49563221120564316
neutral,0.944954128440367,0.2825788751714678,0.49563221120564316
neutral,0.944954128440367,0.28296703296703296,0.49563221120564316
neutral,0.944954128440367,0.2833562585969739,0.49563221120564316
neutral,0.944954128440367,0.2837465564738292,0.49563221120564316
neutral,0.944954128440367,0.28413793103448276,0.49563221120564316
neutral,0.944954128440367,0.2845303867403315,0.49563221120564316
neutral,0.9403669724770642,0.2835408022130014,0.49563221120564316
neutral,0.9403669724770642,0.2839335180055402,0.49563221120564316
neutral,0.9403669724770642,0.2843273231622746,0.49563221120564316
neutral,0.9403669724770642,0.2847222222222222,0.49563221120564316
neutral,0.9357798165137615,0.28372739916550765,0.49563221120564316
neutral,0.9357798165137615,0.2841225626740947,0.49563221120564316
neutral,0.9357798165137615,0.28451882845188287,0.49563221120564316
neutral,0.9357798165137615,0.2849162011173184,0.49563221120564316
neutral,0.9357798165137615,0.2853146853146853,0.49563221120564316
neutral,0.9357798165137615,0.2857142857142857,0.49563221120564316
neutral,0.9357798165137615,0.2861150070126227,0.49563221120564316
neutral,0.9357798165137615,0.28651685393258425,0.49563221120564316
neutral,0.9357798165137615,0.2869198312236287,0.49563221120564316
neutral,0.9357798165137615,0.28732394366197184,0.49563221120564316
neutral,0.9357798165137615,0.28772919605077574,0.49563221120564316
neutral,0.9357798165137615,0.288135593220339,0.49563221120564316
neutral,0.9357798165137615,0.28854314002828857,0.49563221120564316
neutral,0.9357798165137615,0.28895184135977336,0.49563221120564316
neutral,0.9357798165137615,0.28936170212765955,0.49563221120564316
neutral,0.9357798165137615,0.2897727272727273,0.49563221120564316
neutral,0.9357798165137615,0.2901849217638691,0.49563221120564316
neutral,0.9357798165137615,0.2905982905982906,0.49563221120564316
neutral,0.9357798165137615,0.29101283880171186,0.49563221120564316
neutral,0.9357798165137615,0.2914285714285714,0.49563221120564316
neutral,0.9357798165137615,0.2918454935622318,0.49563221120564316
neutral,0.9357798165137615,0.2922636103151863,0.49563221120564316
neutral,0.9357798165137615,0.2926829268292683,0.49563221120564316
neutral,0.9311926605504587,0.2916666666666667,0.49563221120564316
neutral,0.9311926605504587,0.2920863309352518,0.49563221120564316
neutral,0.9311926605504587,0.29250720461095103,0.49563221120564316
neutral,0.9311926605504587,0.29292929292929293,0.49563221120564316
neutral,0.9311926605504587,0.29335260115606937,0.49563221120564316
neutral,0.9311926605504587,0.2937771345875543,0.49563221120564316
neutral,0.9311926605504587,0.2942028985507246,0.49563221120564316
neutral,0.9311926605504587,0.2946298984034833,0.49563221120564316
neutral,0.9311926605504587,0.29505813953488375,0.49563221120564316
neutral,0.9311926605504587,0.2954876273653566,0.49563221120564316
neutral,0.9311926605504587,0.29591836734693877,0.49563221120564316
neutral,0.9311926605504587,0.29635036496350364,0.49563221120564316
neutral,0.9311926605504587,0.29678362573099415,0.49563221120564316
neutral,0.9311926605504587,0.2972181551976574,0.49563221120564316
neutral,0.926605504587156,0.2961876832844575,0.49563221120564316
neutral,0.926605504587156,0.2966226138032305,0.49563221120564316
neutral,0.926605504587156,0.29705882352941176,0.49563221120564316
neutral,0.926605504587156,0.2974963181148748,0.49563221120564316
neutral,0.926605504587156,0.29793510324483774,0.49563221120564316
neutral,0.926605504587156,0.2983751846381093,0.49563221120564316
neutral,0.926605504587156,0.2988165680473373,0.49563221120564316
neutral,0.926605504587156,0.2992592592592593,0.49563221120564316
neutral,0.926605504587156,0.2997032640949555,0.49563221120564316
neutral,0.926605504587156,0.300148588410104,0.49563221120564316
neutral,0.926605504587156,0.3005952380952381,0.49563221120564316
neutral,0.926605504587156,0.30104321907600595,0.49563221120564316
neutral,0.926605504587156,0.30149253731343284,0.49563221120564316
neutral,0.926605504587156,0.30194319880418535,0.49563221120564316
neutral,0.926605504587156,0.3023952095808383,0.49563221120564316
neutral,0.926605504587156,0.3028485757121439,0.49563221120564316
neutral,0.926605504587156,0.3033033033033033,0.49563221120564316
neutral,0.926605504587156,0.3037593984962406,0.49563221120564316
neutral,0.926605504587156,0.3042168674698795,0.49563221120564316
neutral,0.926605504587156,0.3046757164404223,0.49563221120564316
neutral,0.926605504587156,0.30513595166163143,0.49563221120564316
neutral,0.926605504587156,0.30559757942511345,0.49563221120564316
neutral,0.926605504587156,0.30606060606060603,0.49563221120564316
neutral,0.9220183486238532,0.30500758725341426,0.49563221120564316
neutral,0.9220183486238532,0.30547112462006076,0.49563221120564316
neutral,0.9220183486238532,0.3059360730593607,0.49563221120564316
neutral,0.9220183486238532,0.30640243902439024,0.49563221120564316
neutral,0.9220183486238532,0.3068702290076336,0.49563221120564316
neutral,0.9220183486238532,0.3073394495412844,0.49563221120564316
neutral,0.9174311926605505,0.30627871362940273,0.49563221120564316
neutral,0.9174311926605505,0.3067484662576687,0.49563221120564316
neutral,0.9174311926605505,0.30721966205837176,0.49563221120564316
neutral,0.9174311926605505,0.3076923076923077,0.49563221120564316
neutral,0.9174311926605505,0.3081664098613251,0.49563221120564316
neutral,0.9174311926605505,0.30864197530864196,0.49563221120564316
neutral,0.9174311926605505,0.3091190108191654,0.49563221120564316
neutral,0.9174311926605505,0.30959752321981426,0.49563221120564316
neutral,0.9174311926605505,0.31007751937984496,0.49563221120564316
neutral,0.9174311926605505,0.3105590062111801,0.49563221120564316
neutral,0.9174311926605505,0.3110419906687403,0.49563221120564316
neutral,0.9128440366972477,0.3099688473520249,0.49563221120564316
neutral,0.9128440366972477,0.31045241809672386,0.49563221120564316
neutral,0.9128440366972477,0.3109375,0.49563221120564316
neutral,0.9128440366972477,0.3114241001564945,0.49563221120564316
neutral,0.9128440366972477,0.31191222570532917,0.49563221120564316
neutral,0.9128440366972477,0.31240188383045525,0.49563221120564316
neutral,0.9128440366972477,0.3128930817610063,0.49563221120564316
neutral,0.908256880733945,0.31181102362204727,0.49563221120564316
neutral,0.908256880733945,0.31230283911671924,0.49563221120564316
neutral,0.908256880733945,0.3127962085308057,0.49563221120564316
neutral,0.908256880733945,0.31329113924050633,0.49563221120564316
neutral,0.908256880733945,0.31378763866877973,0.49563221120564316
neutral,0.908256880733945,0.3142857142857143,0.49563221120564316
neutral,0.9036697247706422,0.31319554848966613,0.49563221120564316
neutral,0.9036697247706422,0.31369426751592355,0.49563221120564316
neutral,0.9036697247706422,0.3141945773524721,0.49563221120564316
neutral,0.9036697247706422,0.3146964856230032,0.49563221120564316
neutral,0.9036697247706422,0.3152,0.49563221120564316
neutral,0.9036697247706422,0.3157051282051282,0.49563221120564316
neutral,0.9036697247706422,0.3162118780096308,0.49563221120564316
neutral,0.9036697247706422,0.3167202572347267,0.49563221120564316
neutral,0.8990825688073395,0.31561996779388085,0.49563221120564316
neutral,0.8990825688073395,0.3161290322580645,0.49563221120564316
neutral,0.8944954128440367,0.3150242326332795,0.49563221120564316
neutral,0.8944954128440367,0.3155339805825243,0.49563221120564316
neutral,0.8899082568807339,0.31442463533225284,0.49563221120564316
neutral,0.8899082568807339,0.31493506493506496,0.49563221120564316
neutral,0.8899082568807339,0.3154471544715447,0.49563221120564316
neutral,0.8899082568807339,0.31596091205211724,0.49563221120564316
neutral,0.8899082568807339,0.3164763458401305,0.49563221120564316
neutral,0.8853211009174312,0.315359477124183,0.49563221120564316
neutral,0.8853211009174312,0.3158756137479542,0.49563221120564316
neutral,0.8853211009174312,0.3163934426229508,0.49563221120564316
neutral,0.8853211009174312,0.3169129720853859,0.49563221120564316
neutral,0.8853211009174312,0.31743421052631576,0.49563221120564316
neutral,0.8853211009174312,0.31795716639209226,0.49563221120564316
neutral,0.8853211009174312,0.3184818481848185,0.49563221120564316
neutral,0.8853211009174312,0.31900826446280994,0.49563221120564316
neutral,0.8853211009174312,0.3195364238410596,0.49563221120564316
neutral,0.8853211009174312,0.3200663349917081,0.49563221120564316
neutral,0.8853211009174312,0.32059800664451826,0.49563221120564316
neutral,0.8853211009174312,0.3211314475873544,0.49563221120564316
neutral,0.8853211009174312,0.32166666666666666,0.49563221120564316
neutral,0.8853211009174312,0.32220367278797996,0.49563221120564316
neutral,0.8853211009174312,0.32274247491638797,0.49563221120564316
neutral,0.8807339449541285,0.32160804020100503,0.49563221120564316
neutral,0.8761467889908257,0.32046979865771813,0.49563221120564316
neutral,0.8761467889908257,0.32100840336134456,0.49563221120564316
neutral,0.8715596330275229,0.31986531986531985,0.49563221120564316
neutral,0.8715596330275229,0.32040472175379425,0.49563221120564316
neutral,0.8715596330275229,0.32094594594594594,0.49563221120564316
neutral,0.8715596330275229,0.32148900169204736,0.49563221120564316
neutral,0.8715596330275229,0.3220338983050847,0.49563221120564316
neutral,0.8669724770642202,0.32088285229202035,0.49563221120564316
neutral,0.8669724770642202,0.32142857142857145,0.49563221120564316
neutral,0.8669724770642202,0.3219761499148211,0.49563221120564316
neutral,0.8669724770642202,0.3225255972696246,0.49563221120564316
neutral,0.8669724770642202,0.3230769230769231,0.49563221120564316
neutral,0.8669724770642202,0.3236301369863014,0.49563221120564316
neutral,0.8669724770642202,0.3241852487135506,0.49563221120564316
neutral,0.8669724770642202,0.3247422680412371,0.49563221120564316
neutral,0.8623853211009175,0.32358003442340794,0.49563221120564316
neutral,0.8623853211009175,0.32413793103448274,0.49563221120564316
neutral,0.8577981651376146,0.3229706390328152,0.49563221120564316
neutral,0.8577981651376146,0.3235294117647059,0.49563221120564316
neutral,0.8532110091743119,0.3223570190641248,0.49563221120564316
neutral,0.8532110091743119,0.3229166666666667,0.49563221120564316
neutral,0.8532110091743119,0.3234782608695652,0.49563221120564316
neutral,0.8532110091743119,0.3240418118466899,0.49563221120564316
neutral,0.8532110091743119,0.32460732984293195,0.49563221120564316
neutral,0.8532110091743119,0.32517482517482516,0.49563221120564316
neutral,0.8532110091743119,0.3257443082311734,0.49563221120564316
neutral,0.8532110091743119,0.3263157894736842,0.49563221120564316
neutral,0.8532110091743119,0.3268892794376098,0.49563221120564316
neutral,0.8532110091743119,0.3274647887323944,0.49563221120564316
neutral,0.8486238532110092,0.3262786596119929,0.49563221120564316
neutral,0.8486238532110092,0.32685512367491165,0.49563221120564316
neutral,0.8486238532110092,0.3274336283185841,0.49563221120564316
neutral,0.8486238532110092,0.3280141843971631,0.49563221120564316
neutral,0.8486238532110092,0.3285968028419183,0.49563221120564316
neutral,0.8486238532110092,0.3291814946619217,0.49563221120564316
neutral,0.8486238532110092,0.32976827094474154,0.49563221120564316
neutral,0.8486238532110092,0.33035714285714285,0.49563221120564316
neutral,0.8486238532110092,0.33094812164579607,0.49563221120564316
neutral,0.8486238532110092,0.33154121863799285,0.49563221120564316
neutral,0.8440366972477065,0.3303411131059246,0.49563221120564316
neutral,0.8440366972477065,0.33093525179856115,0.49563221120564316
neutral,0.8440366972477065,0.33153153153153153,0.49563221120564316
neutral,0.8440366972477065,0.33212996389891697,0.49563221120564316
neutral,0.8440366972477065,0.33273056057866185,0.49563221120564316
neutral,0.8440366972477065,0.3333333333333333,0.49563221120564316
neutral,0.8440366972477065,0.3339382940108893,0.49563221120564316
neutral,0.8440366972477065,0.33454545454545453,0.49563221120564316
neutral,0.8440366972477065,0.33515482695810567,0.49563221120564316
neutral,0.8440366972477065,0.3357664233576642,0.49563221120564316
neutral,0.8440366972477065,0.33638025594149906,0.49563221120564316
neutral,0.8440366972477065,0.336996336996337,0.49563221120564316
neutral,0.8440366972477065,0.3376146788990826,0.49563221120564316
neutral,0.8440366972477065,0.3382352941176471,0.49563221120564316
neutral,0.8440366972477065,0.3388581952117864,0.49563221120564316
neutral,0.8440366972477065,0.33948339483394835,0.49563221120564316
neutral,0.8394495412844036,0.33826247689463956,0.49563221120564316
neutral,0.8394495412844036,0.3388888888888889,0.49563221120564316
neutral,0.8394495412844036,0.3395176252319109,0.49563221120564316
neutral,0.8394495412844036,0.34014869888475835,0.49563221120564316
neutral,0.8394495412844036,0.3407821229050279,0.49563221120564316
neutral,0.8394495412844036,0.3414179104477612,0.49563221120564316
neutral,0.8394495412844036,0.34205607476635513,0.49563221120564316
neutral,0.8394495412844036,0.34269662921348315,0.49563221120564316
neutral,0.8394495412844036,0.3433395872420263,0.49563221120564316
neutral,0.8394495412844036,0.34398496240601506,0.49563221120564316
neutral,0.8394495412844036,0.3446327683615819,0.49563221120564316
neutral,0.8394495412844036,0.3452830188679245,0.49563221120564316
neutral,0.8394495412844036,0.34593572778827975,0.49563221120564316
neutral,0.8394495412844036,0.3465909090909091,0.49563221120564316
neutral,0.8394495412844036,0.34724857685009486,0.49563221120564316
neutral,0.8348623853211009,0.34600760456273766,0.49563221120564316
neutral,0.8348623853211009,0.3466666666666667,0.49563221120564316
neutral,0.8348623853211009,0.3473282442748092,0.49563221120564316
neutral,0.8348623853211009,0.3479923518164436,0.49563221120564316
neutral,0.8348623853211009,0.3486590038314176,0.49563221120564316
neutral,0.8348623853211009,0.3493282149712092,0.49563221120564316
neutral,0.8348623853211009,0.35,0.49563221120564316
neutral,0.8348623853211009,0.35067437379576105,0.49563221120564316
neutral,0.8348623853211009,0.35135135135135137,0.49563221120564316
neutral,0.8348623853211009,0.3520309477756286,0.49563221120564316
neutral,0.8348623853211009,0.35271317829457366,0.49563221120564316
neutral,0.8348623853211009,0.3533980582524272,0.49563221120564316
neutral,0.8348623853211009,0.3540856031128405,0.49563221120564316
neutral,0.8348623853211009,0.35477582846003897,0.49563221120564316
neutral,0.8302752293577982,0.353515625,0.49563221120564316
neutral,0.8302752293577982,0.3542074363992172,0.49563221120564316
neutral,0.8302752293577982,0.35490196078431374,0.49563221120564316
neutral,0.8256880733944955,0.35363457760314343,0.49563221120564316
neutral,0.8256880733944955,0.3543307086614173,0.49563221120564316
neutral,0.8256880733944955,0.35502958579881655,0.49563221120564316
neutral,0.8256880733944955,0.3557312252964427,0.49563221120564316
neutral,0.8211009174311926,0.35445544554455444,0.49563221120564316
neutral,0.8211009174311926,0.3551587301587302,0.49563221120564316
neutral,0.8211009174311926,0.3558648111332008,0.49563221120564316
neutral,0.8211009174311926,0.3565737051792829,0.49563221120564316
neutral,0.8211009174311926,0.35728542914171657,0.49563221120564316
neutral,0.8211009174311926,0.358,0.49563221120564316
neutral,0.8211009174311926,0.3587174348697395,0.49563221120564316
neutral,0.8211009174311926,0.35943775100401604,0.49563221120564316
neutral,0.8211009174311926,0.36016096579476864,0.49563221120564316
neutral,0.8211009174311926,0.36088709677419356,0.49563221120564316
neutral,0.8211009174311926,0.3616161616161616,0.49563221120564316
neutral,0.8211009174311926,0.3623481781376518,0.49563221120564316
neutral,0.8211009174311926,0.3630831643002028,0.49563221120564316
neutral,0.8211009174311926,0.3638211382113821,0.49563221120564316
neutral,0.8211009174311926,0.3645621181262729,0.49563221120564316
neutral,0.8165137614678899,0.363265306122449,0.49563221120564316
neutral,0.8165137614678899,0.36400817995910023,0.49563221120564316
neutral,0.8165137614678899,0.36475409836065575,0.49563221120564316
neutral,0.8165137614678899,0.3655030800821355,0.49563221120564316
neutral,0.8165137614678899,0.3662551440329218,0.49563221120564316
neutral,0.8165137614678899,0.3670103092783505,0.49563221120564316
neutral,0.8119266055045872,0.365702479338843,0.49563221120564316
neutral,0.8119266055045872,0.36645962732919257,0.49563221120564316
neutral,0.8073394495412844,0.3651452282157676,0.49563221120564316
neutral,0.8073394495412844,0.3659043659043659,0.49563221120564316
neutral,0.8073394495412844,0.36666666666666664,0.49563221120564316
neutral,0.8073394495412844,0.3674321503131524,0.49563221120564316
neutral,0.8073394495412844,0.3682008368200837,0.49563221120564316
neutral,0.8027522935779816,0.3668763102725367,0.49563221120564316
neutral,0.8027522935779816,0.36764705882352944,0.49563221120564316
neutral,0.8027522935779816,0.3684210526315789,0.49563221120564316
neutral,0.8027522935779816,0.3691983122362869,0.49563221120564316
neutral,0.8027522935779816,0.3699788583509514,0.49563221120564316
neutral,0.8027522935779816,0.3707627118644068,0.49563221120564316
neutral,0.8027522935779816,0.37154989384288745,0.49563221120564316
neutral,0.7981651376146789,0.3702127659574468,0.49563221120564316
neutral,0.7981651376146789,0.37100213219616207,0.49563221120564316
neutral,0.7935779816513762,0.3696581196581197,0.49563221120564316
neutral,0.7935779816513762,0.37044967880085655,0.49563221120564316
neutral,0.7935779816513762,0.37124463519313305,0.49563221120564316
neutral,0.7935779816513762,0.3720430107526882,0.49563221120564316
neutral,0.7935779816513762,0.3728448275862069,0.49563221120564316
neutral,0.7889908256880734,0.3714902807775378,0.49563221120564316
neutral,0.7844036697247706,0.37012987012987014,0.49563221120564316
neutral,0.7844036697247706,0.37093275488069416,0.49563221120564316
neutral,0.7844036697247706,0.3717391304347826,0.49563221120564316
neutral,0.7844036697247706,0.37254901960784315,0.49563221120564316
neutral,0.7844036697247706,0.37336244541484714,0.49563221120564316
neutral,0.7844036697247706,0.3741794310722101,0.49563221120564316
neutral,0.7844036697247706,0.375,0.49563221120564316
neutral,0.7798165137614679,0.37362637362637363,0.49563221120564316
neutral,0.7798165137614679,0.3744493392070485,0.49563221120564316
neutral,0.7798165137614679,0.37527593818984545,0.49563221120564316
neutral,0.7798165137614679,0.37610619469026546,0.49563221120564316
neutral,0.7752293577981652,0.37472283813747226,0.49563221120564316
neutral,0.7752293577981652,0.37555555555555553,0.49563221120564316
neutral,0.7752293577981652,0.37639198218262804,0.49563221120564316
neutral,0.7706422018348624,0.375,0.49563221120564316
neutral,0.7706422018348624,0.37583892617449666,0.49563221120564316
neutral,0.7706422018348624,0.37668161434977576,0.49563221120564316
neutral,0.7660550458715596,0.3752808988764045,0.49563221120564316
neutral,0.7660550458715596,0.3761261261261261,0.49563221120564316
neutral,0.7660550458715596,0.37697516930022573,0.49563221120564316
neutral,0.7614678899082569,0.3755656108597285,0.49563221120564316
neutral,0.7614678899082569,0.3764172335600907,0.49563221120564316
neutral,0.7614678899082569,0.37727272727272726,0.49563221120564316
neutral,0.7568807339449541,0.37585421412300685,0.49563221120564316
neutral,0.7568807339449541,0.3767123287671233,0.49563221120564316
neutral,0.7568807339449541,0.37757437070938216,0.49563221120564316
neutral,0.7568807339449541,0.37844036697247707,0.49563221120564316
neutral,0.7568807339449541,0.3793103448275862,0.49563221120564316
neutral,0.7568807339449541,0.38018433179723504,0.49563221120564316
neutral,0.7568807339449541,0.3810623556581986,0.49563221120564316
neutral,0.7568807339449541,0.3819444444444444,0.49563221120564316
neutral,0.7568807339449541,0.382830626450116,0.49563221120564316
neutral,0.7568807339449541,0.38372093023255816,0.49563221120564316
neutral,0.7568807339449541,0.38461538461538464,0.49563221120564316
neutral,0.7568807339449541,0.3855140186915888,0.49563221120564316
neutral,0.7568807339449541,0.3864168618266979,0.49563221120564316
neutral,0.7568807339449541,0.3873239436619718,0.49563221120564316
neutral,0.7568807339449541,0.38823529411764707,0.49563221120564316
neutral,0.7568807339449541,0.3891509433962264,0.49563221120564316
neutral,0.7522935779816514,0.3877068557919622,0.49563221120564316
neutral,0.7522935779816514,0.3886255924170616,0.49563221120564316
neutral,0.7522935779816514,0.38954869358669836,0.49563221120564316
neutral,0.7522935779816514,0.3904761904761905,0.49563221120564316
neutral,0.7477064220183486,0.38902147971360385,0.49563221120564316
neutral,0.7477064220183486,0.38995215311004783,0.49563221120564316
neutral,0.7431192660550459,0.38848920863309355,0.49563221120564316
neutral,0.7431192660550459,0.3894230769230769,0.49563221120564316
neutral,0.7431192660550459,0.39036144578313253,0.49563221120564316
neutral,0.7431192660550459,0.391304347826087,0.49563221120564316
neutral,0.7385321100917431,0.3898305084745763,0.49563221120564316
neutral,0.7339449541284404,0.3883495145631068,0.49563221120564316
neutral,0.7339449541284404,0.38929440389294406,0.49563221120564316
neutral,0.7339449541284404,0.3902439024390244,0.49563221120564316
neutral,0.7339449541284404,0.39119804400978,0.49563221120564316
neutral,0.7293577981651376,0.3897058823529412,0.49563221120564316
neutral,0.7247706422018348,0.3882063882063882,0.49563221120564316
neutral,0.7247706422018348,0.3891625615763547,0.49563221120564316
neutral,0.7247706422018348,0.39012345679012345,0.49563221120564316
neutral,0.7247706422018348,0.3910891089108911,0.49563221120564316
neutral,0.7247706422018348,0.3920595533498759,0.49563221120564316
neutral,0.7247706422018348,0.39303482587064675,0.49563221120564316
neutral,0.7247706422018348,0.3940149625935162,0.49563221120564316
neutral,0.7201834862385321,0.3925,0.49563221120564316
neutral,0.7201834862385321,0.39348370927318294,0.49563221120564316
neutral,0.7201834862385321,0.3944723618090452,0.49563221120564316
neutral,0.7155963302752294,0.3929471032745592,0.49563221120564316
neutral,0.7155963302752294,0.3939393939393939,0.49563221120564316
neutral,0.7155963302752294,0.3949367088607595,0.49563221120564316
neutral,0.7155963302752294,0.39593908629441626,0.49563221120564316
neutral,0.7155963302752294,0.3969465648854962,0.49563221120564316
neutral,0.7155963302752294,0.3979591836734694,0.49563221120564316
neutral,0.7155963302752294,0.3989769820971867,0.49563221120564316
neutral,0.7155963302752294,0.4,0.49563221120564316
neutral,0.7110091743119266,0.39845758354755784,0.49563221120564316
neutral,0.7064220183486238,0.39690721649484534,0.49563221120564316
neutral,0.7018348623853211,0.3953488372093023,0.49563221120564316
neutral,0.7018348623853211,0.3963730569948187,0.49563221120564316
neutral,0.6972477064220184,0.3948051948051948,0.49563221120564316
neutral,0.6972477064220184,0.3958333333333333,0.49563221120564316
neutral,0.6972477064220184,0.3968668407310705,0.49563221120564316
neutral,0.6972477064220184,0.39790575916230364,0.49563221120564316
neutral,0.6972477064220184,0.3989501312335958,0.49563221120564316
neutral,0.6926605504587156,0.3973684210526316,0.49563221120564316
neutral,0.6926605504587156,0.39841688654353563,0.49563221120564316
neutral,0.6926605504587156,0.3994708994708995,0.49563221120564316
neutral,0.6926605504587156,0.4005305039787798,0.49563221120564316
neutral,0.6926605504587156,0.4015957446808511,0.49563221120564316
neutral,0.6926605504587156,0.4026666666666667,0.49563221120564316
neutral,0.6926605504587156,0.4037433155080214,0.49563221120564316
neutral,0.6926605504587156,0.40482573726541554,0.49563221120564316
neutral,0.6926605504587156,0.40591397849462363,0.49563221120564316
neutral,0.6926605504587156,0.40700808625336926,0.49563221120564316
neutral,0.6926605504587156,0.4081081081081081,0.49563221120564316
neutral,0.6926605504587156,0.4092140921409214,0.49563221120564316
neutral,0.6926605504587156,0.41032608695652173,0.49563221120564316
neutral,0.6926605504587156,0.4114441416893733,0.49563221120564316
neutral,0.6880733944954128,0.4098360655737705,0.49563221120564316
neutral,0.6880733944954128,0.410958904109589,0.49563221120564316
neutral,0.6880733944954128,0.41208791208791207,0.49563221120564316
neutral,0.6880733944954128,0.4132231404958678,0.49563221120564316
neutral,0.6880733944954128,0.4143646408839779,0.49563221120564316
neutral,0.6880733944954128,0.4155124653739612,0.49563221120564316
neutral,0.6834862385321101,0.41388888888888886,0.49563221120564316
neutral,0.6834862385321101,0.415041782729805,0.49563221120564316
neutral,0.6834862385321101,0.41620111731843573,0.49563221120564316
neutral,0.6788990825688074,0.41456582633053224,0.49563221120564316
neutral,0.6788990825688074,0.4157303370786517,0.49563221120564316
neutral,0.6743119266055045,0.4140845070422535,0.49563221120564316
neutral,0.6743119266055045,0.4152542372881356,0.49563221120564316
neutral,0.6743119266055045,0.4164305949008499,0.49563221120564316
neutral,0.6743119266055045,0.41761363636363635,0.49563221120564316
neutral,0.6697247706422018,0.41595441595441596,0.49563221120564316
neutral,0.6697247706422018,0.41714285714285715,0.49563221120564316
neutral,0.6651376146788991,0.4154727793696275,0.49563221120564316
neutral,0.6651376146788991,0.4166666666666667,0.49563221120564316
neutral,0.6605504587155964,0.414985590778098,0.49563221120564316
neutral,0.6559633027522935,0.41329479768786126,0.49563221120564316
neutral,0.6559633027522935,0.4144927536231884,0.49563221120564316
neutral,0.6559633027522935,0.41569767441860467,0.49563221120564316
neutral,0.6513761467889908,0.4139941690962099,0.49563221120564316
neutral,0.6513761467889908,0.4152046783625731,0.49563221120564316
neutral,0.6467889908256881,0.41348973607038125,0.49563221120564316
neutral,0.6467889908256881,0.4147058823529412,0.49563221120564316
neutral,0.6422018348623854,0.41297935103244837,0.49563221120564316
neutral,0.6422018348623854,0.41420118343195267,0.49563221120564316
neutral,0.6422018348623854,0.41543026706231456,0.49563221120564316
neutral,0.6422018348623854,0.4166666666666667,0.49563221120564316
neutral,0.6422018348623854,0.417910447761194,0.49563221120564316
neutral,0.6422018348623854,0.41916167664670656,0.49563221120564316
neutral,0.6422018348623854,0.42042042042042044,0.49563221120564316
neutral,0.6376146788990825,0.4186746987951807,0.49563221120564316
neutral,0.6376146788990825,0.4199395770392749,0.49563221120564316
neutral,0.6376146788990825,0.4212121212121212,0.49563221120564316
neutral,0.6376146788990825,0.42249240121580545,0.49563221120564316
neutral,0.6330275229357798,0.42073170731707316,0.49563221120564316
neutral,0.6330275229357798,0.42201834862385323,0.49563221120564316
neutral,0.6330275229357798,0.4233128834355828,0.49563221120564316
neutral,0.6330275229357798,0.4246153846153846,0.49563221120564316
neutral,0.6330275229357798,0.42592592592592593,0.49563221120564316
neutral,0.6284403669724771,0.4241486068111455,0.49563221120564316
neutral,0.6284403669724771,0.4254658385093168,0.49563221120564316
neutral,0.6284403669724771,0.42679127725856697,0.49563221120564316
neutral,0.6238532110091743,0.425,0.49563221120564316
neutral,0.6192660550458715,0.4231974921630094,0.49563221120564316
neutral,0.6192660550458715,0.42452830188679247,0.49563221120564316
neutral,0.6192660550458715,0.42586750788643535,0.49563221120564316
neutral,0.6146788990825688,0.4240506329113924,0.49563221120564316
neutral,0.6100917431192661,0.4222222222222222,0.49563221120564316
neutral,0.6100917431192661,0.42356687898089174,0.49563221120564316
neutral,0.6100917431192661,0.4249201277955272,0.49563221120564316
neutral,0.6100917431192661,0.42628205128205127,0.49563221120564316
neutral,0.6100917431192661,0.42765273311897106,0.49563221120564316
neutral,0.6055045871559633,0.4258064516129032,0.49563221120564316
neutral,0.6055045871559633,0.42718446601941745,0.49563221120564316
neutral,0.6055045871559633,0.42857142857142855,0.49563221120564316
neutral,0.6055045871559633,0.42996742671009774,0.49563221120564316
neutral,0.6055045871559633,0.43137254901960786,0.49563221120564316
neutral,0.6009174311926605,0.42950819672131146,0.49563221120564316
neutral,0.6009174311926605,0.4309210526315789,0.49563221120564316
neutral,0.6009174311926605,0.43234323432343236,0.49563221120564316
neutral,0.6009174311926605,0.4337748344370861,0.49563221120564316
neutral,0.5963302752293578,0.4318936877076412,0.49563221120564316
neutral,0.5963302752293578,0.43333333333333335,0.49563221120564316
neutral,0.5963302752293578,0.43478260869565216,0.49563221120564316
neutral,0.591743119266055,0.43288590604026844,0.49563221120564316
neutral,0.591743119266055,0.43434343434343436,0.49563221120564316
neutral,0.591743119266055,0.4358108108108108,0.49563221120564316
neutral,0.591743119266055,0.43728813559322033,0.49563221120564316
neutral,0.5871559633027523,0.43537414965986393,0.49563221120564316
neutral,0.5871559633027523,0.43686006825938567,0.49563221120564316
neutral,0.5871559633027523,0.4383561643835616,0.49563221120564316
neutral,0.5825688073394495,0.436426116838488,0.49563221120564316
neutral,0.5825688073394495,0.4379310344827586,0.49563221120564316
neutral,0.5825688073394495,0.43944636678200694,0.49563221120564316
neutral,0.5779816513761468,0.4375,0.49563221120564316
neutral,0.5779816513761468,0.43902439024390244,0.49563221120564316
neutral,0.5779816513761468,0.4405594405594406,0.49563221120564316
neutral,0.5779816513761468,0.4421052631578947,0.49563221120564316
neutral,0.573394495412844,0.44014084507042256,0.49563221120564316
neutral,0.573394495412844,0.4416961130742049,0.49563221120564316
neutral,0.573394495412844,0.4432624113475177,0.49563221120564316
neutral,0.5688073394495413,0.4412811387900356,0.49563221120564316
neutral,0.5688073394495413,0.44285714285714284,0.49563221120564316
neutral,0.5688073394495413,0.4444444444444444,0.49563221120564316
neutral,0.5688073394495413,0.4460431654676259,0.49563221120564316
neutral,0.5642201834862385,0.44404332129963897,0.49563221120564316
neutral,0.5642201834862385,0.44565217391304346,0.49563221120564316
neutral,0.5596330275229358,0.44363636363636366,0.49563221120564316
neutral,0.5596330275229358,0.44525547445255476,0.49563221120564316
neutral,0.5596330275229358,0.4468864468864469,0.49563221120564316
neutral,0.555045871559633,0.44485294117647056,0.49563221120564316
neutral,0.555045871559633,0.44649446494464945,0.49563221120564316
neutral,0.5504587155963303,0.4444444444444444,0.49563221120564316
neutral,0.5504587155963303,0.44609665427509293,0.49563221120564316
neutral,0.5504587155963303,0.44776119402985076,0.49563221120564316
neutral,0.5458715596330275,0.44569288389513106,0.49563221120564316
neutral,0.5458715596330275,0.4473684210526316,0.49563221120564316
neutral,0.5458715596330275,0.4490566037735849,0.49563221120564316
neutral,0.5458715596330275,0.45075757575757575,0.49563221120564316
neutral,0.5458715596330275,0.4524714828897338,0.49563221120564316
neutral,0.5458715596330275,0.4541984732824427,0.49563221120564316
neutral,0.5458715596330275,0.4559386973180077,0.49563221120564316
neutral,0.5458715596330275,0.4576923076923077,0.49563221120564316
neutral,0.5458715596330275,0.4594594594594595,0.49563221120564316
neutral,0.5458715596330275,0.46124031007751937,0.49563221120564316
neutral,0.5458715596330275,0.46303501945525294,0.49563221120564316
neutral,0.5412844036697247,0.4609375,0.49563221120564316
neutral,0.5412844036697247,0.4627450980392157,0.49563221120564316
neutral,0.5412844036697247,0.4645669291338583,0.49563221120564316
neutral,0.5412844036697247,0.466403162055336,0.49563221120564316
neutral,0.5412844036697247,0.46825396825396826,0.49563221120564316
neutral,0.5412844036697247,0.4701195219123506,0.49563221120564316
neutral,0.5412844036697247,0.472,0.49563221120564316
neutral,0.5412844036697247,0.4738955823293173,0.49563221120564316
neutral,0.5412844036697247,0.47580645161290325,0.49563221120564316
neutral,0.5412844036697247,0.4777327935222672,0.49563221120564316
neutral,0.536697247706422,0.47560975609756095,0.49563221120564316
neutral,0.536697247706422,0.4775510204081633,0.49563221120564316
neutral,0.536697247706422,0.47950819672131145,0.49563221120564316
neutral,0.536697247706422,0.48148148148148145,0.49563221120564316
neutral,0.5321100917431193,0.4793388429752066,0.49563221120564316
neutral,0.5321100917431193,0.48132780082987553,0.49563221120564316
neutral,0.5275229357798165,0.4791666666666667,0.49563221120564316
neutral,0.5275229357798165,0.4811715481171548,0.49563221120564316
neutral,0.5275229357798165,0.4831932773109244,0.49563221120564316
neutral,0.5275229357798165,0.48523206751054854,0.49563221120564316
neutral,0.5229357798165137,0.4830508474576271,0.49563221120564316
neutral,0.5229357798165137,0.4851063829787234,0.49563221120564316
neutral,0.5229357798165137,0.48717948717948717,0.49563221120564316
neutral,0.5229357798165137,0.4892703862660944,0.49563221120564316
neutral,0.518348623853211,0.4870689655172414,0.49563221120564316
neutral,0.5137614678899083,0.48484848484848486,0.49563221120564316
neutral,0.5137614678899083,0.48695652173913045,0.49563221120564316
neutral,0.5137614678899083,0.4890829694323144,0.49563221120564316
neutral,0.5091743119266054,0.4868421052631579,0.49563221120564316
neutral,0.5045871559633027,0.4845814977973568,0.49563221120564316
neutral,0.5045871559633027,0.48672566371681414,0.49563221120564316
neutral,0.5045871559633027,0.4888888888888889,0.49563221120564316
neutral,0.5,0.48660714285714285,0.49563221120564316
neutral,0.5,0.48878923766816146,0.49563221120564316
neutral,0.4954128440366973,0.4864864864864865,0.49563221120564316
neutral,0.4908256880733945,0.4841628959276018,0.49563221120564316
neutral,0.4908256880733945,0.4863636363636364,0.49563221120564316
neutral,0.4908256880733945,0.4885844748858447,0.49563221120564316
neutral,0.4908256880733945,0.4908256880733945,0.49563221120564316
neutral,0.4908256880733945,0.4930875576036866,0.49563221120564316
neutral,0.4908256880733945,0.49537037037037035,0.49563221120564316
neutral,0.48623853211009177,0.4930232558139535,0.49563221120564316
neutral,0.48623853211009177,0.4953271028037383,0.49563221120564316
neutral,0.481651376146789,0.49295774647887325,0.49563221120564316
neutral,0.47706422018348627,0.49056603773584906,0.49563221120564316
neutral,0.47706422018348627,0.4928909952606635,0.49563221120564316
neutral,0.47706422018348627,0.49523809523809526,0.49563221120564316
neutral,0.47706422018348627,0.49760765550239233,0.49563221120564316
neutral,0.47706422018348627,0.5,0.49563221120564316
neutral,0.4724770642201835,0.4975845410628019,0.49563221120564316
neutral,0.4724770642201835,0.5,0.49563221120564316
neutral,0.4724770642201835,0.5024390243902439,0.49563221120564316
neutral,0.4724770642201835,0.5049019607843137,0.49563221120564316
neutral,0.46788990825688076,0.5024630541871922,0.49563221120564316
neutral,0.46788990825688076,0.504950495049505,0.49563221120564316
neutral,0.463302752293578,0.5024875621890548,0.49563221120564316
neutral,0.45871559633027525,0.5,0.49563221120564316
neutral,0.45871559633027525,0.5025125628140703,0.49563221120564316
neutral,0.45871559633027525,0.5050505050505051,0.49563221120564316
neutral,0.45871559633027525,0.5076142131979695,0.49563221120564316
neutral,0.45871559633027525,0.5102040816326531,0.49563221120564316
neutral,0.45871559633027525,0.5128205128205128,0.49563221120564316
neutral,0.45871559633027525,0.5154639175257731,0.49563221120564316
neutral,0.4541284403669725,0.5129533678756477,0.49563221120564316
neutral,0.4541284403669725,0.515625,0.49563221120564316
neutral,0.4541284403669725,0.518324607329843,0.49563221120564316
neutral,0.4541284403669725,0.5210526315789473,0.49563221120564316
neutral,0.4541284403669725,0.5238095238095238,0.49563221120564316
neutral,0.44954128440366975,0.5212765957446809,0.49563221120564316
neutral,0.44954128440366975,0.5240641711229946,0.49563221120564316
neutral,0.44495412844036697,0.521505376344086,0.49563221120564316
neutral,0.44036697247706424,0.518918918918919,0.49563221120564316
neutral,0.44036697247706424,0.5217391304347826,0.49563221120564316
neutral,0.44036697247706424,0.5245901639344263,0.49563221120564316
neutral,0.43577981651376146,0.521978021978022,0.49563221120564316
neutral,0.43577981651376146,0.5248618784530387,0.49563221120564316
neutral,0.43577981651376146,0.5277777777777778,0.49563221120564316
neutral,0.43119266055045874,0.5251396648044693,0.49563221120564316
neutral,0.43119266055045874,0.5280898876404494,0.49563221120564316
neutral,0.43119266055045874,0.5310734463276836,0.49563221120564316
neutral,0.43119266055045874,0.5340909090909091,0.49563221120564316
neutral,0.42660550458715596,0.5314285714285715,0.49563221120564316
neutral,0.42660550458715596,0.5344827586206896,0.49563221120564316
neutral,0.42660550458715596,0.5375722543352601,0.49563221120564316
neutral,0.42201834862385323,0.5348837209302325,0.49563221120564316
neutral,0.42201834862385323,0.5380116959064327,0.49563221120564316
neutral,0.41743119266055045,0.5352941176470588,0.49563221120564316
neutral,0.41743119266055045,0.5384615384615384,0.49563221120564316
neutral,0.41743119266055045,0.5416666666666666,0.49563221120564316
neutral,0.41284403669724773,0.5389221556886228,0.49563221120564316
neutral,0.40825688073394495,0.536144578313253,0.49563221120564316
neutral,0.4036697247706422,0.5333333333333333,0.49563221120564316
neutral,0.39908256880733944,0.5304878048780488,0.49563221120564316
neutral,0.3944954128440367,0.5276073619631901,0.49563221120564316
neutral,0.38990825688073394,0.5246913580246914,0.49563221120564316
neutral,0.38990825688073394,0.5279503105590062,0.49563221120564316
neutral,0.38990825688073394,0.53125,0.49563221120564316
neutral,0.38990825688073394,0.5345911949685535,0.49563221120564316
neutral,0.3853211009174312,0.5316455696202531,0.49563221120564316
neutral,0.3853211009174312,0.535031847133758,0.49563221120564316
neutral,0.38073394495412843,0.532051282051282,0.49563221120564316
neutral,0.3761467889908257,0.5290322580645161,0.49563221120564316
neutral,0.3761467889908257,0.5324675324675324,0.49563221120564316
neutral,0.3761467889908257,0.5359477124183006,0.49563221120564316
neutral,0.37155963302752293,0.5328947368421053,0.49563221120564316
neutral,0.3669724770642202,0.5298013245033113,0.49563221120564316
neutral,0.3669724770642202,0.5333333333333333,0.49563221120564316
neutral,0.3623853211009174,0.5302013422818792,0.49563221120564316
neutral,0.3623853211009174,0.5337837837837838,0.49563221120564316
neutral,0.3623853211009174,0.5374149659863946,0.49563221120564316
neutral,0.3577981651376147,0.5342465753424658,0.49563221120564316
neutral,0.3577981651376147,0.5379310344827586,0.49563221120564316
neutral,0.3577981651376147,0.5416666666666666,0.49563221120564316
neutral,0.3577981651376147,0.5454545454545454,0.49563221120564316
neutral,0.3532110091743119,0.5422535211267606,0.49563221120564316
neutral,0.3532110091743119,0.5460992907801419,0.49563221120564316
neutral,0.3532110091743119,0.55,0.49563221120564316
neutral,0.3486238532110092,0.5467625899280576,0.49563221120564316
neutral,0.3440366972477064,0.5434782608695652,0.49563221120564316
neutral,0.3440366972477064,0.5474452554744526,0.49563221120564316
neutral,0.3394495412844037,0.5441176470588235,0.49563221120564316
neutral,0.3394495412844037,0.5481481481481482,0.49563221120564316
neutral,0.3348623853211009,0.5447761194029851,0.49563221120564316
neutral,0.3302752293577982,0.5413533834586466,0.49563221120564316
neutral,0.3302752293577982,0.5454545454545454,0.49563221120564316
neutral,0.3256880733944954,0.5419847328244275,0.49563221120564316
neutral,0.3211009174311927,0.5384615384615384,0.49563221120564316
neutral,0.3211009174311927,0.5426356589147286,0.49563221120564316
neutral,0.3165137614678899,0.5390625,0.49563221120564316
neutral,0.3119266055045872,0.5354330708661418,0.49563221120564316
neutral,0.3119266055045872,0.5396825396825397,0.49563221120564316
neutral,0.3073394495412844,0.536,0.49563221120564316
neutral,0.3073394495412844,0.5403225806451613,0.49563221120564316
neutral,0.30275229357798167,0.5365853658536586,0.49563221120564316
neutral,0.2981651376146789,0.5327868852459017,0.49563221120564316
neutral,0.2981651376146789,0.5371900826446281,0.49563221120564316
neutral,0.2981651376146789,0.5416666666666666,0.49563221120564316
neutral,0.2981651376146789,0.5462184873949579,0.49563221120564316
neutral,0.2981651376146789,0.5508474576271186,0.49563221120564316
neutral,0.29357798165137616,0.5470085470085471,0.49563221120564316
neutral,0.29357798165137616,0.5517241379310345,0.49563221120564316
neutral,0.29357798165137616,0.5565217391304348,0.49563221120564316
neutral,0.29357798165137616,0.5614035087719298,0.49563221120564316
neutral,0.29357798165137616,0.5663716814159292,0.49563221120564316
neutral,0.29357798165137616,0.5714285714285714,0.49563221120564316
neutral,0.2889908256880734,0.5675675675675675,0.49563221120564316
neutral,0.28440366972477066,0.5636363636363636,0.49563221120564316
neutral,0.2798165137614679,0.5596330275229358,0.49563221120564316
neutral,0.2798165137614679,0.5648148148148148,0.49563221120564316
neutral,0.27522935779816515,0.5607476635514018,0.49563221120564316
neutral,0.27522935779816515,0.5660377358490566,0.49563221120564316
neutral,0.27522935779816515,0.5714285714285714,0.49563221120564316
neutral,0.27522935779816515,0.5769230769230769,0.49563221120564316
neutral,0.2706422018348624,0.5728155339805825,0.49563221120564316
neutral,0.26605504587155965,0.5686274509803921,0.49563221120564316
neutral,0.26605504587155965,0.5742574257425742,0.49563221120564316
neutral,0.26605504587155965,0.58,0.49563221120564316
neutral,0.26605504587155965,0.5858585858585859,0.49563221120564316
neutral,0.26605504587155965,0.5918367346938775,0.49563221120564316
neutral,0.26605504587155965,0.5979381443298969,0.49563221120564316
neutral,0.26605504587155965,0.6041666666666666,0.49563221120564316
neutral,0.26146788990825687,0.6,0.49563221120564316
neutral,0.26146788990825687,0.6063829787234043,0.49563221120564316
neutral,0.26146788990825687,0.6129032258064516,0.49563221120564316
neutral,0.26146788990825687,0.6195652173913043,0.49563221120564316
neutral,0.26146788990825687,0.6263736263736264,0.49563221120564316
neutral,0.25688073394495414,0.6222222222222222,0.49563221120564316
neutral,0.25229357798165136,0.6179775280898876,0.49563221120564316
neutral,0.24770642201834864,0.6136363636363636,0.49563221120564316
neutral,0.24770642201834864,0.6206896551724138,0.49563221120564316
neutral,0.24770642201834864,0.627906976744186,0.49563221120564316
neutral,0.24311926605504589,0.6235294117647059,0.49563221120564316
neutral,0.23853211009174313,0.6190476190476191,0.49563221120564316
neutral,0.23853211009174313,0.6265060240963856,0.49563221120564316
neutral,0.23394495412844038,0.6219512195121951,0.49563221120564316
neutral,0.22935779816513763,0.6172839506172839,0.49563221120564316
neutral,0.22477064220183487,0.6125,0.49563221120564316
neutral,0.22477064220183487,0.620253164556962,0.49563221120564316
neutral,0.22018348623853212,0.6153846153846154,0.49563221120564316
neutral,0.22018348623853212,0.6233766233766234,0.49563221120564316
neutral,0.22018348623853212,0.631578947368421,0.49563221120564316
neutral,0.21559633027522937,0.6266666666666667,0.49563221120564316
neutral,0.21559633027522937,0.6351351351351351,0.49563221120564316
neutral,0.21100917431192662,0.6301369863013698,0.49563221120564316
neutral,0.20642201834862386,0.625,0.49563221120564316
neutral,0.20642201834862386,0.6338028169014085,0.49563221120564316
neutral,0.20642201834862386,0.6428571428571429,0.49563221120564316
neutral,0.20642201834862386,0.6521739130434783,0.49563221120564316
neutral,0.2018348623853211,0.6470588235294118,0.49563221120564316
neutral,0.2018348623853211,0.6567164179104478,0.49563221120564316
neutral,0.19724770642201836,0.6515151515151515,0.49563221120564316
neutral,0.19724770642201836,0.6615384615384615,0.49563221120564316
neutral,0.1926605504587156,0.65625,0.49563221120564316
neutral,0.1926605504587156,0.6666666666666666,0.49563221120564316
neutral,0.18807339449541285,0.6612903225806451,0.49563221120564316
neutral,0.1834862385321101,0.6557377049180327,0.49563221120564316
neutral,0.1834862385321101,0.6666666666666666,0.49563221120564316
neutral,0.17889908256880735,0.6610169491525424,0.49563221120564316
neutral,0.1743119266055046,0.6551724137931034,0.49563221120564316
neutral,0.16972477064220184,0.6491228070175439,0.49563221120564316
neutral,0.1651376146788991,0.6428571428571429,0.49563221120564316
neutral,0.1651376146788991,0.6545454545454545,0.49563221120564316
neutral,0.1651376146788991,0.6666666666666666,0.49563221120564316
neutral,0.16055045871559634,0.660377358490566,0.49563221120564316
neutral,0.16055045871559634,0.6730769230769231,0.49563221120564316
neutral,0.16055045871559634,0.6862745098039216,0.49563221120564316
neutral,0.16055045871559634,0.7,0.49563221120564316
neutral,0.16055045871559634,0.7142857142857143,0.49563221120564316
neutral,0.1559633027522936,0.7083333333333334,0.49563221120564316
neutral,0.1559633027522936,0.723404255319149,0.49563221120564316
neutral,0.15137614678899083,0.717391304347826,0.49563221120564316
neutral,0.15137614678899083,0.7333333333333333,0.49563221120564316
neutral,0.15137614678899083,0.75,0.49563221120564316
neutral,0.14678899082568808,0.7441860465116279,0.49563221120564316
neutral,0.14220183486238533,0.7380952380952381,0.49563221120564316
neutral,0.13761467889908258,0.7317073170731707,0.49563221120564316
neutral,0.13302752293577982,0.725,0.49563221120564316
neutral,0.12844036697247707,0.717948717948718,0.49563221120564316
neutral,0.12844036697247707,0.7368421052631579,0.49563221120564316
neutral,0.12844036697247707,0.7567567567567568,0.49563221120564316
neutral,0.12385321100917432,0.75,0.49563221120564316
neutral,0.12385321100917432,0.7714285714285715,0.49563221120564316
neutral,0.11926605504587157,0.7647058823529411,0.49563221120564316
neutral,0.11926605504587157,0.7878787878787878,0.49563221120564316
neutral,0.11467889908256881,0.78125,0.49563221120564316
neutral,0.11009174311926606,0.7741935483870968,0.49563221120564316
neutral,0.10550458715596331,0.7666666666666667,0.49563221120564316
neutral,0.10091743119266056,0.7586206896551724,0.49563221120564316
neutral,0.0963302752293578,0.75,0.49563221120564316
neutral,0.09174311926605505,0.7407407407407407,0.49563221120564316
neutral,0.0871559633027523,0.7307692307692307,0.49563221120564316
neutral,0.08256880733944955,0.72,0.49563221120564316
neutral,0.0779816513761468,0.7083333333333334,0.49563221120564316
neutral,0.07339449541284404,0.6956521739130435,0.49563221120564316
neutral,0.06880733944954129,0.6818181818181818,0.49563221120564316
neutral,0.06880733944954129,0.7142857142857143,0.49563221120564316
neutral,0.06422018348623854,0.7,0.49563221120564316
neutral,0.05963302752293578,0.6842105263157895,0.49563221120564316
neutral,0.05504587155963303,0.6666666666666666,0.49563221120564316
neutral,0.05045871559633028,0.6470588235294118,0.49563221120564316
neutral,0.045871559633027525,0.625,0.49563221120564316
neutral,0.045871559633027525,0.6666666666666666,0.49563221120564316
neutral,0.04128440366972477,0.6428571428571429,0.49563221120564316
neutral,0.03669724770642202,0.6153846153846154,0.49563221120564316
neutral,0.03211009174311927,0.5833333333333334,0.49563221120564316
neutral,0.03211009174311927,0.6363636363636364,0.49563221120564316
neutral,0.027522935779816515,0.6,0.49563221120564316
neutral,0.022935779816513763,0.5555555555555556,0.49563221120564316
neutral,0.022935779816513763,0.625,0.49563221120564316
neutral,0.022935779816513763,0.7142857142857143,0.49563221120564316
neutral,0.01834862385321101,0.6666666666666666,0.49563221120564316
neutral,0.013761467889908258,0.6,0.49563221120564316
neutral,0.013761467889908258,0.75,0.49563221120564316
neutral,0.013761467889908258,1.0,0.49563221120564316
neutral,0.009174311926605505,1.0,0.49563221120564316
neutral,0.0045871559633027525,1.0,0.49563221120564316
neutral,0.0,1.0,0.49563221120564316
positive,1.0,0.17058428475486903,0.47999356685073324
positive,1.0,0.17069892473118278,0.47999356685073324
positive,1.0,0.17081371889710828,0.47999356685073324
positive,1.0,0.17092866756393002,0.47999356685073324
positive,1.0,0.17104377104377105,0.47999356685073324
positive,1.0,0.1711590296495957,0.47999356685073324
positive,1.0,0.1712744436952124,0.47999356685073324
positive,1.0,0.17139001349527666,0.47999356685073324
positive,1.0,0.17150573936529373,0.47999356685073324
positive,1.0,0.17162162162162162,0.47999356685073324
positive,1.0,0.17173766058147397,0.47999356685073324
positive,1.0,0.17185385656292287,0.47999356685073324
positive,1.0,0.17197020988490183,0.47999356685073324
positive,1.0,0.17208672086720866,0.47999356685073324
positive,1.0,0.17220338983050848,0.47999356685073324
positive,1.0,0.1723202170963365,0.47999356685073324
positive,1.0,0.17243720298710116,0.47999356685073324
positive,1.0,0.17255434782608695,0.47999356685073324
positive,1.0,0.1726716519374575,0.47999356685073324
positive,1.0,0.1727891156462585,0.47999356685073324
positive,1.0,0.1729067392784207,0.47999356685073324
positive,1.0,0.17302452316076294,0.47999356685073324
positive,1.0,0.17314246762099522,0.47999356685073324
positive,0.9960629921259843,0.17257844474761255,0.47999356685073324
positive,0.9960629921259843,0.1726962457337884,0.47999356685073324
positive,0.9960629921259843,0.17281420765027322,0.47999356685073324
positive,0.9960629921259843,0.17293233082706766,0.47999356685073324
positive,0.9960629921259843,0.17305061559507523,0.47999356685073324
positive,0.9960629921259843,0.1731690622861054,0.47999356685073324
positive,0.9960629921259843,0.17328767123287672,0.47999356685073324
positive,0.9960629921259843,0.17340644276901987,0.47999356685073324
positive,0.9960629921259843,0.17352537722908093,0.47999356685073324
positive,0.9960629921259843,0.17364447494852436,0.47999356685073324
positive,0.9960629921259843,0.17376373626373626,0.47999356685073324
positive,0.9960629921259843,0.17388316151202748,0.47999356685073324
positive,0.9960629921259843,0.17400275103163687,0.47999356685073324
positive,0.9960629921259843,0.17412250516173433,0.47999356685073324
positive,0.9960629921259843,0.17424242424242425,0.47999356685073324
positive,0.9960629921259843,0.17436250861474845,0.47999356685073324
positive,0.9960629921259843,0.17448275862068965,0.47999356685073324
positive,0.9960629921259843,0.1746031746031746,0.47999356685073324
positive,0.9960629921259843,0.17472375690607736,0.47999356685073324
positive,0.9960629921259843,0.17484450587422254,0.47999356685073324
positive,0.9960629921259843,0.17496542185338865,0.47999356685073324
positive,0.9960629921259843,0.1750865051903114,0.47999356685073324
positive,0.9960629921259843,0.17520775623268697,0.47999356685073324
positive,0.9960629921259843,0.17532917532917533,0.47999356685073324
positive,0.9960629921259843,0.1754507628294036,0.47999356685073324
positive,0.9960629921259843,0.17557251908396945,0.47999356685073324
positive,0.9960629921259843,0.17569444444444443,0.47999356685073324
positive,0.9960629921259843,0.17581653926337734,0.47999356685073324
positive,0.9960629921259843,0.17593880389429764,0.47999356685073324
positive,0.9960629921259843,0.17606123869171886,0.47999356685073324
positive,0.9960629921259843,0.17618384401114207,0.47999356685073324
positive,0.9960629921259843,0.17630662020905924,0.47999356685073324
positive,0.9960629921259843,0.17642956764295675,0.47999356685073324
positive,0.9960629921259843,0.1765526866713189,0.47999356685073324
positive,0.9960629921259843,0.17667597765363127,0.47999356685073324
positive,0.9960629921259843,0.17679944095038436,0.47999356685073324
positive,0.9960629921259843,0.17692307692307693,0.47999356685073324
positive,0.9960629921259843,0.17704688593421974,0.47999356685073324
positive,0.9960629921259843,0.17717086834733894,0.47999356685073324
positive,0.9960629921259843,0.17729502452697968,0.47999356685073324
positive,0.9960629921259843,0.1774193548387097,0.47999356685073324
positive,0.9960629921259843,0.1775438596491228,0.47999356685073324
positive,0.9960629921259843,0.1776685393258427,0.47999356685073324
positive,0.9960629921259843,0.17779339423752635,0.47999356685073324
positive,0.9960629921259843,0.1779184247538678,0.47999356685073324
positive,0.9960629921259843,0.17804363124560169,0.47999356685073324
positive,0.9960629921259843,0.17816901408450705,0.47999356685073324
positive,0.9960629921259843,0.17829457364341086,0.47999356685073324
positive,0.9960629921259843,0.17842031029619182,0.47999356685073324
positive,0.9960629921259843,0.17854622441778406,0.47999356685073324
positive,0.9960629921259843,0.1786723163841808,0.47999356685073324
positive,0.9960629921259843,0.17879858657243816,0.47999356685073324
positive,0.9960629921259843,0.1789250353606789,0.47999356685073324
positive,0.9960629921259843,0.17905166312809626,0.47999356685073324
positive,0.9960629921259843,0.1791784702549575,0.47999356685073324
positive,0.9960629921259843,0.1793054571226081,0.47999356685073324
positive,0.9960629921259843,0.1794326241134752,0.47999356685073324
positive,0.9960629921259843,0.17955997161107168,0.47999356685073324
positive,0.9960629921259843,0.1796875,0.47999356685073324
positive,0.9960629921259843,0.17981520966595593,0.47999356685073324
positive,0.9960629921259843,0.17994310099573257,0.47999356685073324
positive,0.9960629921259843,0.1800711743772242,0.47999356685073324
positive,0.9960629921259843,0.1801994301994302,0.47999356685073324
positive,0.9960629921259843,0.18032786885245902,0.47999356685073324
positive,0.9960629921259843,0.1804564907275321,0.47999356685073324
positive,0.9960629921259843,0.18058529621698788,0.47999356685073324
positive,0.9960629921259843,0.18071428571428572,0.47999356685073324
positive,0.9960629921259843,0.18084345961401,0.47999356685073324
positive,0.9960629921259843,0.18097281831187412,0.47999356685073324
positive,0.9960629921259843,0.18110236220472442,0.47999356685073324
positive,0.9960629921259843,0.1812320916905444,0.47999356685073324
positive,0.9960629921259843,0.1813620071684588,0.47999356685073324
positive,0.9960629921259843,0.18149210903873744,0.47999356685073324
positive,0.9960629921259843,0.18162239770279973,0.47999356685073324
positive,0.9960629921259843,0.1817528735632184,0.47999356685073324
positive,0.9960629921259843,0.18188353702372395,0.47999356685073324
positive,0.9960629921259843,0.18201438848920864,0.47999356685073324
positive,0.9960629921259843,0.18214542836573075,0.47999356685073324
positive,0.9960629921259843,0.18227665706051874,0.47999356685073324
positive,0.9960629921259843,0.18240807498197548,0.47999356685073324
positive,0.9960629921259843,0.18253968253968253,0.47999356685073324
positive,0.9960629921259843,0.18267148014440432,0.47999356685073324
positive,0.9960629921259843,0.18280346820809248,0.47999356685073324
positive,0.9960629921259843,0.1829356471438901,0.47999356685073324
positive,0.9960629921259843,0.18306801736613604,0.47999356685073324
positive,0.9960629921259843,0.1832005792903693,0.47999356685073324
positive,0.9960629921259843,0.18333333333333332,0.47999356685073324
positive,0.9921259842519685,0.18274111675126903,0.47999356685073324
positive,0.9921259842519685,0.18287373004354138,0.47999356685073324
positive,0.9921259842519685,0.1830065359477124,0.47999356685073324
positive,0.9921259842519685,0.18313953488372092,0.47999356685073324
positive,0.9921259842519685,0.18327272727272728,0.47999356685073324
positive,0.9921259842519685,0.18340611353711792,0.47999356685073324
positive,0.9921259842519685,0.18353969410050983,0.47999356685073324
positive,0.9921259842519685,0.1836734693877551,0.47999356685073324
positive,0.9921259842519685,0.1838074398249453,0.47999356685073324
positive,0.9921259842519685,0.18394160583941604,0.47999356685073324
positive,0.9921259842519685,0.18407596785975164,0.47999356685073324
positive,0.9921259842519685,0.18421052631578946,0.47999356685073324
positive,0.9921259842519685,0.18434528163862474,0.47999356685073324
positive,0.9921259842519685,0.18448023426061494,0.47999356685073324
positive,0.9921259842519685,0.18461538461538463,0.47999356685073324
positive,0.9921259842519685,0.18475073313782991,0.47999356685073324
positive,0.9921259842519685,0.18488628026412326,0.47999356685073324
positive,0.9921259842519685,0.18502202643171806,0.47999356685073324
positive,0.9921259842519685,0.18515797207935342,0.47999356685073324
positive,0.9921259842519685,0.18529411764705883,0.47999356685073324
positive,0.9921259842519685,0.18543046357615894,0.47999356685073324
positive,0.9921259842519685,0.18556701030927836,0.47999356685073324
positive,0.9921259842519685,0.18570375829034635,0.47999356685073324
positive,0.9921259842519685,0.18584070796460178,0.47999356685073324
positive,0.9921259842519685,0.1859778597785978,0.47999356685073324
positive,0.9921259842519685,0.1861152141802068,0.47999356685073324
positive,0.9921259842519685,0.18625277161862527,0.47999356685073324
positive,0.9921259842519685,0.1863905325443787,0.47999356685073324
positive,0.9921259842519685,0.18652849740932642,0.47999356685073324
positive,0.9921259842519685,0.18666666666666668,0.47999356685073324
positive,0.9921259842519685,0.18680504077094143,0.47999356685073324
positive,0.9921259842519685,0.18694362017804153,0.47999356685073324
positive,0.9921259842519685,0.1870824053452116,0.47999356685073324
positive,0.9921259842519685,0.18722139673105498,0.47999356685073324
positive,0.9921259842519685,0.18736059479553904,0.47999356685073324
positive,0.9921259842519685,0.1875,0.47999356685073324
positive,0.9921259842519685,0.18763961280714817,0.47999356685073324
positive,0.9921259842519685,0.18777943368107303,0.47999356685073324
positive,0.9921259842519685,0.18791946308724833,0.47999356685073324
positive,0.9921259842519685,0.1880597014925373,0.47999356685073324
positive,0.9921259842519685,0.1882001493651979,0.47999356685073324
positive,0.9921259842519685,0.18834080717488788,0.47999356685073324
positive,0.9921259842519685,0.18848167539267016,0.47999356685073324
positive,0.9921259842519685,0.18862275449101795,0.47999356685073324
positive,0.9921259842519685,0.18876404494382024,0.47999356685073324
positive,0.9921259842519685,0.1889055472263868,0.47999356685073324
positive,0.9921259842519685,0.18904726181545387,0.47999356685073324
positive,0.9921259842519685,0.1891891891891892,0.47999356685073324
positive,0.9921259842519685,0.1893313298271976,0.47999356685073324
positive,0.9921259842519685,0.18947368421052632,0.47999356685073324
positive,0.9921259842519685,0.18961625282167044,0.47999356685073324
positive,0.9921259842519685,0.1897590361445783,0.47999356685073324
positive,0.9921259842519685,0.18990203466465713,0.47999356685073324
positive,0.9921259842519685,0.19004524886877827,0.47999356685073324
positive,0.9921259842519685,0.19018867924528302,0.47999356685073324
positive,0.9921259842519685,0.1903323262839879,0.47999356685073324
positive,0.9921259842519685,0.19047619047619047,0.47999356685073324
positive,0.9921259842519685,0.19062027231467474,0.47999356685073324
positive,0.9921259842519685,0.19076457229371688,0.47999356685073324
positive,0.9921259842519685,0.19090909090909092,0.47999356685073324
positive,0.9881889763779528,0.19029567854435178,0.47999356685073324
positive,0.9881889763779528,0.19044006069802732,0.47999356685073324
positive,0.9881889763779528,0.190584662110858,0.47999356685073324
positive,0.9881889763779528,0.19072948328267478,0.47999356685073324
positive,0.9881889763779528,0.1908745247148289,0.47999356685073324
positive,0.9881889763779528,0.19101978691019786,0.47999356685073324
positive,0.9881889763779528,0.19116527037319117,0.47999356685073324
positive,0.9881889763779528,0.1913109756097561,0.47999356685073324
positive,0.9881889763779528,0.19145690312738367,0.47999356685073324
positive,0.9881889763779528,0.1916030534351145,0.47999356685073324
positive,0.9881889763779528,0.1917494270435447,0.47999356685073324
positive,0.9881889763779528,0.1918960244648318,0.47999356685073324
positive,0.9881889763779528,0.19204284621270085,0.47999356685073324
positive,0.9881889763779528,0.19218989280245022,0.47999356685073324
positive,0.9881889763779528,0.19233716475095786,0.47999356685073324
positive,0.9881889763779528,0.19248466257668712,0.47999356685073324
positive,0.9881889763779528,0.19263238679969302,0.47999356685073324
positive,0.9881889763779528,0.19278033794162827,0.47999356685073324
positive,0.9881889763779528,0.1929285165257494,0.47999356685073324
positive,0.9881889763779528,0.1930769230769231,0.47999356685073324
positive,0.9881889763779528,0.19322555812163203,0.47999356685073324
positive,0.9881889763779528,0.1933744221879815,0.47999356685073324
positive,0.984251968503937,0.19275250578257516,0.47999356685073324
positive,0.984251968503937,0.19290123456790123,0.47999356685073324
positive,0.984251968503937,0.19305019305019305,0.47999356685073324
positive,0.984251968503937,0.19319938176197837,0.47999356685073324
positive,0.984251968503937,0.19334880123743234,0.47999356685073324
positive,0.984251968503937,0.19349845201238391,0.47999356685073324
positive,0.984251968503937,0.19364833462432224,0.47999356685073324
positive,0.984251968503937,0.1937984496124031,0.47999356685073324
positive,0.984251968503937,0.1939487975174554,0.47999356685073324
positive,0.984251968503937,0.19409937888198758,0.47999356685073324
positive,0.984251968503937,0.19425019425019424,0.47999356685073324
positive,0.984251968503937,0.19440124416796267,0.47999356685073324
positive,0.984251968503937,0.19455252918287938,0.47999356685073324
positive,0.984251968503937,0.19470404984423675,0.47999356685073324
positive,0.984251968503937,0.19485580670303976,0.47999356685073324
positive,0.984251968503937,0.19500780031201248,0.47999356685073324
positive,0.984251968503937,0.195160031225605,0.47999356685073324
positive,0.984251968503937,0.1953125,0.47999356685073324
positive,0.984251968503937,0.19546520719311963,0.47999356685073324
positive,0.984251968503937,0.19561815336463223,0.47999356685073324
positive,0.984251968503937,0.19577133907595928,0.47999356685073324
positive,0.984251968503937,0.19592476489028213,0.47999356685073324
positive,0.984251968503937,0.19607843137254902,0.47999356685073324
positive,0.984251968503937,0.19623233908948196,0.47999356685073324
positive,0.984251968503937,0.19638648860958366,0.47999356685073324
positive,0.984251968503937,0.19654088050314467,0.47999356685073324
positive,0.984251968503937,0.1966955153422502,0.47999356685073324
positive,0.984251968503937,0.1968503937007874,0.47999356685073324
positive,0.9803149606299213,0.19621749408983452,0.47999356685073324
positive,0.9803149606299213,0.19637223974763407,0.47999356685073324
positive,0.9803149606299213,0.19652722967640096,0.47999356685073324
positive,0.9803149606299213,0.1966824644549763,0.47999356685073324
positive,0.9803149606299213,0.19683794466403162,0.47999356685073324
positive,0.9803149606299213,0.19699367088607594,0.47999356685073324
positive,0.9803149606299213,0.19714964370546317,0.47999356685073324
positive,0.9803149606299213,0.19730586370839936,0.47999356685073324
positive,0.9803149606299213,0.19746233148295003,0.47999356685073324
positive,0.9803149606299213,0.1976190476190476,0.47999356685073324
positive,0.9803149606299213,0.19777601270849882,0.47999356685073324
positive,0.9803149606299213,0.19793322734499205,0.47999356685073324
positive,0.9803149606299213,0.19809069212410502,0.47999356685073324
positive,0.9803149606299213,0.1982484076433121,0.47999356685073324
positive,0.9803149606299213,0.19840637450199203,0.47999356685073324
positive,0.9803149606299213,0.19856459330143542,0.47999356685073324
positive,0.9803149606299213,0.19872306464485234,0.47999356685073324
positive,0.9803149606299213,0.1988817891373802,0.47999356685073324
positive,0.9803149606299213,0.19904076738609114,0.47999356685073324
positive,0.9803149606299213,0.1992,0.47999356685073324
positive,0.9763779527559056,0.19855884707766214,0.47999356685073324
positive,0.9763779527559056,0.1987179487179487,0.47999356685073324
positive,0.9763779527559056,0.19887730553327987,0.47999356685073324
positive,0.9763779527559056,0.19903691813804172,0.47999356685073324
positive,0.9763779527559056,0.19919678714859437,0.47999356685073324
positive,0.9763779527559056,0.19935691318327975,0.47999356685073324
positive,0.9763779527559056,0.1995172968624296,0.47999356685073324
positive,0.9763779527559056,0.1996779388083736,0.47999356685073324
positive,0.9763779527559056,0.1998388396454472,0.47999356685073324
positive,0.9763779527559056,0.2,0.47999356685073324
positive,0.9763779527559056,0.20016142050040356,0.47999356685073324
positive,0.9763779527559056,0.20032310177705978,0.47999356685073324
positive,0.9763779527559056,0.20048504446240906,0.47999356685073324
positive,0.9763779527559056,0.20064724919093851,0.47999356685073324
positive,0.9763779527559056,0.20080971659919028,0.47999356685073324
positive,0.9763779527559056,0.20097244732576985,0.47999356685073324
positive,0.9763779527559056,0.20113544201135442,0.47999356685073324
positive,0.9763779527559056,0.2012987012987013,0.47999356685073324
positive,0.9763779527559056,0.20146222583265638,0.47999356685073324
positive,0.9763779527559056,0.2016260162601626,0.47999356685073324
positive,0.9763779527559056,0.2017900732302685,0.47999356685073324
positive,0.9763779527559056,0.20195439739413681,0.47999356685073324
positive,0.9763779527559056,0.20211898940505296,0.47999356685073324
positive,0.9763779527559056,0.20228384991843393,0.47999356685073324
positive,0.9763779527559056,0.20244897959183675,0.47999356685073324
positive,0.9763779527559056,0.20261437908496732,0.47999356685073324
positive,0.9763779527559056,0.2027800490596893,0.47999356685073324
positive,0.9763779527559056,0.20294599018003273,0.47999356685073324
positive,0.9763779527559056,0.2031122031122031,0.47999356685073324
positive,0.9763779527559056,0.20327868852459016,0.47999356685073324
positive,0.9763779527559056,0.20344544708777687,0.47999356685073324
positive,0.9763779527559056,0.20361247947454844,0.47999356685073324
positive,0.9763779527559056,0.2037797863599014,0.47999356685073324
positive,0.9763779527559056,0.20394736842105263,0.47999356685073324
positive,0.9763779527559056,0.20411522633744855,0.47999356685073324
positive,0.9763779527559056,0.2042833607907743,0.47999356685073324
positive,0.9763779527559056,0.2044517724649629,0.47999356685073324
positive,0.9763779527559056,0.20462046204620463,0.47999356685073324
positive,0.9763779527559056,0.20478943022295623,0.47999356685073324
positive,0.9763779527559056,0.2049586776859504,0.47999356685073324
positive,0.9763779527559056,0.20512820512820512,0.47999356685073324
positive,0.9763779527559056,0.2052980132450331,0.47999356685073324
positive,0.9763779527559056,0.20546810273405136,0.47999356685073324
positive,0.9763779527559056,0.20563847429519072,0.47999356685073324
positive,0.9763779527559056,0.20580912863070538,0.47999356685073324
positive,0.9763779527559056,0.2059800664451827,0.47999356685073324
positive,0.9763779527559056,0.20615128844555278,0.47999356685073324
positive,0.9763779527559056,0.20632279534109818,0.47999356685073324
positive,0.9763779527559056,0.20649458784346378,0.47999356685073324
positive,0.9763779527559056,0.20666666666666667,0.47999356685073324
positive,0.9763779527559056,0.20683903252710592,0.47999356685073324
positive,0.9763779527559056,0.20701168614357263,0.47999356685073324
positive,0.9763779527559056,0.2071846282372598,0.47999356685073324
positive,0.9763779527559056,0.20735785953177258,0.47999356685073324
positive,0.9763779527559056,0.20753138075313807,0.47999356685073324
positive,0.9763779527559056,0.20770519262981574,0.47999356685073324
positive,0.9763779527559056,0.20787929589270746,0.47999356685073324
positive,0.9763779527559056,0.2080536912751678,0.47999356685073324
positive,0.9763779527559056,0.20822837951301426,0.47999356685073324
positive,0.9763779527559056,0.20840336134453782,0.47999356685073324
positive,0.9763779527559056,0.20857863751051303,0.47999356685073324
positive,0.9763779527559056,0.20875420875420875,0.47999356685073324
positive,0.9763779527559056,0.20893007582139847,0.47999356685073324
positive,0.9763779527559056,0.209106239460371,0.47999356685073324
positive,0.9763779527559056,0.20928270042194091,0.47999356685073324
positive,0.9763779527559056,0.20945945945945946,0.47999356685073324
positive,0.9763779527559056,0.20963651732882502,0.47999356685073324
positive,0.9763779527559056,0.2098138747884941,0.47999356685073324
positive,0.9763779527559056,0.20999153259949196,0.47999356685073324
positive,0.9724409448818898,0.2093220338983051,0.47999356685073324
positive,0.9724409448818898,0.20949957591178966,0.47999356685073324
positive,0.9724409448818898,0.20967741935483872,0.47999356685073324
positive,0.9724409448818898,0.20985556499575192,0.47999356685073324
positive,0.9724409448818898,0.2100340136054422,0.47999356685073324
positive,0.9724409448818898,0.2102127659574468,0.47999356685073324
positive,0.9724409448818898,0.21039182282793867,0.47999356685073324
positive,0.9724409448818898,0.21057118499573743,0.47999356685073324
positive,0.9724409448818898,0.21075085324232082,0.47999356685073324
positive,0.9724409448818898,0.21093082835183605,0.47999356685073324
positive,0.9724409448818898,0.2111111111111111,0.47999356685073324
positive,0.9724409448818898,0.21129170230966637,0.47999356685073324
positive,0.9724409448818898,0.21147260273972604,0.47999356685073324
positive,0.9724409448818898,0.21165381319622964,0.47999356685073324
positive,0.9724409448818898,0.2118353344768439,0.47999356685073324
positive,0.9724409448818898,0.21201716738197424,0.47999356685073324
positive,0.9724409448818898,0.21219931271477663,0.47999356685073324
positive,0.9724409448818898,0.2123817712811694,0.47999356685073324
positive,0.9724409448818898,0.21256454388984508,0.47999356685073324
positive,0.9724409448818898,0.2127476313522825,0.47999356685073324
positive,0.9724409448818898,0.21293103448275863,0.47999356685073324
positive,0.968503937007874,0.21225194132873165,0.47999356685073324
positive,0.968503937007874,0.21243523316062177,0.47999356685073324
positive,0.968503937007874,0.212618841832325,0.47999356685073324
positive,0.968503937007874,0.21280276816608998,0.47999356685073324
positive,0.968503937007874,0.21298701298701297,0.47999356685073324
positive,0.968503937007874,0.21317157712305027,0.47999356685073324
positive,0.968503937007874,0.21335646140503037,0.47999356685073324
positive,0.9645669291338582,0.2126736111111111,0.47999356685073324
positive,0.9645669291338582,0.21285838401390095,0.47999356685073324
positive,0.9645669291338582,0.21304347826086956,0.47999356685073324
positive,0.9645669291338582,0.21322889469103568,0.47999356685073324
positive,0.9645669291338582,0.21341463414634146,0.47999356685073324
positive,0.9645669291338582,0.2136006974716652,0.47999356685073324
positive,0.9645669291338582,0.21378708551483422,0.47999356685073324
positive,0.9645669291338582,0.21397379912663755,0.47999356685073324
positive,0.9645669291338582,0.21416083916083917,0.47999356685073324
positive,0.9606299212598425,0.21347331583552057,0.47999356685073324
positive,0.9606299212598425,0.2136602451838879,0.47999356685073324
positive,0.9606299212598425,0.21384750219106047,0.47999356685073324
positive,0.9606299212598425,0.21403508771929824,0.47999356685073324
positive,0.9606299212598425,0.21422300263388938,0.47999356685073324
positive,0.9606299212598425,0.21441124780316345,0.47999356685073324
positive,0.9606299212598425,0.21459982409850484,0.47999356685073324
positive,0.9606299212598425,0.2147887323943662,0.47999356685073324
positive,0.9606299212598425,0.21497797356828194,0.47999356685073324
positive,0.9606299212598425,0.21516754850088182,0.47999356685073324
positive,0.9606299212598425,0.21535745807590467,0.47999356685073324
positive,0.9606299212598425,0.21554770318021202,0.47999356685073324
positive,0.9606299212598425,0.21573828470380194,0.47999356685073324
positive,0.9606299212598425,0.215929203539823,0.47999356685073324
positive,0.9606299212598425,0.21612046058458814,0.47999356685073324
positive,0.9606299212598425,0.21631205673758866,0.47999356685073324
positive,0.9566929133858267,0.21561668145519078,0.47999356685073324
positive,0.9566929133858267,0.21580817051509768,0.47999356685073324
positive,0.9566929133858267,0.216,0.47999356685073324
positive,0.9566929133858267,0.21619217081850534,0.47999356685073324
positive,0.9566929133858267,0.2163846838824577,0.47999356685073324
positive,0.9566929133858267,0.21657754010695188,0.47999356685073324
positive,0.9566929133858267,0.2167707404103479,0.47999356685073324
positive,0.9566929133858267,0.21696428571428572,0.47999356685073324
positive,0.9566929133858267,0.21715817694369974,0.47999356685073324
positive,0.9566929133858267,0.21735241502683364,0.47999356685073324
positive,0.9566929133858267,0.21754700089525514,0.47999356685073324
positive,0.9566929133858267,0.21774193548387097,0.47999356685073324
positive,0.9566929133858267,0.2179372197309417,0.47999356685073324
positive,0.9566929133858267,0.21813285457809695,0.47999356685073324
positive,0.9566929133858267,0.2183288409703504,0.47999356685073324
positive,0.952755905511811,0.21762589928057555,0.47999356685073324
positive,0.952755905511811,0.21782178217821782,0.47999356685073324
positive,0.952755905511811,0.218018018018018,0.47999356685073324
positive,0.952755905511811,0.218214607754734,0.47999356685073324
positive,0.952755905511811,0.2184115523465704,0.47999356685073324
positive,0.952755905511811,0.2186088527551942,0.47999356685073324
positive,0.952755905511811,0.21880650994575046,0.47999356685073324
positive,0.952755905511811,0.21900452488687783,0.47999356685073324
positive,0.952755905511811,0.21920289855072464,0.47999356685073324
positive,0.952755905511811,0.21940163191296463,0.47999356685073324
positive,0.952755905511811,0.21960072595281308,0.47999356685073324
positive,0.952755905511811,0.2198001816530427,0.47999356685073324
positive,0.952755905511811,0.22,0.47999356685073324
positive,0.952755905511811,0.22020018198362148,0.47999356685073324
positive,0.952755905511811,0.2204007285974499,0.47999356685073324
positive,0.952755905511811,0.22060164083865086,0.47999356685073324
positive,0.952755905511811,0.2208029197080292,0.47999356685073324
positive,0.952755905511811,0.22100456621004566,0.47999356685073324
positive,0.952755905511811,0.22120658135283364,0.47999356685073324
positive,0.952755905511811,0.22140896614821592,0.47999356685073324
positive,0.952755905511811,0.2216117216117216,0.47999356685073324
positive,0.952755905511811,0.22181484876260313,0.47999356685073324
positive,0.952755905511811,0.22201834862385322,0.47999356685073324
positive,0.952755905511811,0.2222222222222222,0.47999356685073324
positive,0.952755905511811,0.22242647058823528,0.47999356685073324
positive,0.952755905511811,0.22263109475620976,0.47999356685073324
positive,0.952755905511811,0.22283609576427257,0.47999356685073324
positive,0.952755905511811,0.22304147465437787,0.47999356685073324
positive,0.952755905511811,0.22324723247232472,0.47999356685073324
positive,0.952755905511811,0.2234533702677747,0.47999356685073324
positive,0.952755905511811,0.22365988909426987,0.47999356685073324
positive,0.952755905511811,0.2238667900092507,0.47999356685073324
positive,0.9488188976377953,0.22314814814814815,0.47999356685073324
positive,0.9488188976377953,0.22335495829471733,0.47999356685073324
positive,0.9488188976377953,0.22356215213358072,0.47999356685073324
positive,0.9448818897637795,0.22284122562674094,0.47999356685073324
positive,0.9448818897637795,0.22304832713754646,0.47999356685073324
positive,0.9448818897637795,0.22325581395348837,0.47999356685073324
positive,0.9448818897637795,0.22346368715083798,0.47999356685073324
positive,0.9448818897637795,0.22367194780987884,0.47999356685073324
positive,0.9448818897637795,0.22388059701492538,0.47999356685073324
positive,0.9448818897637795,0.22408963585434175,0.47999356685073324
positive,0.9448818897637795,0.22429906542056074,0.47999356685073324
positive,0.9448818897637795,0.2245088868101029,0.47999356685073324
positive,0.9448818897637795,0.2247191011235955,0.47999356685073324
positive,0.9448818897637795,0.22492970946579194,0.47999356685073324
positive,0.9448818897637795,0.225140712945591,0.47999356685073324
positive,0.9448818897637795,0.22535211267605634,0.47999356685073324
positive,0.9448818897637795,0.22556390977443608,0.47999356685073324
positive,0.9448818897637795,0.2257761053621825,0.47999356685073324
positive,0.9448818897637795,0.22598870056497175,0.47999356685073324
positive,0.9448818897637795,0.22620169651272384,0.47999356685073324
positive,0.9448818897637795,0.22641509433962265,0.47999356685073324
positive,0.9448818897637795,0.22662889518413598,0.47999356685073324
positive,0.9448818897637795,0.22684310018903592,0.47999356685073324
positive,0.9409448818897638,0.2261116367076632,0.47999356685073324
positive,0.9409448818897638,0.22632575757575757,0.47999356685073324
positive,0.9409448818897638,0.22654028436018958,0.47999356685073324
positive,0.9409448818897638,0.22675521821631878,0.47999356685073324
positive,0.9409448818897638,0.22697056030389365,0.47999356685073324
positive,0.9409448818897638,0.22718631178707224,0.47999356685073324
positive,0.9409448818897638,0.2274024738344434,0.47999356685073324
positive,0.9409448818897638,0.2276190476190476,0.47999356685073324
positive,0.9409448818897638,0.22783603431839847,0.47999356685073324
positive,0.9409448818897638,0.22805343511450382,0.47999356685073324
positive,0.937007874015748,0.22731614135625597,0.47999356685073324
positive,0.937007874015748,0.22753346080305928,0.47999356685073324
positive,0.937007874015748,0.22775119617224882,0.47999356685073324
positive,0.937007874015748,0.22796934865900384,0.47999356685073324
positive,0.937007874015748,0.22818791946308725,0.47999356685073324
positive,0.937007874015748,0.22840690978886757,0.47999356685073324
positive,0.937007874015748,0.228626320845341,0.47999356685073324
positive,0.937007874015748,0.22884615384615384,0.47999356685073324
positive,0.937007874015748,0.22906641000962463,0.47999356685073324
positive,0.937007874015748,0.22928709055876687,0.47999356685073324
positive,0.937007874015748,0.22950819672131148,0.47999356685073324
positive,0.937007874015748,0.22972972972972974,0.47999356685073324
positive,0.937007874015748,0.22995169082125605,0.47999356685073324
positive,0.937007874015748,0.23017408123791103,0.47999356685073324
positive,0.937007874015748,0.23039690222652467,0.47999356685073324
positive,0.937007874015748,0.23062015503875968,0.47999356685073324
positive,0.9330708661417323,0.22987390882638215,0.47999356685073324
positive,0.9330708661417323,0.23009708737864076,0.47999356685073324
positive,0.9330708661417323,0.2303206997084548,0.47999356685073324
positive,0.9330708661417323,0.23054474708171208,0.47999356685073324
positive,0.9330708661417323,0.23076923076923078,0.47999356685073324
positive,0.9330708661417323,0.2309941520467836,0.47999356685073324
positive,0.9330708661417323,0.23121951219512196,0.47999356685073324
positive,0.9330708661417323,0.2314453125,0.47999356685073324
positive,0.9330708661417323,0.2316715542521994,0.47999356685073324
positive,0.9330708661417323,0.2318982387475538,0.47999356685073324
positive,0.9330708661417323,0.23212536728697356,0.47999356685073324
positive,0.9330708661417323,0.2323529411764706,0.47999356685073324
positive,0.9291338582677166,0.23159960745829244,0.47999356685073324
positive,0.9291338582677166,0.2318271119842829,0.47999356685073324
positive,0.9291338582677166,0.232055063913471,0.47999356685073324
positive,0.9291338582677166,0.23228346456692914,0.47999356685073324
positive,0.9291338582677166,0.23251231527093597,0.47999356685073324
positive,0.9291338582677166,0.23274161735700197,0.47999356685073324
positive,0.9291338582677166,0.23297137216189537,0.47999356685073324
positive,0.9291338582677166,0.233201581027668,0.47999356685073324
positive,0.9291338582677166,0.2334322453016815,0.47999356685073324
positive,0.9291338582677166,0.23366336633663368,0.47999356685073324
positive,0.9291338582677166,0.23389494549058473,0.47999356685073324
positive,0.9291338582677166,0.23412698412698413,0.47999356685073324
positive,0.9291338582677166,0.23435948361469713,0.47999356685073324
positive,0.9291338582677166,0.2345924453280318,0.47999356685073324
positive,0.9291338582677166,0.23482587064676616,0.47999356685073324
positive,0.9291338582677166,0.2350597609561753,0.47999356685073324
positive,0.9291338582677166,0.23529411764705882,0.47999356685073324
positive,0.9291338582677166,0.23552894211576847,0.47999356685073324
positive,0.9291338582677166,0.23576423576423577,0.47999356685073324
positive,0.9251968503937008,0.235,0.47999356685073324
positive,0.9251968503937008,0.23523523523523523,0.47999356685073324
positive,0.9251968503937008,0.23547094188376755,0.47999356685073324
positive,0.9251968503937008,0.23570712136409228,0.47999356685073324
positive,0.9251968503937008,0.2359437751004016,0.47999356685073324
positive,0.9251968503937008,0.23618090452261306,0.47999356685073324
positive,0.9251968503937008,0.23641851106639838,0.47999356685073324
positive,0.9251968503937008,0.2366565961732125,0.47999356685073324
positive,0.9251968503937008,0.2368951612903226,0.47999356685073324
positive,0.9251968503937008,0.23713420787083753,0.47999356685073324
positive,0.9251968503937008,0.23737373737373738,0.47999356685073324
positive,0.9251968503937008,0.23761375126390294,0.47999356685073324
positive,0.9251968503937008,0.23785425101214575,0.47999356685073324
positive,0.9251968503937008,0.23809523809523808,0.47999356685073324
positive,0.9251968503937008,0.2383367139959432,0.47999356685073324
positive,0.9251968503937008,0.23857868020304568,0.47999356685073324
positive,0.9251968503937008,0.23882113821138212,0.47999356685073324
positive,0.9251968503937008,0.23906408952187183,0.47999356685073324
positive,0.9251968503937008,0.23930753564154786,0.47999356685073324
positive,0.9251968503937008,0.23955147808358818,0.47999356685073324
positive,0.9212598425196851,0.23877551020408164,0.47999356685073324
positive,0.9212598425196851,0.2390194075587334,0.47999356685073324
positive,0.9212598425196851,0.2392638036809816,0.47999356685073324
positive,0.9212598425196851,0.23950870010235414,0.47999356685073324
positive,0.9212598425196851,0.23975409836065573,0.47999356685073324
positive,0.9212598425196851,0.24,0.47999356685073324
positive,0.9212598425196851,0.2402464065708419,0.47999356685073324
positive,0.9212598425196851,0.24049331963001028,0.47999356685073324
positive,0.9212598425196851,0.24074074074074073,0.47999356685073324
positive,0.9212598425196851,0.24098867147270855,0.47999356685073324
positive,0.9212598425196851,0.24123711340206186,0.47999356685073324
positive,0.9212598425196851,0.24148606811145512,0.47999356685073324
positive,0.9212598425196851,0.24173553719008264,0.47999356685073324
positive,0.9173228346456693,0.24095139607032057,0.47999356685073324
positive,0.9173228346456693,0.2412008281573499,0.47999356685073324
positive,0.9173228346456693,0.24145077720207253,0.47999356685073324
positive,0.9173228346456693,0.241701244813278,0.47999356685073324
positive,0.9173228346456693,0.24195223260643822,0.47999356685073324
positive,0.9173228346456693,0.24220374220374222,0.47999356685073324
positive,0.9133858267716536,0.24141519250780438,0.47999356685073324
positive,0.9133858267716536,0.24166666666666667,0.47999356685073324
positive,0.9094488188976378,0.24087591240875914,0.47999356685073324
positive,0.9094488188976378,0.24112734864300625,0.47999356685073324
positive,0.9094488188976378,0.2413793103448276,0.47999356685073324
positive,0.9094488188976378,0.24163179916317992,0.47999356685073324
positive,0.9094488188976378,0.2418848167539267,0.47999356685073324
positive,0.9094488188976378,0.24213836477987422,0.47999356685073324
positive,0.9094488188976378,0.24239244491080797,0.47999356685073324
positive,0.9094488188976378,0.2426470588235294,0.47999356685073324
positive,0.9094488188976378,0.24290220820189273,0.47999356685073324
positive,0.9094488188976378,0.2431578947368421,0.47999356685073324
positive,0.9094488188976378,0.2434141201264489,0.47999356685073324
positive,0.905511811023622,0.24261603375527427,0.47999356685073324
positive,0.9015748031496063,0.24181626187961985,0.47999356685073324
positive,0.9015748031496063,0.24207188160676532,0.47999356685073324
positive,0.9015748031496063,0.24232804232804234,0.47999356685073324
positive,0.9015748031496063,0.24258474576271186,0.47999356685073324
positive,0.9015748031496063,0.24284199363732767,0.47999356685073324
positive,0.9015748031496063,0.24309978768577495,0.47999356685073324
positive,0.9015748031496063,0.24335812964930925,0.47999356685073324
positive,0.9015748031496063,0.24361702127659574,0.47999356685073324
positive,0.9015748031496063,0.24387646432374868,0.47999356685073324
positive,0.9015748031496063,0.244136460554371,0.47999356685073324
positive,0.9015748031496063,0.24439701173959444,0.47999356685073324
positive,0.9015748031496063,0.24465811965811965,0.47999356685073324
positive,0.9015748031496063,0.2449197860962567,0.47999356685073324
positive,0.9015748031496063,0.24518201284796573,0.47999356685073324
positive,0.9015748031496063,0.2454448017148982,0.47999356685073324
positive,0.9015748031496063,0.24570815450643776,0.47999356685073324
positive,0.9015748031496063,0.24597207303974222,0.47999356685073324
positive,0.9015748031496063,0.24623655913978496,0.47999356685073324
positive,0.9015748031496063,0.2465016146393972,0.47999356685073324
positive,0.9015748031496063,0.24676724137931033,0.47999356685073324
positive,0.9015748031496063,0.24703344120819848,0.47999356685073324
positive,0.9015748031496063,0.2473002159827214,0.47999356685073324
positive,0.9015748031496063,0.24756756756756756,0.47999356685073324
positive,0.9015748031496063,0.24783549783549783,0.47999356685073324
positive,0.9015748031496063,0.24810400866738894,0.47999356685073324
positive,0.9015748031496063,0.24837310195227766,0.47999356685073324
positive,0.9015748031496063,0.248642779587405,0.47999356685073324
positive,0.9015748031496063,0.24891304347826088,0.47999356685073324
positive,0.9015748031496063,0.24918389553862894,0.47999356685073324
positive,0.9015748031496063,0.2494553376906318,0.47999356685073324
positive,0.9015748031496063,0.24972737186477645,0.47999356685073324
positive,0.9015748031496063,0.25,0.47999356685073324
positive,0.9015748031496063,0.2502732240437158,0.47999356685073324
positive,0.9015748031496063,0.25054704595185995,0.47999356685073324
positive,0.9015748031496063,0.2508214676889376,0.47999356685073324
positive,0.9015748031496063,0.25109649122807015,0.47999356685073324
positive,0.9015748031496063,0.2513721185510428,0.47999356685073324
positive,0.9015748031496063,0.25164835164835164,0.47999356685073324
positive,0.8976377952755905,0.2508250825082508,0.47999356685073324
positive,0.8976377952755905,0.2511013215859031,0.47999356685073324
positive,0.8976377952755905,0.2513781697905182,0.47999356685073324
positive,0.8976377952755905,0.25165562913907286,0.47999356685073324
positive,0.8976377952755905,0.25193370165745854,0.47999356685073324
positive,0.8976377952755905,0.252212389380531,0.47999356685073324
positive,0.8976377952755905,0.25249169435215946,0.47999356685073324
positive,0.8937007874015748,0.2516629711751663,0.47999356685073324
positive,0.8937007874015748,0.2519422863485017,0.47999356685073324
positive,0.8937007874015748,0.25222222222222224,0.47999356685073324
positive,0.8937007874015748,0.2525027808676307,0.47999356685073324
positive,0.8937007874015748,0.25278396436525613,0.47999356685073324
positive,0.8937007874015748,0.2530657748049052,0.47999356685073324
positive,0.8937007874015748,0.2533482142857143,0.47999356685073324
positive,0.889763779527559,0.25251396648044694,0.47999356685073324
positive,0.889763779527559,0.25279642058165547,0.47999356685073324
positive,0.889763779527559,0.2530795072788354,0.47999356685073324
positive,0.889763779527559,0.2533632286995516,0.47999356685073324
positive,0.889763779527559,0.2536475869809203,0.47999356685073324
positive,0.889763779527559,0.2539325842696629,0.47999356685073324
positive,0.889763779527559,0.2542182227221597,0.47999356685073324
positive,0.889763779527559,0.2545045045045045,0.47999356685073324
positive,0.889763779527559,0.2547914317925592,0.47999356685073324
positive,0.889763779527559,0.255079006772009,0.47999356685073324
positive,0.889763779527559,0.25536723163841807,0.47999356685073324
positive,0.889763779527559,0.25565610859728505,0.47999356685073324
positive,0.889763779527559,0.2559456398640997,0.47999356685073324
positive,0.889763779527559,0.2562358276643991,0.47999356685073324
positive,0.889763779527559,0.2565266742338252,0.47999356685073324
positive,0.889763779527559,0.25681818181818183,0.47999356685073324
positive,0.889763779527559,0.2571103526734926,0.47999356685073324
positive,0.889763779527559,0.25740318906605925,0.47999356685073324
positive,0.889763779527559,0.2576966932725199,0.47999356685073324
positive,0.889763779527559,0.2579908675799087,0.47999356685073324
positive,0.889763779527559,0.2582857142857143,0.47999356685073324
positive,0.889763779527559,0.2585812356979405,0.47999356685073324
positive,0.889763779527559,0.2588774341351661,0.47999356685073324
positive,0.889763779527559,0.2591743119266055,0.47999356685073324
positive,0.889763779527559,0.25947187141216993,0.47999356685073324
positive,0.889763779527559,0.2597701149425287,0.47999356685073324
positive,0.889763779527559,0.2600690448791715,0.47999356685073324
positive,0.889763779527559,0.26036866359447003,0.47999356685073324
positive,0.889763779527559,0.2606689734717416,0.47999356685073324
positive,0.889763779527559,0.26096997690531176,0.47999356685073324
positive,0.889763779527559,0.261271676300578,0.47999356685073324
positive,0.889763779527559,0.26157407407407407,0.47999356685073324
positive,0.889763779527559,0.26187717265353416,0.47999356685073324
positive,0.8858267716535433,0.26102088167053367,0.47999356685073324
positive,0.8858267716535433,0.2613240418118467,0.47999356685073324
positive,0.8858267716535433,0.2616279069767442,0.47999356685073324
positive,0.8818897637795275,0.2607683352735739,0.47999356685073324
positive,0.8818897637795275,0.26107226107226106,0.47999356685073324
positive,0.8818897637795275,0.2613768961493582,0.47999356685073324
positive,0.8818897637795275,0.2616822429906542,0.47999356685073324
positive,0.8818897637795275,0.26198830409356727,0.47999356685073324
positive,0.8818897637795275,0.26229508196721313,0.47999356685073324
positive,0.8818897637795275,0.26260257913247365,0.47999356685073324
positive,0.8818897637795275,0.26291079812206575,0.47999356685073324
positive,0.8818897637795275,0.26321974148061106,0.47999356685073324
positive,0.8818897637795275,0.2635294117647059,0.47999356685073324
positive,0.8818897637795275,0.26383981154299174,0.47999356685073324
positive,0.8818897637795275,0.2641509433962264,0.47999356685073324
positive,0.8818897637795275,0.2644628099173554,0.47999356685073324
positive,0.8818897637795275,0.2647754137115839,0.47999356685073324
positive,0.8818897637795275,0.2650887573964497,0.47999356685073324
positive,0.8818897637795275,0.26540284360189575,0.47999356685073324
positive,0.8818897637795275,0.265717674970344,0.47999356685073324
positive,0.8818897637795275,0.2660332541567696,0.47999356685073324
positive,0.8818897637795275,0.26634958382877527,0.47999356685073324
positive,0.8818897637795275,0.26666666666666666,0.47999356685073324
positive,0.8818897637795275,0.266984505363528,0.47999356685073324
positive,0.8818897637795275,0.26730310262529833,0.47999356685073324
positive,0.8818897637795275,0.26762246117084826,0.47999356685073324
positive,0.8818897637795275,0.2679425837320574,0.47999356685073324
positive,0.8818897637795275,0.2682634730538922,0.47999356685073324
positive,0.8818897637795275,0.2685851318944844,0.47999356685073324
positive,0.8818897637795275,0.2689075630252101,0.47999356685073324
positive,0.8818897637795275,0.2692307692307692,0.47999356685073324
positive,0.8818897637795275,0.2695547533092659,0.47999356685073324
positive,0.8818897637795275,0.26987951807228916,0.47999356685073324
positive,0.8818897637795275,0.27020506634499397,0.47999356685073324
positive,0.8818897637795275,0.27053140096618356,0.47999356685073324
positive,0.8818897637795275,0.2708585247883918,0.47999356685073324
positive,0.8818897637795275,0.2711864406779661,0.47999356685073324
positive,0.8818897637795275,0.27151515151515154,0.47999356685073324
positive,0.8818897637795275,0.27184466019417475,0.47999356685073324
positive,0.8818897637795275,0.27217496962332927,0.47999356685073324
positive,0.8818897637795275,0.2725060827250608,0.47999356685073324
positive,0.8818897637795275,0.2728380024360536,0.47999356685073324
positive,0.8818897637795275,0.2731707317073171,0.47999356685073324
positive,0.8818897637795275,0.27350427350427353,0.47999356685073324
positive,0.8818897637795275,0.27383863080684595,0.47999356685073324
positive,0.8818897637795275,0.2741738066095471,0.47999356685073324
positive,0.8818897637795275,0.27450980392156865,0.47999356685073324
positive,0.8779527559055118,0.27361963190184047,0.47999356685073324
positive,0.8779527559055118,0.273955773955774,0.47999356685073324
positive,0.8779527559055118,0.2742927429274293,0.47999356685073324
positive,0.8779527559055118,0.2746305418719212,0.47999356685073324
positive,0.8779527559055118,0.2749691738594328,0.47999356685073324
positive,0.8779527559055118,0.27530864197530863,0.47999356685073324
positive,0.8779527559055118,0.27564894932014833,0.47999356685073324
positive,0.8779527559055118,0.275990099009901,0.47999356685073324
positive,0.8779527559055118,0.27633209417596033,0.47999356685073324
positive,0.8779527559055118,0.27667493796526055,0.47999356685073324
positive,0.8779527559055118,0.27701863354037265,0.47999356685073324
positive,0.8779527559055118,0.277363184079602,0.47999356685073324
positive,0.8779527559055118,0.2777085927770859,0.47999356685073324
positive,0.8779527559055118,0.27805486284289277,0.47999356685073324
positive,0.8779527559055118,0.2784019975031211,0.47999356685073324
positive,0.8779527559055118,0.27875,0.47999356685073324
positive,0.8740157480314961,0.27784730913642053,0.47999356685073324
positive,0.8740157480314961,0.2781954887218045,0.47999356685073324
positive,0.8740157480314961,0.27854454203262236,0.47999356685073324
positive,0.8740157480314961,0.27889447236180903,0.47999356685073324
positive,0.8700787401574803,0.2779874213836478,0.47999356685073324
positive,0.8700787401574803,0.2783375314861461,0.47999356685073324
positive,0.8700787401574803,0.2786885245901639,0.47999356685073324
positive,0.8661417322834646,0.2777777777777778,0.47999356685073324
positive,0.8661417322834646,0.2781289506953224,0.47999356685073324
positive,0.8661417322834646,0.27848101265822783,0.47999356685073324
positive,0.8661417322834646,0.2788339670468948,0.47999356685073324
positive,0.8622047244094488,0.2779187817258883,0.47999356685073324
positive,0.8622047244094488,0.2782719186785261,0.47999356685073324
positive,0.8622047244094488,0.2786259541984733,0.47999356685073324
positive,0.8622047244094488,0.2789808917197452,0.47999356685073324
positive,0.8622047244094488,0.27933673469387754,0.47999356685073324
positive,0.8582677165354331,0.2784163473818646,0.47999356685073324
positive,0.8582677165354331,0.27877237851662406,0.47999356685073324
positive,0.8582677165354331,0.2791293213828425,0.47999356685073324
positive,0.8582677165354331,0.2794871794871795,0.47999356685073324
positive,0.8582677165354331,0.2798459563543004,0.47999356685073324
positive,0.8582677165354331,0.2802056555269923,0.47999356685073324
positive,0.8582677165354331,0.2805662805662806,0.47999356685073324
positive,0.8582677165354331,0.2809278350515464,0.47999356685073324
positive,0.8582677165354331,0.2812903225806452,0.47999356685073324
positive,0.8582677165354331,0.28165374677002586,0.47999356685073324
positive,0.8582677165354331,0.2820181112548512,0.47999356685073324
positive,0.8543307086614174,0.2810880829015544,0.47999356685073324
positive,0.8543307086614174,0.2814526588845655,0.47999356685073324
positive,0.8543307086614174,0.2818181818181818,0.47999356685073324
positive,0.8543307086614174,0.28218465539661897,0.47999356685073324
positive,0.8543307086614174,0.2825520833333333,0.47999356685073324
positive,0.8543307086614174,0.28292046936114734,0.47999356685073324
positive,0.8543307086614174,0.283289817232376,0.47999356685073324
positive,0.8543307086614174,0.28366013071895424,0.47999356685073324
positive,0.8543307086614174,0.28403141361256545,0.47999356685073324
positive,0.8543307086614174,0.28440366972477066,0.47999356685073324
positive,0.8543307086614174,0.2847769028871391,0.47999356685073324
positive,0.8543307086614174,0.2851511169513798,0.47999356685073324
positive,0.8543307086614174,0.2855263157894737,0.47999356685073324
positive,0.8543307086614174,0.2859025032938076,0.47999356685073324
positive,0.8543307086614174,0.2862796833773087,0.47999356685073324
positive,0.8543307086614174,0.2866578599735799,0.47999356685073324
positive,0.8503937007874016,0.2857142857142857,0.47999356685073324
positive,0.8503937007874016,0.2860927152317881,0.47999356685073324
positive,0.8503937007874016,0.2864721485411141,0.47999356685073324
positive,0.8503937007874016,0.2868525896414343,0.47999356685073324
positive,0.8464566929133859,0.2859042553191489,0.47999356685073324
positive,0.8464566929133859,0.2862849533954727,0.47999356685073324
positive,0.84251968503937,0.2853333333333333,0.47999356685073324
positive,0.84251968503937,0.2857142857142857,0.47999356685073324
positive,0.8385826771653543,0.28475935828877,0.47999356685073324
positive,0.8385826771653543,0.285140562248996,0.47999356685073324
positive,0.8385826771653543,0.2855227882037534,0.47999356685073324
positive,0.8385826771653543,0.2859060402684564,0.47999356685073324
positive,0.8385826771653543,0.2862903225806452,0.47999356685073324
positive,0.8385826771653543,0.28667563930013457,0.47999356685073324
positive,0.8385826771653543,0.28706199460916443,0.47999356685073324
positive,0.8346456692913385,0.28609986504723345,0.47999356685073324
positive,0.8346456692913385,0.2864864864864865,0.47999356685073324
positive,0.8346456692913385,0.2868741542625169,0.47999356685073324
positive,0.8346456692913385,0.2872628726287263,0.47999356685073324
positive,0.8346456692913385,0.2876526458616011,0.47999356685073324
positive,0.8346456692913385,0.28804347826086957,0.47999356685073324
positive,0.8346456692913385,0.28843537414965986,0.47999356685073324
positive,0.8346456692913385,0.2888283378746594,0.47999356685073324
positive,0.8346456692913385,0.2892223738062756,0.47999356685073324
positive,0.8346456692913385,0.2896174863387978,0.47999356685073324
positive,0.8346456692913385,0.29001367989056087,0.47999356685073324
positive,0.8346456692913385,0.29041095890410956,0.47999356685073324
positive,0.8307086614173228,0.289437585733882,0.47999356685073324
positive,0.8307086614173228,0.28983516483516486,0.47999356685073324
positive,0.8307086614173228,0.2902338376891334,0.47999356685073324
positive,0.8307086614173228,0.290633608815427,0.47999356685073324
positive,0.8267716535433071,0.2896551724137931,0.47999356685073324
positive,0.8267716535433071,0.2900552486187845,0.47999356685073324
positive,0.8267716535433071,0.29045643153526973,0.47999356685073324
positive,0.8267716535433071,0.29085872576177285,0.47999356685073324
positive,0.8267716535433071,0.2912621359223301,0.47999356685073324
positive,0.8267716535433071,0.2916666666666667,0.47999356685073324
positive,0.8267716535433071,0.29207232267037553,0.47999356685073324
positive,0.8267716535433071,0.2924791086350975,0.47999356685073324
positive,0.8267716535433071,0.2928870292887029,0.47999356685073324
positive,0.8267716535433071,0.29329608938547486,0.47999356685073324
positive,0.8267716535433071,0.2937062937062937,0.47999356685073324
positive,0.8267716535433071,0.29411764705882354,0.47999356685073324
positive,0.8267716535433071,0.29453015427769985,0.47999356685073324
positive,0.8267716535433071,0.2949438202247191,0.47999356685073324
positive,0.8267716535433071,0.29535864978902954,0.47999356685073324
positive,0.8267716535433071,0.29577464788732394,0.47999356685073324
positive,0.8267716535433071,0.29619181946403383,0.47999356685073324
positive,0.8267716535433071,0.2966101694915254,0.47999356685073324
positive,0.8267716535433071,0.297029702970297,0.47999356685073324
positive,0.8267716535433071,0.29745042492917845,0.47999356685073324
positive,0.8267716535433071,0.2978723404255319,0.47999356685073324
positive,0.8267716535433071,0.29829545454545453,0.47999356685073324
positive,0.8228346456692913,0.2972972972972973,0.47999356685073324
positive,0.8228346456692913,0.29772079772079774,0.47999356685073324
positive,0.8228346456692913,0.29814550641940085,0.47999356685073324
positive,0.8228346456692913,0.2985714285714286,0.47999356685073324
positive,0.8228346456692913,0.2989985693848355,0.47999356685073324
positive,0.8228346456692913,0.2994269340974212,0.47999356685073324
positive,0.8228346456692913,0.2998565279770445,0.47999356685073324
positive,0.8228346456692913,0.30028735632183906,0.47999356685073324
positive,0.8188976377952756,0.2992805755395683,0.47999356685073324
positive,0.8188976377952756,0.29971181556195964,0.47999356685073324
positive,0.8188976377952756,0.30014430014430016,0.47999356685073324
positive,0.8188976377952756,0.30057803468208094,0.47999356685073324
positive,0.8188976377952756,0.30101302460202606,0.47999356685073324
positive,0.8188976377952756,0.30144927536231886,0.47999356685073324
positive,0.8149606299212598,0.30043541364296084,0.47999356685073324
positive,0.8149606299212598,0.3008720930232558,0.47999356685073324
positive,0.8149606299212598,0.30131004366812225,0.47999356685073324
positive,0.8149606299212598,0.30174927113702626,0.47999356685073324
positive,0.8149606299212598,0.3021897810218978,0.47999356685073324
positive,0.8149606299212598,0.3026315789473684,0.47999356685073324
positive,0.8149606299212598,0.30307467057101023,0.47999356685073324
positive,0.8149606299212598,0.3035190615835777,0.47999356685073324
positive,0.8110236220472441,0.302496328928047,0.47999356685073324
positive,0.8110236220472441,0.3029411764705882,0.47999356685073324
positive,0.8110236220472441,0.30338733431516934,0.47999356685073324
positive,0.8110236220472441,0.30383480825958703,0.47999356685073324
positive,0.8110236220472441,0.30428360413589367,0.47999356685073324
positive,0.8110236220472441,0.3047337278106509,0.47999356685073324
positive,0.8070866141732284,0.3037037037037037,0.47999356685073324
positive,0.8070866141732284,0.30415430267062316,0.47999356685073324
positive,0.8070866141732284,0.30460624071322434,0.47999356685073324
positive,0.8070866141732284,0.30505952380952384,0.47999356685073324
positive,0.8070866141732284,0.3055141579731744,0.47999356685073324
positive,0.8070866141732284,0.30597014925373134,0.47999356685073324
positive,0.8070866141732284,0.3064275037369208,0.47999356685073324
positive,0.8031496062992126,0.30538922155688625,0.47999356685073324
positive,0.8031496062992126,0.3058470764617691,0.47999356685073324
positive,0.8031496062992126,0.3063063063063063,0.47999356685073324
positive,0.8031496062992126,0.3067669172932331,0.47999356685073324
positive,0.8031496062992126,0.3072289156626506,0.47999356685073324
positive,0.7992125984251969,0.30618401206636503,0.47999356685073324
positive,0.7992125984251969,0.3066465256797583,0.47999356685073324
positive,0.7992125984251969,0.3071104387291982,0.47999356685073324
positive,0.7992125984251969,0.30757575757575756,0.47999356685073324
positive,0.7992125984251969,0.30804248861911987,0.47999356685073324
positive,0.7992125984251969,0.30851063829787234,0.47999356685073324
positive,0.7992125984251969,0.3089802130898021,0.47999356685073324
positive,0.7992125984251969,0.3094512195121951,0.47999356685073324
positive,0.7992125984251969,0.3099236641221374,0.47999356685073324
positive,0.7992125984251969,0.3103975535168196,0.47999356685073324
positive,0.7992125984251969,0.3108728943338438,0.47999356685073324
positive,0.7992125984251969,0.3113496932515337,0.47999356685073324
positive,0.7992125984251969,0.3118279569892473,0.47999356685073324
positive,0.7992125984251969,0.3123076923076923,0.47999356685073324
positive,0.7992125984251969,0.31278890600924497,0.47999356685073324
positive,0.7992125984251969,0.3132716049382716,0.47999356685073324
positive,0.7992125984251969,0.31375579598145287,0.47999356685073324
positive,0.7992125984251969,0.3142414860681115,0.47999356685073324
positive,0.7992125984251969,0.3147286821705426,0.47999356685073324
positive,0.7992125984251969,0.31521739130434784,0.47999356685073324
positive,0.7992125984251969,0.3157076205287714,0.47999356685073324
positive,0.7992125984251969,0.3161993769470405,0.47999356685073324
positive,0.7992125984251969,0.3166926677067083,0.47999356685073324
positive,0.7992125984251969,0.3171875,0.47999356685073324
positive,0.7992125984251969,0.31768388106416273,0.47999356685073324
positive,0.7992125984251969,0.3181818181818182,0.47999356685073324
positive,0.7992125984251969,0.31868131868131866,0.47999356685073324
positive,0.7992125984251969,0.3191823899371069,0.47999356685073324
positive,0.7992125984251969,0.31968503937007875,0.47999356685073324
positive,0.7992125984251969,0.32018927444794953,0.47999356685073324
positive,0.7952755905511811,0.31911532385466035,0.47999356685073324
positive,0.7952755905511811,0.31962025316455694,0.47999356685073324
positive,0.7913385826771654,0.3185419968304279,0.47999356685073324
positive,0.7913385826771654,0.319047619047619,0.47999356685073324
positive,0.7913385826771654,0.3195548489666137,0.47999356685073324
positive,0.7913385826771654,0.3200636942675159,0.47999356685073324
positive,0.7913385826771654,0.32057416267942584,0.47999356685073324
positive,0.7913385826771654,0.3210862619808307,0.47999356685073324
positive,0.7913385826771654,0.3216,0.47999356685073324
positive,0.7913385826771654,0.32211538461538464,0.47999356685073324
positive,0.7913385826771654,0.32263242375601925,0.47999356685073324
positive,0.7913385826771654,0.32315112540192925,0.47999356685073324
positive,0.7913385826771654,0.32367149758454106,0.47999356685073324
positive,0.7913385826771654,0.3241935483870968,0.47999356685073324
positive,0.7913385826771654,0.3247172859450727,0.47999356685073324
positive,0.7913385826771654,0.32524271844660196,0.47999356685073324
positive,0.7913385826771654,0.32576985413290116,0.47999356685073324
positive,0.7913385826771654,0.3262987012987013,0.47999356685073324
positive,0.7913385826771654,0.32682926829268294,0.47999356685073324
positive,0.7913385826771654,0.3273615635179153,0.47999356685073324
positive,0.7913385826771654,0.3278955954323002,0.47999356685073324
positive,0.7913385826771654,0.3284313725490196,0.47999356685073324
positive,0.7913385826771654,0.32896890343698854,0.47999356685073324
positive,0.7913385826771654,0.3295081967213115,0.47999356685073324
positive,0.7913385826771654,0.33004926108374383,0.47999356685073324
positive,0.7913385826771654,0.3305921052631579,0.47999356685073324
positive,0.7913385826771654,0.3311367380560132,0.47999356685073324
positive,0.7913385826771654,0.3316831683168317,0.47999356685073324
positive,0.7874015748031497,0.3305785123966942,0.47999356685073324
positive,0.7874015748031497,0.33112582781456956,0.47999356685073324
positive,0.7874015748031497,0.33167495854063017,0.47999356685073324
positive,0.7874015748031497,0.33222591362126247,0.47999356685073324
positive,0.7874015748031497,0.33277870216306155,0.47999356685073324
positive,0.7874015748031497,0.3333333333333333,0.47999356685073324
positive,0.7874015748031497,0.333889816360601,0.47999356685073324
positive,0.7874015748031497,0.33444816053511706,0.47999356685073324
positive,0.7874015748031497,0.33500837520938026,0.47999356685073324
positive,0.7834645669291339,0.3338926174496644,0.47999356685073324
positive,0.7834645669291339,0.334453781512605,0.47999356685073324
positive,0.7834645669291339,0.335016835016835,0.47999356685073324
positive,0.7834645669291339,0.33558178752107926,0.47999356685073324
positive,0.7834645669291339,0.33614864864864863,0.47999356685073324
positive,0.7834645669291339,0.33671742808798644,0.47999356685073324
positive,0.7834645669291339,0.33728813559322035,0.47999356685073324
positive,0.7795275590551181,0.3361629881154499,0.47999356685073324
positive,0.7795275590551181,0.336734693877551,0.47999356685073324
positive,0.7795275590551181,0.3373083475298126,0.47999356685073324
positive,0.7795275590551181,0.3378839590443686,0.47999356685073324
positive,0.7755905511811023,0.3367521367521368,0.47999356685073324
positive,0.7716535433070866,0.3356164383561644,0.47999356685073324
positive,0.7716535433070866,0.3361921097770154,0.47999356685073324
positive,0.7716535433070866,0.33676975945017185,0.47999356685073324
positive,0.7716535433070866,0.3373493975903614,0.47999356685073324
positive,0.7716535433070866,0.33793103448275863,0.47999356685073324
positive,0.7716535433070866,0.3385146804835924,0.47999356685073324
positive,0.7716535433070866,0.3391003460207612,0.47999356685073324
positive,0.7716535433070866,0.3396880415944541,0.47999356685073324
positive,0.7716535433070866,0.3402777777777778,0.47999356685073324
positive,0.7716535433070866,0.3408695652173913,0.47999356685073324
positive,0.7716535433070866,0.34146341463414637,0.47999356685073324
positive,0.7716535433070866,0.34205933682373474,0.47999356685073324
positive,0.7716535433070866,0.34265734265734266,0.47999356685073324
positive,0.7716535433070866,0.3432574430823117,0.47999356685073324
positive,0.7677165354330708,0.34210526315789475,0.47999356685073324
positive,0.7637795275590551,0.3409490333919156,0.47999356685073324
positive,0.7637795275590551,0.3415492957746479,0.47999356685073324
positive,0.7637795275590551,0.3421516754850088,0.47999356685073324
positive,0.7637795275590551,0.34275618374558303,0.47999356685073324
positive,0.7598425196850394,0.3415929203539823,0.47999356685073324
positive,0.7559055118110236,0.3404255319148936,0.47999356685073324
positive,0.7559055118110236,0.3410301953818828,0.47999356685073324
positive,0.7559055118110236,0.3416370106761566,0.47999356685073324
positive,0.7559055118110236,0.3422459893048128,0.47999356685073324
positive,0.7519685039370079,0.3410714285714286,0.47999356685073324
positive,0.7519685039370079,0.3416815742397138,0.47999356685073324
positive,0.7519685039370079,0.34229390681003585,0.47999356685073324
positive,0.7519685039370079,0.34290843806104127,0.47999356685073324
positive,0.7519685039370079,0.3435251798561151,0.47999356685073324
positive,0.7480314960629921,0.34234234234234234,0.47999356685073324
positive,0.7480314960629921,0.34296028880866425,0.47999356685073324
positive,0.7480314960629921,0.3435804701627486,0.47999356685073324
positive,0.7480314960629921,0.3442028985507246,0.47999356685073324
positive,0.7480314960629921,0.3448275862068966,0.47999356685073324
positive,0.7440944881889764,0.34363636363636363,0.47999356685073324
positive,0.7440944881889764,0.3442622950819672,0.47999356685073324
positive,0.7440944881889764,0.3448905109489051,0.47999356685073324
positive,0.7440944881889764,0.34552102376599636,0.47999356685073324
positive,0.7440944881889764,0.34615384615384615,0.47999356685073324
positive,0.7440944881889764,0.3467889908256881,0.47999356685073324
positive,0.7440944881889764,0.3474264705882353,0.47999356685073324
positive,0.7401574803149606,0.3462246777163904,0.47999356685073324
positive,0.7401574803149606,0.34686346863468637,0.47999356685073324
positive,0.7362204724409449,0.3456561922365989,0.47999356685073324
positive,0.7362204724409449,0.34629629629629627,0.47999356685073324
positive,0.7322834645669292,0.3450834879406308,0.47999356685073324
positive,0.7322834645669292,0.34572490706319703,0.47999356685073324
positive,0.7322834645669292,0.3463687150837989,0.47999356685073324
positive,0.7283464566929134,0.3451492537313433,0.47999356685073324
positive,0.7244094488188977,0.34392523364485983,0.47999356685073324
positive,0.7204724409448819,0.34269662921348315,0.47999356685073324
positive,0.7204724409448819,0.3433395872420263,0.47999356685073324
positive,0.7165354330708661,0.34210526315789475,0.47999356685073324
positive,0.7165354330708661,0.3427495291902072,0.47999356685073324
positive,0.7165354330708661,0.3433962264150943,0.47999356685073324
positive,0.7165354330708661,0.3440453686200378,0.47999356685073324
positive,0.7165354330708661,0.3446969696969697,0.47999356685073324
positive,0.7165354330708661,0.34535104364326374,0.47999356685073324
positive,0.7165354330708661,0.34600760456273766,0.47999356685073324
positive,0.7165354330708661,0.3466666666666667,0.47999356685073324
positive,0.7165354330708661,0.3473282442748092,0.47999356685073324
positive,0.7165354330708661,0.3479923518164436,0.47999356685073324
positive,0.7165354330708661,0.3486590038314176,0.47999356685073324
positive,0.7165354330708661,0.3493282149712092,0.47999356685073324
positive,0.7165354330708661,0.35,0.47999356685073324
positive,0.7165354330708661,0.35067437379576105,0.47999356685073324
positive,0.7165354330708661,0.35135135135135137,0.47999356685073324
positive,0.7165354330708661,0.3520309477756286,0.47999356685073324
positive,0.7165354330708661,0.35271317829457366,0.47999356685073324
positive,0.7165354330708661,0.3533980582524272,0.47999356685073324
positive,0.7165354330708661,0.3540856031128405,0.47999356685073324
positive,0.7165354330708661,0.35477582846003897,0.47999356685073324
positive,0.7165354330708661,0.35546875,0.47999356685073324
positive,0.7165354330708661,0.3561643835616438,0.47999356685073324
positive,0.7165354330708661,0.3568627450980392,0.47999356685073324
positive,0.7165354330708661,0.3575638506876228,0.47999356685073324
positive,0.7165354330708661,0.35826771653543305,0.47999356685073324
positive,0.7165354330708661,0.358974358974359,0.47999356685073324
positive,0.7125984251968503,0.3577075098814229,0.47999356685073324
positive,0.7125984251968503,0.3584158415841584,0.47999356685073324
positive,0.7125984251968503,0.35912698412698413,0.47999356685073324
positive,0.7086614173228346,0.35785288270377735,0.47999356685073324
positive,0.7047244094488189,0.3565737051792829,0.47999356685073324
positive,0.7047244094488189,0.35728542914171657,0.47999356685073324
positive,0.7047244094488189,0.358,0.47999356685073324
positive,0.7047244094488189,0.3587174348697395,0.47999356685073324
positive,0.7047244094488189,0.35943775100401604,0.47999356685073324
positive,0.7047244094488189,0.36016096579476864,0.47999356685073324
positive,0.7047244094488189,0.36088709677419356,0.47999356685073324
positive,0.7007874015748031,0.3595959595959596,0.47999356685073324
positive,0.7007874015748031,0.3603238866396761,0.47999356685073324
positive,0.6968503937007874,0.359026369168357,0.47999356685073324
positive,0.6968503937007874,0.3597560975609756,0.47999356685073324
positive,0.6968503937007874,0.3604887983706721,0.47999356685073324
positive,0.6968503937007874,0.36122448979591837,0.47999356685073324
positive,0.6968503937007874,0.3619631901840491,0.47999356685073324
positive,0.6968503937007874,0.36270491803278687,0.47999356685073324
positive,0.6968503937007874,0.36344969199178645,0.47999356685073324
positive,0.6929133858267716,0.36213991769547327,0.47999356685073324
positive,0.6889763779527559,0.36082474226804123,0.47999356685073324
positive,0.6850393700787402,0.359504132231405,0.47999356685073324
positive,0.6850393700787402,0.36024844720496896,0.47999356685073324
positive,0.6850393700787402,0.36099585062240663,0.47999356685073324
positive,0.6850393700787402,0.36174636174636177,0.47999356685073324
positive,0.6850393700787402,0.3625,0.47999356685073324
positive,0.6850393700787402,0.36325678496868474,0.47999356685073324
positive,0.6811023622047244,0.3619246861924686,0.47999356685073324
positive,0.6811023622047244,0.36268343815513626,0.47999356685073324
positive,0.6811023622047244,0.3634453781512605,0.47999356685073324
positive,0.6771653543307087,0.36210526315789476,0.47999356685073324
positive,0.6732283464566929,0.36075949367088606,0.47999356685073324
positive,0.6732283464566929,0.36152219873150104,0.47999356685073324
positive,0.6732283464566929,0.3622881355932203,0.47999356685073324
positive,0.6732283464566929,0.3630573248407643,0.47999356685073324
positive,0.6732283464566929,0.3638297872340426,0.47999356685073324
positive,0.6732283464566929,0.3646055437100213,0.47999356685073324
positive,0.6732283464566929,0.36538461538461536,0.47999356685073324
positive,0.6732283464566929,0.36616702355460384,0.47999356685073324
positive,0.6732283464566929,0.3669527896995708,0.47999356685073324
positive,0.6692913385826772,0.3655913978494624,0.47999356685073324
positive,0.6692913385826772,0.36637931034482757,0.47999356685073324
positive,0.6692913385826772,0.367170626349892,0.47999356685073324
positive,0.6692913385826772,0.36796536796536794,0.47999356685073324
positive,0.6653543307086615,0.3665943600867679,0.47999356685073324
positive,0.6653543307086615,0.3673913043478261,0.47999356685073324
positive,0.6614173228346457,0.3660130718954248,0.47999356685073324
positive,0.6614173228346457,0.36681222707423583,0.47999356685073324
positive,0.65748031496063,0.36542669584245074,0.47999356685073324
positive,0.65748031496063,0.36622807017543857,0.47999356685073324
positive,0.65748031496063,0.367032967032967,0.47999356685073324
positive,0.65748031496063,0.36784140969163,0.47999356685073324
positive,0.65748031496063,0.3686534216335541,0.47999356685073324
positive,0.65748031496063,0.3694690265486726,0.47999356685073324
positive,0.65748031496063,0.37028824833702884,0.47999356685073324
positive,0.65748031496063,0.3711111111111111,0.47999356685073324
positive,0.65748031496063,0.37193763919821826,0.47999356685073324
positive,0.65748031496063,0.37276785714285715,0.47999356685073324
positive,0.65748031496063,0.37360178970917224,0.47999356685073324
positive,0.65748031496063,0.3744394618834081,0.47999356685073324
positive,0.65748031496063,0.3752808988764045,0.47999356685073324
positive,0.65748031496063,0.3761261261261261,0.47999356685073324
positive,0.65748031496063,0.37697516930022573,0.47999356685073324
positive,0.65748031496063,0.3778280542986425,0.47999356685073324
positive,0.65748031496063,0.3786848072562358,0.47999356685073324
positive,0.65748031496063,0.3795454545454545,0.47999356685073324
positive,0.65748031496063,0.3804100227790433,0.47999356685073324
positive,0.65748031496063,0.3812785388127854,0.47999356685073324
positive,0.65748031496063,0.38215102974828374,0.47999356685073324
positive,0.65748031496063,0.3830275229357798,0.47999356685073324
positive,0.65748031496063,0.3839080459770115,0.47999356685073324
positive,0.65748031496063,0.3847926267281106,0.47999356685073324
positive,0.65748031496063,0.3856812933025404,0.47999356685073324
positive,0.65748031496063,0.38657407407407407,0.47999356685073324
positive,0.65748031496063,0.3874709976798144,0.47999356685073324
positive,0.65748031496063,0.3883720930232558,0.47999356685073324
positive,0.6535433070866141,0.38694638694638694,0.47999356685073324
positive,0.6535433070866141,0.3878504672897196,0.47999356685073324
positive,0.6535433070866141,0.38875878220140514,0.47999356685073324
positive,0.6535433070866141,0.38967136150234744,0.47999356685073324
positive,0.6535433070866141,0.3905882352941176,0.47999356685073324
positive,0.6535433070866141,0.3915094339622642,0.47999356685073324
positive,0.6496062992125984,0.3900709219858156,0.47999356685073324
positive,0.6496062992125984,0.3909952606635071,0.47999356685073324
positive,0.6496062992125984,0.3919239904988123,0.47999356685073324
positive,0.6496062992125984,0.39285714285714285,0.47999356685073324
positive,0.6496062992125984,0.3937947494033413,0.47999356685073324
positive,0.6496062992125984,0.39473684210526316,0.47999356685073324
positive,0.6496062992125984,0.39568345323741005,0.47999356685073324
positive,0.6496062992125984,0.39663461538461536,0.47999356685073324
positive,0.6496062992125984,0.39759036144578314,0.47999356685073324
positive,0.6496062992125984,0.39855072463768115,0.47999356685073324
positive,0.6496062992125984,0.39951573849878935,0.47999356685073324
positive,0.6456692913385826,0.39805825242718446,0.47999356685073324
positive,0.6456692913385826,0.39902676399026765,0.47999356685073324
positive,0.6417322834645669,0.3975609756097561,0.47999356685073324
positive,0.6417322834645669,0.39853300733496333,0.47999356685073324
positive,0.6377952755905512,0.39705882352941174,0.47999356685073324
positive,0.6338582677165354,0.3955773955773956,0.47999356685073324
positive,0.6338582677165354,0.39655172413793105,0.47999356685073324
positive,0.6338582677165354,0.39753086419753086,0.47999356685073324
positive,0.6338582677165354,0.39851485148514854,0.47999356685073324
positive,0.6299212598425197,0.3970223325062035,0.47999356685073324
positive,0.6259842519685039,0.39552238805970147,0.47999356685073324
positive,0.6259842519685039,0.39650872817955113,0.47999356685073324
positive,0.6259842519685039,0.3975,0.47999356685073324
positive,0.6220472440944882,0.39598997493734334,0.47999356685073324
positive,0.6220472440944882,0.3969849246231156,0.47999356685073324
positive,0.6220472440944882,0.3979848866498741,0.47999356685073324
positive,0.6220472440944882,0.398989898989899,0.47999356685073324
positive,0.6220472440944882,0.4,0.47999356685073324
positive,0.6220472440944882,0.4010152284263959,0.47999356685073324
positive,0.6220472440944882,0.4020356234096692,0.47999356685073324
positive,0.6220472440944882,0.4030612244897959,0.47999356685073324
positive,0.6220472440944882,0.4040920716112532,0.47999356685073324
positive,0.6220472440944882,0.40512820512820513,0.47999356685073324
positive,0.6220472440944882,0.40616966580976865,0.47999356685073324
positive,0.6181102362204725,0.40463917525773196,0.47999356685073324
positive,0.6181102362204725,0.40568475452196384,0.47999356685073324
positive,0.6181102362204725,0.4067357512953368,0.47999356685073324
positive,0.6181102362204725,0.4077922077922078,0.47999356685073324
positive,0.6181102362204725,0.4088541666666667,0.47999356685073324
positive,0.6181102362204725,0.40992167101827676,0.47999356685073324
positive,0.6181102362204725,0.4109947643979058,0.47999356685073324
positive,0.6181102362204725,0.4120734908136483,0.47999356685073324
positive,0.6181102362204725,0.4131578947368421,0.47999356685073324
positive,0.6181102362204725,0.41424802110817943,0.47999356685073324
positive,0.6181102362204725,0.41534391534391535,0.47999356685073324
positive,0.6181102362204725,0.41644562334217505,0.47999356685073324
positive,0.6141732283464567,0.4148936170212766,0.47999356685073324
positive,0.6141732283464567,0.416,0.47999356685073324
positive,0.6141732283464567,0.41711229946524064,0.47999356685073324
positive,0.6141732283464567,0.41823056300268097,0.47999356685073324
positive,0.610236220472441,0.4166666666666667,0.47999356685073324
positive,0.610236220472441,0.41778975741239893,0.47999356685073324
positive,0.610236220472441,0.4189189189189189,0.47999356685073324
positive,0.610236220472441,0.42005420054200543,0.47999356685073324
positive,0.610236220472441,0.421195652173913,0.47999356685073324
positive,0.610236220472441,0.4223433242506812,0.47999356685073324
positive,0.610236220472441,0.42349726775956287,0.47999356685073324
positive,0.6062992125984252,0.42191780821917807,0.47999356685073324
positive,0.6062992125984252,0.4230769230769231,0.47999356685073324
positive,0.6062992125984252,0.42424242424242425,0.47999356685073324
positive,0.6062992125984252,0.425414364640884,0.47999356685073324
positive,0.6062992125984252,0.4265927977839335,0.47999356685073324
positive,0.6062992125984252,0.42777777777777776,0.47999356685073324
positive,0.6062992125984252,0.42896935933147634,0.47999356685073324
positive,0.6023622047244095,0.4273743016759777,0.47999356685073324
positive,0.6023622047244095,0.42857142857142855,0.47999356685073324
positive,0.5984251968503937,0.42696629213483145,0.47999356685073324
positive,0.5984251968503937,0.428169014084507,0.47999356685073324
positive,0.5984251968503937,0.4293785310734463,0.47999356685073324
positive,0.594488188976378,0.42776203966005666,0.47999356685073324
positive,0.594488188976378,0.4289772727272727,0.47999356685073324
positive,0.594488188976378,0.4301994301994302,0.47999356685073324
positive,0.594488188976378,0.43142857142857144,0.47999356685073324
positive,0.594488188976378,0.4326647564469914,0.47999356685073324
positive,0.594488188976378,0.4339080459770115,0.47999356685073324
positive,0.594488188976378,0.43515850144092216,0.47999356685073324
positive,0.594488188976378,0.43641618497109824,0.47999356685073324
positive,0.594488188976378,0.43768115942028984,0.47999356685073324
positive,0.5905511811023622,0.436046511627907,0.47999356685073324
positive,0.5905511811023622,0.43731778425655976,0.47999356685073324
positive,0.5866141732283464,0.43567251461988304,0.47999356685073324
positive,0.5866141732283464,0.436950146627566,0.47999356685073324
positive,0.5866141732283464,0.43823529411764706,0.47999356685073324
positive,0.5826771653543307,0.4365781710914454,0.47999356685073324
positive,0.5787401574803149,0.4349112426035503,0.47999356685073324
positive,0.5787401574803149,0.4362017804154303,0.47999356685073324
positive,0.5787401574803149,0.4375,0.47999356685073324
positive,0.5748031496062992,0.43582089552238806,0.47999356685073324
positive,0.5748031496062992,0.437125748502994,0.47999356685073324
positive,0.5748031496062992,0.43843843843843844,0.47999356685073324
positive,0.5748031496062992,0.4397590361445783,0.47999356685073324
positive,0.5748031496062992,0.44108761329305135,0.47999356685073324
positive,0.5748031496062992,0.44242424242424244,0.47999356685073324
positive,0.5748031496062992,0.44376899696048633,0.47999356685073324
positive,0.5748031496062992,0.4451219512195122,0.47999356685073324
positive,0.5748031496062992,0.44648318042813456,0.47999356685073324
positive,0.5748031496062992,0.44785276073619634,0.47999356685073324
positive,0.5748031496062992,0.4492307692307692,0.47999356685073324
positive,0.5708661417322834,0.44753086419753085,0.47999356685073324
positive,0.5708661417322834,0.44891640866873067,0.47999356685073324
positive,0.5669291338582677,0.4472049689440994,0.47999356685073324
positive,0.5669291338582677,0.4485981308411215,0.47999356685073324
positive,0.5669291338582677,0.45,0.47999356685073324
positive,0.562992125984252,0.4482758620689655,0.47999356685073324
positive,0.562992125984252,0.449685534591195,0.47999356685073324
positive,0.562992125984252,0.45110410094637227,0.47999356685073324
positive,0.5590551181102362,0.44936708860759494,0.47999356685073324
positive,0.5590551181102362,0.4507936507936508,0.47999356685073324
positive,0.5590551181102362,0.45222929936305734,0.47999356685073324
positive,0.5551181102362205,0.4504792332268371,0.47999356685073324
positive,0.5551181102362205,0.4519230769230769,0.47999356685073324
positive,0.5551181102362205,0.4533762057877814,0.47999356685073324
positive,0.5551181102362205,0.45483870967741935,0.47999356685073324
positive,0.5511811023622047,0.45307443365695793,0.47999356685073324
positive,0.5511811023622047,0.45454545454545453,0.47999356685073324
positive,0.5511811023622047,0.4560260586319218,0.47999356685073324
positive,0.547244094488189,0.4542483660130719,0.47999356685073324
positive,0.547244094488189,0.4557377049180328,0.47999356685073324
positive,0.5433070866141733,0.45394736842105265,0.47999356685073324
positive,0.5433070866141733,0.45544554455445546,0.47999356685073324
positive,0.5433070866141733,0.45695364238410596,0.47999356685073324
positive,0.5393700787401575,0.45514950166112955,0.47999356685073324
positive,0.5354330708661418,0.4533333333333333,0.47999356685073324
positive,0.5354330708661418,0.45484949832775917,0.47999356685073324
positive,0.5354330708661418,0.4563758389261745,0.47999356685073324
positive,0.5354330708661418,0.45791245791245794,0.47999356685073324
positive,0.531496062992126,0.4560810810810811,0.47999356685073324
positive,0.531496062992126,0.4576271186440678,0.47999356685073324
positive,0.531496062992126,0.45918367346938777,0.47999356685073324
positive,0.5275590551181102,0.45733788395904434,0.47999356685073324
positive,0.5275590551181102,0.4589041095890411,0.47999356685073324
positive,0.5275590551181102,0.46048109965635736,0.47999356685073324
positive,0.5275590551181102,0.46206896551724136,0.47999356685073324
positive,0.5275590551181102,0.46366782006920415,0.47999356685073324
positive,0.5275590551181102,0.4652777777777778,0.47999356685073324
positive,0.5275590551181102,0.46689895470383275,0.47999356685073324
positive,0.5275590551181102,0.46853146853146854,0.47999356685073324
positive,0.5236220472440944,0.4666666666666667,0.47999356685073324
positive,0.5196850393700787,0.4647887323943662,0.47999356685073324
positive,0.515748031496063,0.4628975265017668,0.47999356685073324
positive,0.5118110236220472,0.46099290780141844,0.47999356685073324
positive,0.5078740157480315,0.45907473309608543,0.47999356685073324
positive,0.5078740157480315,0.4607142857142857,0.47999356685073324
positive,0.5078740157480315,0.46236559139784944,0.47999356685073324
positive,0.5078740157480315,0.46402877697841727,0.47999356685073324
positive,0.5039370078740157,0.4620938628158845,0.47999356685073324
positive,0.5,0.4601449275362319,0.47999356685073324
positive,0.49606299212598426,0.4581818181818182,0.47999356685073324
positive,0.49606299212598426,0.45985401459854014,0.47999356685073324
positive,0.4921259842519685,0.45787545787545786,0.47999356685073324
positive,0.4921259842519685,0.45955882352941174,0.47999356685073324
positive,0.4881889763779528,0.4575645756457565,0.47999356685073324
positive,0.4881889763779528,0.45925925925925926,0.47999356685073324
positive,0.4881889763779528,0.46096654275092935,0.47999356685073324
positive,0.484251968503937,0.458955223880597,0.47999356685073324
positive,0.484251968503937,0.4606741573033708,0.47999356685073324
positive,0.48031496062992124,0.45864661654135336,0.47999356685073324
positive,0.48031496062992124,0.46037735849056605,0.47999356685073324
positive,0.48031496062992124,0.4621212121212121,0.47999356685073324
positive,0.48031496062992124,0.46387832699619774,0.47999356685073324
positive,0.4763779527559055,0.4618320610687023,0.47999356685073324
positive,0.47244094488188976,0.45977011494252873,0.47999356685073324
positive,0.47244094488188976,0.46153846153846156,0.47999356685073324
positive,0.47244094488188976,0.46332046332046334,0.47999356685073324
positive,0.47244094488188976,0.46511627906976744,0.47999356685073324
positive,0.468503937007874,0.46303501945525294,0.47999356685073324
positive,0.4645669291338583,0.4609375,0.47999356685073324
positive,0.4645669291338583,0.4627450980392157,0.47999356685073324
positive,0.46062992125984253,0.46062992125984253,0.47999356685073324
positive,0.46062992125984253,0.4624505928853755,0.47999356685073324
positive,0.46062992125984253,0.4642857142857143,0.47999356685073324
positive,0.4566929133858268,0.46215139442231074,0.47999356685073324
positive,0.4566929133858268,0.464,0.47999356685073324
positive,0.4566929133858268,0.46586345381526106,0.47999356685073324
positive,0.4566929133858268,0.46774193548387094,0.47999356685073324
positive,0.452755905511811,0.46558704453441296,0.47999356685073324
positive,0.44881889763779526,0.4634146341463415,0.47999356685073324
positive,0.4448818897637795,0.46122448979591835,0.47999356685073324
positive,0.4409448818897638,0.45901639344262296,0.47999356685073324
positive,0.4409448818897638,0.4609053497942387,0.47999356685073324
positive,0.4409448818897638,0.4628099173553719,0.47999356685073324
positive,0.4409448818897638,0.46473029045643155,0.47999356685073324
positive,0.4409448818897638,0.4666666666666667,0.47999356685073324
positive,0.4409448818897638,0.4686192468619247,0.47999356685073324
positive,0.4409448818897638,0.47058823529411764,0.47999356685073324
positive,0.4409448818897638,0.47257383966244726,0.47999356685073324
positive,0.43700787401574803,0.4703389830508475,0.47999356685073324
positive,0.43700787401574803,0.4723404255319149,0.47999356685073324
positive,0.43700787401574803,0.47435897435897434,0.47999356685073324
positive,0.43700787401574803,0.47639484978540775,0.47999356685073324
positive,0.4330708661417323,0.47413793103448276,0.47999356685073324
positive,0.4330708661417323,0.47619047619047616,0.47999356685073324
positive,0.42913385826771655,0.47391304347826085,0.47999356685073324
positive,0.42913385826771655,0.4759825327510917,0.47999356685073324
positive,0.42913385826771655,0.4780701754385965,0.47999356685073324
positive,0.42913385826771655,0.4801762114537445,0.47999356685073324
positive,0.42913385826771655,0.4823008849557522,0.47999356685073324
positive,0.42913385826771655,0.48444444444444446,0.47999356685073324
positive,0.42913385826771655,0.48660714285714285,0.47999356685073324
positive,0.42913385826771655,0.48878923766816146,0.47999356685073324
positive,0.42913385826771655,0.49099099099099097,0.47999356685073324
positive,0.42913385826771655,0.49321266968325794,0.47999356685073324
positive,0.42913385826771655,0.4954545454545455,0.47999356685073324
positive,0.42913385826771655,0.4977168949771689,0.47999356685073324
positive,0.4251968503937008,0.4954128440366973,0.47999356685073324
positive,0.421259842519685,0.4930875576036866,0.47999356685073324
positive,0.41732283464566927,0.49074074074074076,0.47999356685073324
positive,0.41732283464566927,0.4930232558139535,0.47999356685073324
positive,0.41338582677165353,0.49065420560747663,0.47999356685073324
positive,0.41338582677165353,0.49295774647887325,0.47999356685073324
positive,0.41338582677165353,0.49528301886792453,0.47999356685073324
positive,0.4094488188976378,0.4928909952606635,0.47999356685073324
positive,0.4094488188976378,0.49523809523809526,0.47999356685073324
positive,0.4094488188976378,0.49760765550239233,0.47999356685073324
positive,0.4094488188976378,0.5,0.47999356685073324
positive,0.4094488188976378,0.5024154589371981,0.47999356685073324
positive,0.4094488188976378,0.5048543689320388,0.47999356685073324
positive,0.40551181102362205,0.5024390243902439,0.47999356685073324
positive,0.4015748031496063,0.5,0.47999356685073324
positive,0.4015748031496063,0.5024630541871922,0.47999356685073324
positive,0.4015748031496063,0.504950495049505,0.47999356685073324
positive,0.39763779527559057,0.5024875621890548,0.47999356685073324
positive,0.39763779527559057,0.505,0.47999356685073324
positive,0.39763779527559057,0.507537688442211,0.47999356685073324
positive,0.39763779527559057,0.51010101010101,0.47999356685073324
positive,0.3937007874015748,0.5076142131979695,0.47999356685073324
positive,0.3937007874015748,0.5102040816326531,0.47999356685073324
positive,0.3937007874015748,0.5128205128205128,0.47999356685073324
positive,0.3937007874015748,0.5154639175257731,0.47999356685073324
positive,0.3937007874015748,0.5181347150259067,0.47999356685073324
positive,0.38976377952755903,0.515625,0.47999356685073324
positive,0.38976377952755903,0.518324607329843,0.47999356685073324
positive,0.38976377952755903,0.5210526315789473,0.47999356685073324
positive,0.38976377952755903,0.5238095238095238,0.47999356685073324
positive,0.38976377952755903,0.526595744680851,0.47999356685073324
positive,0.38976377952755903,0.5294117647058824,0.47999356685073324
positive,0.38976377952755903,0.532258064516129,0.47999356685073324
positive,0.38976377952755903,0.5351351351351351,0.47999356685073324
positive,0.3858267716535433,0.532608695652174,0.47999356685073324
positive,0.38188976377952755,0.5300546448087432,0.47999356685073324
positive,0.38188976377952755,0.532967032967033,0.47999356685073324
positive,0.38188976377952755,0.5359116022099447,0.47999356685073324
positive,0.3779527559055118,0.5333333333333333,0.47999356685073324
positive,0.37401574803149606,0.5307262569832403,0.47999356685073324
positive,0.37401574803149606,0.5337078651685393,0.47999356685073324
positive,0.37401574803149606,0.536723163841808,0.47999356685073324
positive,0.3700787401574803,0.5340909090909091,0.47999356685073324
positive,0.3700787401574803,0.5371428571428571,0.47999356685073324
positive,0.3661417322834646,0.5344827586206896,0.47999356685073324
positive,0.36220472440944884,0.5317919075144508,0.47999356685073324
positive,0.36220472440944884,0.5348837209302325,0.47999356685073324
positive,0.36220472440944884,0.5380116959064327,0.47999356685073324
positive,0.35826771653543305,0.5352941176470588,0.47999356685073324
positive,0.35826771653543305,0.5384615384615384,0.47999356685073324
positive,0.35826771653543305,0.5416666666666666,0.47999356685073324
positive,0.3543307086614173,0.5389221556886228,0.47999356685073324
positive,0.3543307086614173,0.5421686746987951,0.47999356685073324
positive,0.35039370078740156,0.5393939393939394,0.47999356685073324
positive,0.35039370078740156,0.5426829268292683,0.47999356685073324
positive,0.3464566929133858,0.5398773006134969,0.47999356685073324
positive,0.3425196850393701,0.5370370370370371,0.47999356685073324
positive,0.33858267716535434,0.5341614906832298,0.47999356685073324
positive,0.33858267716535434,0.5375,0.47999356685073324
positive,0.33858267716535434,0.5408805031446541,0.47999356685073324
positive,0.3346456692913386,0.5379746835443038,0.47999356685073324
positive,0.33070866141732286,0.535031847133758,0.47999356685073324
positive,0.33070866141732286,0.5384615384615384,0.47999356685073324
positive,0.33070866141732286,0.5419354838709678,0.47999356685073324
positive,0.32677165354330706,0.538961038961039,0.47999356685073324
positive,0.3228346456692913,0.5359477124183006,0.47999356685073324
positive,0.3228346456692913,0.5394736842105263,0.47999356685073324
positive,0.3228346456692913,0.543046357615894,0.47999356685073324
positive,0.3188976377952756,0.54,0.47999356685073324
positive,0.3188976377952756,0.5436241610738255,0.47999356685073324
positive,0.3188976377952756,0.5472972972972973,0.47999356685073324
positive,0.3188976377952756,0.5510204081632653,0.47999356685073324
positive,0.3188976377952756,0.5547945205479452,0.47999356685073324
positive,0.3188976377952756,0.5586206896551724,0.47999356685073324
positive,0.31496062992125984,0.5555555555555556,0.47999356685073324
positive,0.31496062992125984,0.5594405594405595,0.47999356685073324
positive,0.31496062992125984,0.5633802816901409,0.47999356685073324
positive,0.31496062992125984,0.5673758865248227,0.47999356685073324
positive,0.3110236220472441,0.5642857142857143,0.47999356685073324
positive,0.3110236220472441,0.5683453237410072,0.47999356685073324
positive,0.3110236220472441,0.572463768115942,0.47999356685073324
positive,0.3110236220472441,0.5766423357664233,0.47999356685073324
positive,0.3110236220472441,0.5808823529411765,0.47999356685073324
positive,0.30708661417322836,0.5777777777777777,0.47999356685073324
positive,0.30708661417322836,0.582089552238806,0.47999356685073324
positive,0.30708661417322836,0.5864661654135338,0.47999356685073324
positive,0.3031496062992126,0.5833333333333334,0.47999356685073324
positive,0.2992125984251969,0.5801526717557252,0.47999356685073324
positive,0.2992125984251969,0.5846153846153846,0.47999356685073324
positive,0.2992125984251969,0.5891472868217055,0.47999356685073324
positive,0.2952755905511811,0.5859375,0.47999356685073324
positive,0.29133858267716534,0.5826771653543307,0.47999356685073324
positive,0.2874015748031496,0.5793650793650794,0.47999356685073324
positive,0.2874015748031496,0.584,0.47999356685073324
positive,0.2874015748031496,0.5887096774193549,0.47999356685073324
positive,0.28346456692913385,0.5853658536585366,0.47999356685073324
positive,0.28346456692913385,0.5901639344262295,0.47999356685073324
positive,0.2795275590551181,0.5867768595041323,0.47999356685073324
positive,0.2755905511811024,0.5833333333333334,0.47999356685073324
positive,0.2755905511811024,0.5882352941176471,0.47999356685073324
positive,0.27165354330708663,0.5847457627118644,0.47999356685073324
positive,0.2677165354330709,0.5811965811965812,0.47999356685073324
positive,0.2637795275590551,0.5775862068965517,0.47999356685073324
positive,0.25984251968503935,0.5739130434782609,0.47999356685073324
positive,0.2559055118110236,0.5701754385964912,0.47999356685073324
positive,0.2559055118110236,0.5752212389380531,0.47999356685073324
positive,0.2559055118110236,0.5803571428571429,0.47999356685073324
positive,0.2559055118110236,0.5855855855855856,0.47999356685073324
positive,0.25196850393700787,0.5818181818181818,0.47999356685073324
positive,0.25196850393700787,0.5871559633027523,0.47999356685073324
positive,0.25196850393700787,0.5925925925925926,0.47999356685073324
positive,0.25196850393700787,0.5981308411214953,0.47999356685073324
positive,0.25196850393700787,0.6037735849056604,0.47999356685073324
positive,0.25196850393700787,0.6095238095238096,0.47999356685073324
positive,0.24803149606299213,0.6057692307692307,0.47999356685073324
positive,0.24803149606299213,0.6116504854368932,0.47999356685073324
positive,0.2440944881889764,0.6078431372549019,0.47999356685073324
positive,0.24015748031496062,0.6039603960396039,0.47999356685073324
positive,0.23622047244094488,0.6,0.47999356685073324
positive,0.23622047244094488,0.6060606060606061,0.47999356685073324
positive,0.23622047244094488,0.6122448979591837,0.47999356685073324
positive,0.23622047244094488,0.6185567010309279,0.47999356685073324
positive,0.23228346456692914,0.6145833333333334,0.47999356685073324
positive,0.2283464566929134,0.6105263157894737,0.47999356685073324
positive,0.2283464566929134,0.6170212765957447,0.47999356685073324
positive,0.22440944881889763,0.6129032258064516,0.47999356685073324
positive,0.2204724409448819,0.6086956521739131,0.47999356685073324
positive,0.2204724409448819,0.6153846153846154,0.47999356685073324
positive,0.21653543307086615,0.6111111111111112,0.47999356685073324
positive,0.21653543307086615,0.6179775280898876,0.47999356685073324
positive,0.21653543307086615,0.625,0.47999356685073324
positive,0.21653543307086615,0.632183908045977,0.47999356685073324
positive,0.21653543307086615,0.6395348837209303,0.47999356685073324
positive,0.21653543307086615,0.6470588235294118,0.47999356685073324
positive,0.21653543307086615,0.6547619047619048,0.47999356685073324
positive,0.2125984251968504,0.6506024096385542,0.47999356685073324
positive,0.2125984251968504,0.6585365853658537,0.47999356685073324
positive,0.2125984251968504,0.6666666666666666,0.47999356685073324
positive,0.20866141732283464,0.6625,0.47999356685073324
positive,0.20866141732283464,0.6708860759493671,0.47999356685073324
positive,0.2047244094488189,0.6666666666666666,0.47999356685073324
positive,0.20078740157480315,0.6623376623376623,0.47999356685073324
positive,0.1968503937007874,0.6578947368421053,0.47999356685073324
positive,0.19291338582677164,0.6533333333333333,0.47999356685073324
positive,0.19291338582677164,0.6621621621621622,0.47999356685073324
positive,0.19291338582677164,0.6712328767123288,0.47999356685073324
positive,0.19291338582677164,0.6805555555555556,0.47999356685073324
positive,0.1889763779527559,0.676056338028169,0.47999356685073324
positive,0.18503937007874016,0.6714285714285714,0.47999356685073324
positive,0.18110236220472442,0.6666666666666666,0.47999356685073324
positive,0.17716535433070865,0.6617647058823529,0.47999356685073324
positive,0.17716535433070865,0.6716417910447762,0.47999356685073324
positive,0.1732283464566929,0.6666666666666666,0.47999356685073324
positive,0.16929133858267717,0.6615384615384615,0.47999356685073324
positive,0.16929133858267717,0.671875,0.47999356685073324
positive,0.16929133858267717,0.6825396825396826,0.47999356685073324
positive,0.16535433070866143,0.6774193548387096,0.47999356685073324
positive,0.16535433070866143,0.6885245901639344,0.47999356685073324
positive,0.16141732283464566,0.6833333333333333,0.47999356685073324
positive,0.16141732283464566,0.6949152542372882,0.47999356685073324
positive,0.15748031496062992,0.6896551724137931,0.47999356685073324
positive,0.15354330708661418,0.6842105263157895,0.47999356685073324
positive,0.14960629921259844,0.6785714285714286,0.47999356685073324
positive,0.14566929133858267,0.6727272727272727,0.47999356685073324
positive,0.14566929133858267,0.6851851851851852,0.47999356685073324
positive,0.14173228346456693,0.6792452830188679,0.47999356685073324
positive,0.1377952755905512,0.6730769230769231,0.47999356685073324
positive,0.13385826771653545,0.6666666666666666,0.47999356685073324
positive,0.13385826771653545,0.68,0.47999356685073324
positive,0.12992125984251968,0.673469387755102,0.47999356685073324
positive,0.12992125984251968,0.6875,0.47999356685073324
positive,0.12992125984251968,0.7021276595744681,0.47999356685073324
positive,0.12598425196850394,0.6956521739130435,0.47999356685073324
positive,0.1220472440944882,0.6888888888888889,0.47999356685073324
positive,0.11811023622047244,0.6818181818181818,0.47999356685073324
positive,0.11811023622047244,0.6976744186046512,0.47999356685073324
positive,0.1141732283464567,0.6904761904761905,0.47999356685073324
positive,0.11023622047244094,0.6829268292682927,0.47999356685073324
positive,0.1062992125984252,0.675,0.47999356685073324
positive,0.1062992125984252,0.6923076923076923,0.47999356685073324
positive,0.10236220472440945,0.6842105263157895,0.47999356685073324
positive,0.0984251968503937,0.6756756756756757,0.47999356685073324
positive,0.09448818897637795,0.6666666666666666,0.47999356685073324
positive,0.09055118110236221,0.6571428571428571,0.47999356685073324
positive,0.09055118110236221,0.6764705882352942,0.47999356685073324
positive,0.09055118110236221,0.696969696969697,0.47999356685073324
positive,0.09055118110236221,0.71875,0.47999356685073324
positive,0.09055118110236221,0.7419354838709677,0.47999356685073324
positive,0.08661417322834646,0.7333333333333333,0.47999356685073324
positive,0.08267716535433071,0.7241379310344828,0.47999356685073324
positive,0.07874015748031496,0.7142857142857143,0.47999356685073324
positive,0.07480314960629922,0.7037037037037037,0.47999356685073324
positive,0.07480314960629922,0.7307692307692307,0.47999356685073324
positive,0.07480314960629922,0.76,0.47999356685073324
positive,0.07480314960629922,0.7916666666666666,0.47999356685073324
positive,0.07086614173228346,0.782608695652174,0.47999356685073324
positive,0.06692913385826772,0.7727272727272727,0.47999356685073324
positive,0.06299212598425197,0.7619047619047619,0.47999356685073324
positive,0.05905511811023622,0.75,0.47999356685073324
positive,0.05905511811023622,0.7894736842105263,0.47999356685073324
positive,0.05905511811023622,0.8333333333333334,0.47999356685073324
positive,0.05511811023622047,0.8235294117647058,0.47999356685073324
positive,0.051181102362204724,0.8125,0.47999356685073324
positive,0.047244094488188976,0.8,0.47999356685073324
positive,0.047244094488188976,0.8571428571428571,0.47999356685073324
positive,0.04330708661417323,0.8461538461538461,0.47999356685073324
positive,0.03937007874015748,0.8333333333333334,0.47999356685073324
positive,0.03543307086614173,0.8181818181818182,0.47999356685073324
positive,0.031496062992125984,0.8,0.47999356685073324
positive,0.031496062992125984,0.8888888888888888,0.47999356685073324
positive,0.027559055118110236,0.875,0.47999356685073324
positive,0.023622047244094488,0.8571428571428571,0.47999356685073324
positive,0.01968503937007874,0.8333333333333334,0.47999356685073324
positive,0.015748031496062992,0.8,0.47999356685073324
positive,0.015748031496062992,1.0,0.47999356685073324
positive,0.011811023622047244,1.0,0.47999356685073324
positive,0.007874015748031496,1.0,0.47999356685073324
positive,0.003937007874015748,1.0,0.47999356685073324
positive,0.0,1.0,0.47999356685073324
